Attributt;Språk;AttributtVerdi;"Gammel attributtverdi";Sort
Aircraft;Norsk;AW139;AW139;1
Aircraft;Norsk;AW169;AW169;1
Aircraft;Norsk;AW189;AW189;1
Aircraft;Norsk;"Bell 412";"Bell 412";1
Aircraft;Norsk;F-16;F-16;1
Aircraft;Norsk;F-18;F-18;1
Aircraft;Norsk;F-22;F-22;1
Aircraft;Norsk;F-35;F-35;1
Aircraft;Norsk;H135;H135;1
Aircraft;Norsk;H145;H145;1
Aircraft;Norsk;H175;H175;1
Aircraft;Norsk;S-70;S-70;1
Aircraft;Norsk;S-92;S-92;1
Aircraft;Norsk;UH-60M;UH-60M;1
Aircraft;Norsk;UH-60R;UH-60R;1
Antall;Norsk;"1 STK";"1 STK";1
Antall;Norsk;"2 skuffer";"2 skuffer";2
Antall;Norsk;"2+1 skuffer";"2+1 skuffer";2
Antall;Norsk;"25 STK";"25 STK";25
Antall;Norsk;"3 skuffer";"3 skuffer";3
Antall;Norsk;"4 skuffer";"4 skuffer";4
Antall;Norsk;"4 stk lave + 2 stk høye";"4 stk lave + 2 stk høye";1
Antall;Norsk;"5 STK";"5 STK";5
Antall;Norsk;"6 stk lave + 1 stk høy";"6 stk lave + 1 stk høy";1
Bakkbredde;Norsk;100mm;100mm;100
Bakkbredde;Norsk;115mm;115mm;115
Bakkbredde;Norsk;120mm;120mm;120
Bakkbredde;Norsk;125mm;125mm;125
Bakkbredde;Norsk;135mm;135mm;135
Bakkbredde;Norsk;140mm;140mm;140
Bakkbredde;Norsk;150mm;150mm;150
Bakkbredde;Norsk;160mm;160mm;160
Bakkbredde;Norsk;180mm;180mm;180
Batterikapasitet;Norsk;12,0Ah;12,0Ah;120
Batterikapasitet;Norsk;2,0Ah;2,0Ah;10
Batterikapasitet;Norsk;2,5Ah;2,5Ah;15
Batterikapasitet;Norsk;3,0Ah;3,0Ah;20
Batterikapasitet;Norsk;4,0Ah;4,0Ah;40
Batterikapasitet;Norsk;5,0Ah;5,0Ah;50
Batterikapasitet;Norsk;5,5Ah;5,5Ah;55
Batterikapasitet;Norsk;6,0Ah;6,0Ah;60
Batterikapasitet;Norsk;8,0Ah;8,0Ah;80
Batterikapasitet;Norsk;"Uten batteri";"Uten batteri";1
Batterikapasitet;Norsk;"Uten batteri inkl. koffert";"Uten batteri inkl. koffert";5
Bladbredde;Norsk;10mm;10mm;1
Bladbredde;Norsk;13mm;13mm;130
Bladbredde;Norsk;19mm;19mm;190
Bladbredde;Norsk;25mm;25mm;250
Bladbredde;Norsk;"30 mm";"30 mm";300
Bladbredde;Norsk;32mm;32mm;320
Bladbredde;Norsk;"40 mm";"40 mm";400
Bladbredde;Norsk;"50 mm";"50 mm";500
Bladbredde;Norsk;"60 mm";"60 mm";600
Bladbredde;Norsk;6mm;6mm;60
Bladbredde;Norsk;"70 mm";"70 mm";700
Bladbredde;Norsk;"80 mm";"80 mm";800
Bladlengde;Norsk;150mm;150mm;1
Bladlengde;Norsk;230mm;230mm;1
Bladlengde;Norsk;300mm;300mm;1
blogg;Norsk;Aktuelt;Aktuelt;1
blogg;Norsk;Arbeidsklær;Arbeidsklær;1
blogg;Norsk;Bærekraft;Bærekraft;1
blogg;Norsk;elverktøy;elverktøy;1
blogg;Norsk;HDFI;HDFI;1
blogg;Norsk;Inspirasjon;Inspirasjon;2
blogg;Norsk;Oppbevaring;Oppbevaring;1
blogg;Norsk;Referanse;Referanse;1
blogg;Norsk;Verktøy;Verktøy;1
blogg;Norsk;Verktøysett;Verktøysett;1
blogg;Norsk;verktøyvogn;verktøyvogn;1
"Blogg innhold";Norsk;1;1;1
Bredde;Norsk;"100/120mm Orig/Komp";"100/120mm Orig/Komp";99
Bredde;Norsk;100mm;100mm;100
Bredde;Norsk;1020mm;1020mm;1020
Bredde;Norsk;115mm;115mm;115
Bredde;Norsk;120mm;120mm;120
Bredde;Norsk;125mm;125mm;125
Bredde;Norsk;135mm;135mm;135
Bredde;Norsk;140mm;140mm;140
Bredde;Norsk;150mm;150mm;150
Bredde;Norsk;160/180mm;160/180mm;165
Bredde;Norsk;160mm;160mm;160
Bredde;Norsk;180mm;180mm;180
"CoC inkludert";Norsk;Ja;Ja;2
"CoC inkludert";Norsk;Nei;Nei;1
Diameter;Norsk;12,4mm;12,4mm;20
Diameter;Norsk;"125mm / 5""";"125mm / 5""";30
Diameter;Norsk;"230mm / 9""";"230mm / 9""";40
Diameter;Norsk;"4 (1/8"")";"4 (1/8"")";4
Diameter;Norsk;"5 (5/32"")";"5 (5/32"")";5
Diameter;Norsk;6,3mm;6,3mm;10
Diameter;Norsk;Ø=100;Ø=100;100
Diameter;Norsk;Ø=102;Ø=102;102
Diameter;Norsk;Ø=112;Ø=112;112
Diameter;Norsk;Ø=127;Ø=127;127
Diameter;Norsk;Ø=138;Ø=138;138
Diameter;Norsk;Ø=142;Ø=142;142
Diameter;Norsk;Ø=152;Ø=152;152
Diameter;Norsk;Ø=182;Ø=182;182
Diameter;Norsk;Ø=186;Ø=186;186
Diameter;Norsk;Ø=202;Ø=202;202
Diameter;Norsk;Ø=22;Ø=22;22
Diameter;Norsk;Ø=225;Ø=225;225
Diameter;Norsk;Ø=250;Ø=250;250
Diameter;Norsk;Ø=27;Ø=27;27
Diameter;Norsk;Ø=30;Ø=30;30
Diameter;Norsk;Ø=300;Ø=300;300
Diameter;Norsk;Ø=32;Ø=32;32
Diameter;Norsk;Ø=35;Ø=35;35
Diameter;Norsk;Ø=350;Ø=350;350
Diameter;Norsk;Ø=370;Ø=370;370
Diameter;Norsk;Ø=40;Ø=40;40
Diameter;Norsk;Ø=400;Ø=400;400
Diameter;Norsk;Ø=425;Ø=425;425
Diameter;Norsk;Ø=50;Ø=50;50
Diameter;Norsk;Ø=50:40;Ø=50:40;52
Diameter;Norsk;Ø=500;Ø=500;500
Diameter;Norsk;Ø=52;Ø=52;52
Diameter;Norsk;Ø=60;Ø=60;60
Diameter;Norsk;Ø=62;Ø=62;62
Diameter;Norsk;Ø=80;Ø=80;80
Diameter;Norsk;Ø=82;Ø=82;82
Diameter;Norsk;Ø=92;Ø=92;92
Dybde;Norsk;540mm;540mm;540
"Dybde bunn";Norsk;"102 mm";"102 mm";1
"Dybde bunn";Norsk;"147 mm";"147 mm";1
"Dybde bunn";Norsk;"165 mm";"165 mm";1
"Dybde bunn";Norsk;"25 mm";"25 mm";1
"Dybde bunn";Norsk;"267 mm";"267 mm";1
"Dybde bunn";Norsk;"291 mm";"291 mm";1
"Dybde bunn";Norsk;"302 mm";"302 mm";1
"Dybde bunn";Norsk;"308 mm";"308 mm";1
"Dybde bunn";Norsk;"356 mm";"356 mm";1
"Dybde bunn";Norsk;"368 mm";"368 mm";1
"Dybde bunn";Norsk;"37 mm";"37 mm";1
"Dybde bunn";Norsk;"483 mm";"483 mm";1
"Dybde bunn";Norsk;"61 mm";"61 mm";1
"Dybde bunn";Norsk;"70 mm";"70 mm";1
"Dybde bunn";Norsk;"89 mm";"89 mm";1
"Dybde lokk";Norsk;"11 mm";"11 mm";1
"Dybde lokk";Norsk;"114 mm";"114 mm";1
"Dybde lokk";Norsk;"125 mm";"125 mm";1
"Dybde lokk";Norsk;"127 mm";"127 mm";1
"Dybde lokk";Norsk;"13 mm";"13 mm";1
"Dybde lokk";Norsk;"18 mm";"18 mm";1
"Dybde lokk";Norsk;"19 mm";"19 mm";1
"Dybde lokk";Norsk;"193 mm";"193 mm";1
"Dybde lokk";Norsk;"25 mm";"25 mm";1
"Dybde lokk";Norsk;"27 mm";"27 mm";1
"Dybde lokk";Norsk;"30 mm";"30 mm";1
"Dybde lokk";Norsk;"37 mm";"37 mm";1
"Dybde lokk";Norsk;"38 mm";"38 mm";1
"Dybde lokk";Norsk;"44 mm";"44 mm";1
"Dybde lokk";Norsk;"45 mm";"45 mm";1
"Dybde lokk";Norsk;"46 mm";"46 mm";1
"Dybde lokk";Norsk;"50 mm";"50 mm";1
"Dybde lokk";Norsk;"51 mm";"51 mm";1
"Dybde lokk";Norsk;"52 mm";"52 mm";1
"Dybde lokk";Norsk;"64 mm";"64 mm";1
"Dybde lokk";Norsk;"65 mm";"65 mm";1
"Dybde lokk";Norsk;"81 mm";"81 mm";1
"Dybde lokk";Norsk;"83 mm";"83 mm";1
"Dybde lokk - bunn";Norsk;"50 + 140 mm / 1.97 + 5.51 inch";"50 + 140 mm / 1.97 + 5.51 inch";1
EAN;Norsk;3148510271507;3148510271507;1
EAN;Norsk;3148510271606;3148510271606;1
EAN;Norsk;3148510271705;3148510271705;1
EAN;Norsk;3148510271804;3148510271804;1
EAN;Norsk;3148510273938;3148510273938;1
EAN;Norsk;3148510273952;3148510273952;1
EAN;Norsk;3148510273969;3148510273969;1
EAN;Norsk;3148510273976;3148510273976;1
EAN;Norsk;3148510274027;3148510274027;1
EAN;Norsk;3148510274034;3148510274034;1
EAN;Norsk;3148510274508;3148510274508;1
EAN;Norsk;3148510274607;3148510274607;1
EAN;Norsk;3148510274706;3148510274706;1
EAN;Norsk;3148510279022;3148510279022;1
EAN;Norsk;3148510279046;3148510279046;1
EAN;Norsk;3148510279060;3148510279060;1
EAN;Norsk;3148510279084;3148510279084;1
EAN;Norsk;3148510279107;3148510279107;1
EAN;Norsk;3148510279121;3148510279121;1
EAN;Norsk;3148510279145;3148510279145;1
EAN;Norsk;3148510282466;3148510282466;1
EAN;Norsk;3148510282510;3148510282510;1
EAN;Norsk;3148510282718;3148510282718;1
EAN;Norsk;3148510282916;3148510282916;1
EAN;Norsk;3148510283111;3148510283111;1
EAN;Norsk;3148510283319;3148510283319;1
EAN;Norsk;3148510283517;3148510283517;1
EAN;Norsk;3148510283715;3148510283715;1
EAN;Norsk;3148510283913;3148510283913;1
EAN;Norsk;3148510284118;3148510284118;1
EAN;Norsk;3148510289458;3148510289458;1
EAN;Norsk;3148510525907;3148510525907;1
EAN;Norsk;3148510535500;3148510535500;1
EAN;Norsk;3148510535906;3148510535906;1
EAN;Norsk;3148510536101;3148510536101;1
EAN;Norsk;3148510536606;3148510536606;1
EAN;Norsk;3148510540801;3148510540801;1
EAN;Norsk;3148510541204;3148510541204;1
EAN;Norsk;3148510541402;3148510541402;1
EAN;Norsk;3148516556813;3148516556813;1
EAN;Norsk;3148517332980;3148517332980;1
EAN;Norsk;3148519036640;3148519036640;1
EAN;Norsk;3148519036725;3148519036725;1
EAN;Norsk;3148519041736;3148519041736;1
EAN;Norsk;4000896024018;4000896024018;1
EAN;Norsk;4000896031955;4000896031955;1
EAN;Norsk;4000896036615;4000896036615;1
EAN;Norsk;4000896036981;4000896036981;1
EAN;Norsk;4000896037025;4000896037025;1
EAN;Norsk;4000896037551;4000896037551;1
EAN;Norsk;4000896040377;4000896040377;1
EAN;Norsk;4000896041954;4000896041954;1
EAN;Norsk;4000896047451;4000896047451;1
EAN;Norsk;4000896051694;4000896051694;1
EAN;Norsk;4000896165605;4000896165605;1
EAN;Norsk;4013288007940;4013288007940;1
EAN;Norsk;4013288007971;4013288007971;1
EAN;Norsk;4013288007988;4013288007988;1
EAN;Norsk;4013288038371;4013288038371;1
EAN;Norsk;4013288038388;4013288038388;1
EAN;Norsk;4013288120083;4013288120083;1
EAN;Norsk;4013288120106;4013288120106;1
EAN;Norsk;4013288120113;4013288120113;1
EAN;Norsk;4013288120137;4013288120137;1
EAN;Norsk;4013288120144;4013288120144;1
EAN;Norsk;4013288120168;4013288120168;1
EAN;Norsk;4013288120175;4013288120175;1
EAN;Norsk;4013288120182;4013288120182;1
EAN;Norsk;4013288120199;4013288120199;1
EAN;Norsk;4013288120205;4013288120205;1
EAN;Norsk;4013288121035;4013288121035;1
EAN;Norsk;4013288121042;4013288121042;1
EAN;Norsk;4013288121059;4013288121059;1
EAN;Norsk;4013288121066;4013288121066;1
EAN;Norsk;4013288121073;4013288121073;1
EAN;Norsk;4013288121301;4013288121301;1
EAN;Norsk;4013288121318;4013288121318;1
EAN;Norsk;4013288121325;4013288121325;1
EAN;Norsk;4013288121455;4013288121455;1
EAN;Norsk;4013288121462;4013288121462;1
EAN;Norsk;4013288121493;4013288121493;1
EAN;Norsk;4013288121509;4013288121509;1
EAN;Norsk;4013288128034;4013288128034;1
EAN;Norsk;4013288128041;4013288128041;1
EAN;Norsk;4013288128058;4013288128058;1
EAN;Norsk;4013288139115;4013288139115;1
EAN;Norsk;4013288144638;4013288144638;1
EAN;Norsk;4013288173003;4013288173003;1
EAN;Norsk;4013288173836;4013288173836;1
EAN;Norsk;4013288173874;4013288173874;1
EAN;Norsk;4013288173881;4013288173881;1
EAN;Norsk;4013288173911;4013288173911;1
EAN;Norsk;4013288173928;4013288173928;1
EAN;Norsk;4013288174000;4013288174000;1
EAN;Norsk;4013288174024;4013288174024;1
EAN;Norsk;4013288174048;4013288174048;1
EAN;Norsk;4013288174062;4013288174062;1
EAN;Norsk;4013288182159;4013288182159;1
EAN;Norsk;4013288183200;4013288183200;1
EAN;Norsk;4013288183521;4013288183521;1
EAN;Norsk;4013288184214;4013288184214;1
EAN;Norsk;4013288184320;4013288184320;1
EAN;Norsk;4013288190758;4013288190758;1
EAN;Norsk;4013288190765;4013288190765;1
EAN;Norsk;4013288190772;4013288190772;1
EAN;Norsk;4013288190963;4013288190963;1
EAN;Norsk;4013288190970;4013288190970;1
EAN;Norsk;4013288190987;4013288190987;1
EAN;Norsk;4020772041038;4020772041038;1
EAN;Norsk;4045454571665;4045454571665;1
EAN;Norsk;5020385050853;5020385050853;1
EAN;Norsk;5020385083059;5020385083059;1
EAN;Norsk;5020385131163;5020385131163;1
EAN;Norsk;5020385132214;5020385132214;1
EAN;Norsk;5020385133457;5020385133457;1
EAN;Norsk;5020385138841;5020385138841;1
EAN;Norsk;5020385139725;5020385139725;1
EAN;Norsk;7043811234564;7043811234564;1
EAN;Norsk;7072213130198;7072213130198;1
EAN;Norsk;7311662100353;7311662100353;1
EAN;Norsk;7311662440022;7311662440022;1
EAN;Norsk;7311665307018;7311665307018;1
EAN;Norsk;7314150104000;7314150104000;1
EAN;Norsk;7314150165728;7314150165728;1
EAN;Norsk;7314150166053;7314150166053;1
EAN;Norsk;7314150195022;7314150195022;1
EAN;Norsk;7314150260188;7314150260188;1
EAN;Norsk;7314150339501;7314150339501;1
EAN;Norsk;7314150386215;7314150386215;1
EAN;Norsk;7314150469246;7314150469246;1
EAN;Norsk;7314150470884;7314150470884;1
EAN;Norsk;7314150471027;7314150471027;1
EAN;Norsk;7314151098568;7314151098568;1
EAN;Norsk;7314151106829;7314151106829;1
EAN;Norsk;7314151757229;7314151757229;1
EAN;Norsk;7314151757496;7314151757496;1
EAN;Norsk;7314151757571;7314151757571;1
EAN;Norsk;7314151757656;7314151757656;1
EAN;Norsk;7314151757731;7314151757731;1
EAN;Norsk;7314151820435;7314151820435;1
EAN;Norsk;7314151820442;7314151820442;1
EAN;Norsk;7314151820459;7314151820459;1
EAN;Norsk;7314151820466;7314151820466;1
EAN;Norsk;7314151820473;7314151820473;1
EAN;Norsk;7314151849290;7314151849290;1
EAN;Norsk;7314153006271;7314153006271;1
EAN;Norsk;7314153006288;7314153006288;1
EAN;Norsk;7314153006295;7314153006295;1
EAN;Norsk;7314153006301;7314153006301;1
EAN;Norsk;7314153006318;7314153006318;1
EAN;Norsk;7314153006325;7314153006325;1
EAN;Norsk;7314153006332;7314153006332;1
EAN;Norsk;7314153006349;7314153006349;1
EAN;Norsk;8413345115353;8413345115353;1
EAN;Norsk;9315939034103;9315939034103;1
EAN;Norsk;9315939034127;9315939034127;1
EAN;Norsk;9315939083460;9315939083460;1
EAN;Norsk;9315939101157;9315939101157;1
EAN;Norsk;9315939101812;9315939101812;1
EAN;Norsk;9315939101904;9315939101904;1
EAN;Norsk;9315939101911;9315939101911;1
EAN;Norsk;9315939103557;9315939103557;1
EAN;Norsk;9315939106503;9315939106503;1
EAN;Norsk;9315939112009;9315939112009;1
EAN;Norsk;9315939112030;9315939112030;1
EAN;Norsk;9315939112061;9315939112061;1
EAN;Norsk;9315939112092;9315939112092;1
EAN;Norsk;9315939112108;9315939112108;1
EAN;Norsk;9315939112146;9315939112146;1
EAN;Norsk;9315939112153;9315939112153;1
EAN;Norsk;9315939112160;9315939112160;1
EAN;Norsk;9315939112184;9315939112184;1
EAN;Norsk;9315939112191;9315939112191;1
EAN;Norsk;9315939112207;9315939112207;1
EAN;Norsk;9315939112214;9315939112214;1
EAN;Norsk;9315939112269;9315939112269;1
EAN;Norsk;9315939112276;9315939112276;1
EAN;Norsk;9315939112283;9315939112283;1
EAN;Norsk;9315939112290;9315939112290;1
EAN;Norsk;9315939112306;9315939112306;1
EAN;Norsk;9315939112313;9315939112313;1
EAN;Norsk;9315939112320;9315939112320;1
EAN;Norsk;9315939112337;9315939112337;1
EAN;Norsk;9315939112344;9315939112344;1
EAN;Norsk;9315939112351;9315939112351;1
EAN;Norsk;9315939112368;9315939112368;1
EAN;Norsk;9315939112375;9315939112375;1
EAN;Norsk;9315939112382;9315939112382;1
EAN;Norsk;9315939112399;9315939112399;1
EAN;Norsk;9315939112405;9315939112405;1
EAN;Norsk;9315939112412;9315939112412;1
EAN;Norsk;9315939112429;9315939112429;1
EAN;Norsk;9315939112559;9315939112559;1
EAN;Norsk;9315939112566;9315939112566;1
EAN;Norsk;9315939112573;9315939112573;1
EAN;Norsk;9315939112580;9315939112580;1
EAN;Norsk;9315939112597;9315939112597;1
EAN;Norsk;9315939112603;9315939112603;1
EAN;Norsk;9315939112610;9315939112610;1
EAN;Norsk;9315939112627;9315939112627;1
EAN;Norsk;9315939112634;9315939112634;1
EAN;Norsk;9315939112641;9315939112641;1
EAN;Norsk;9315939112665;9315939112665;1
EAN;Norsk;9315939112672;9315939112672;1
EAN;Norsk;9315939112689;9315939112689;1
EAN;Norsk;9315939112696;9315939112696;1
EAN;Norsk;9315939112702;9315939112702;1
EAN;Norsk;9315939112719;9315939112719;1
EAN;Norsk;9315939112726;9315939112726;1
EAN;Norsk;9315939112733;9315939112733;1
EAN;Norsk;9315939112740;9315939112740;1
EAN;Norsk;9315939112757;9315939112757;1
EAN;Norsk;9315939112764;9315939112764;1
EAN;Norsk;9315939112771;9315939112771;1
EAN;Norsk;9315939112788;9315939112788;1
EAN;Norsk;9315939112795;9315939112795;1
EAN;Norsk;9315939112801;9315939112801;1
EAN;Norsk;9315939112818;9315939112818;1
EAN;Norsk;9315939112825;9315939112825;1
EAN;Norsk;9315939112856;9315939112856;1
EAN;Norsk;9315939112863;9315939112863;1
EAN;Norsk;9315939112870;9315939112870;1
EAN;Norsk;9315939112887;9315939112887;1
EAN;Norsk;9315939112894;9315939112894;1
EAN;Norsk;9315939112900;9315939112900;1
EAN;Norsk;9315939112917;9315939112917;1
EAN;Norsk;9315939112924;9315939112924;1
EAN;Norsk;9315939112931;9315939112931;1
EAN;Norsk;9315939112948;9315939112948;1
EAN;Norsk;9315939113013;9315939113013;1
EAN;Norsk;9315939113051;9315939113051;1
EAN;Norsk;9315939113068;9315939113068;1
EAN;Norsk;9315939113082;9315939113082;1
EAN;Norsk;9315939113099;9315939113099;1
EAN;Norsk;9315939113105;9315939113105;1
EAN;Norsk;9315939113112;9315939113112;1
EAN;Norsk;9315939113129;9315939113129;1
EAN;Norsk;9315939113150;9315939113150;1
EAN;Norsk;9315939113167;9315939113167;1
EAN;Norsk;9315939113181;9315939113181;1
EAN;Norsk;9315939113204;9315939113204;1
EAN;Norsk;9315939113211;9315939113211;1
EAN;Norsk;9315939113228;9315939113228;1
EAN;Norsk;9315939113235;9315939113235;1
EAN;Norsk;9315939113259;9315939113259;1
EAN;Norsk;9315939113266;9315939113266;1
EAN;Norsk;9315939113273;9315939113273;1
EAN;Norsk;9315939113280;9315939113280;1
EAN;Norsk;9315939113297;9315939113297;1
EAN;Norsk;9315939113303;9315939113303;1
EAN;Norsk;9315939113334;9315939113334;1
EAN;Norsk;9315939113341;9315939113341;1
EAN;Norsk;9315939113358;9315939113358;1
EAN;Norsk;9315939113365;9315939113365;1
EAN;Norsk;9315939113389;9315939113389;1
EAN;Norsk;9315939113396;9315939113396;1
EAN;Norsk;9315939113402;9315939113402;1
EAN;Norsk;9315939113419;9315939113419;1
EAN;Norsk;9315939113426;9315939113426;1
EAN;Norsk;9315939113433;9315939113433;1
EAN;Norsk;9315939113440;9315939113440;1
EAN;Norsk;9315939113457;9315939113457;1
EAN;Norsk;9315939113464;9315939113464;1
EAN;Norsk;9315939113471;9315939113471;1
EAN;Norsk;9315939113488;9315939113488;1
EAN;Norsk;9315939113495;9315939113495;1
EAN;Norsk;9315939113501;9315939113501;1
EAN;Norsk;9315939113518;9315939113518;1
EAN;Norsk;9315939113525;9315939113525;1
EAN;Norsk;9315939113532;9315939113532;1
EAN;Norsk;9315939113549;9315939113549;1
EAN;Norsk;9315939113556;9315939113556;1
EAN;Norsk;9315939113563;9315939113563;1
EAN;Norsk;9315939113570;9315939113570;1
EAN;Norsk;9315939113587;9315939113587;1
EAN;Norsk;9315939113594;9315939113594;1
EAN;Norsk;9315939113600;9315939113600;1
EAN;Norsk;9315939113617;9315939113617;1
EAN;Norsk;9315939113624;9315939113624;1
EAN;Norsk;9315939113631;9315939113631;1
EAN;Norsk;9315939113648;9315939113648;1
EAN;Norsk;9315939113709;9315939113709;1
EAN;Norsk;9315939113716;9315939113716;1
EAN;Norsk;9315939113723;9315939113723;1
EAN;Norsk;9315939113730;9315939113730;1
EAN;Norsk;9315939113747;9315939113747;1
EAN;Norsk;9315939113754;9315939113754;1
EAN;Norsk;9315939113761;9315939113761;1
EAN;Norsk;9315939113778;9315939113778;1
EAN;Norsk;9315939113785;9315939113785;1
EAN;Norsk;9315939113792;9315939113792;1
EAN;Norsk;9315939113808;9315939113808;1
EAN;Norsk;9315939113815;9315939113815;1
EAN;Norsk;9315939113822;9315939113822;1
EAN;Norsk;9315939113839;9315939113839;1
EAN;Norsk;9315939113846;9315939113846;1
EAN;Norsk;9315939113853;9315939113853;1
EAN;Norsk;9315939113860;9315939113860;1
EAN;Norsk;9315939113877;9315939113877;1
EAN;Norsk;9315939113884;9315939113884;1
EAN;Norsk;9315939113891;9315939113891;1
EAN;Norsk;9315939113907;9315939113907;1
EAN;Norsk;9315939113914;9315939113914;1
EAN;Norsk;9315939113921;9315939113921;1
EAN;Norsk;9315939113938;9315939113938;1
EAN;Norsk;9315939113945;9315939113945;1
EAN;Norsk;9315939113952;9315939113952;1
EAN;Norsk;9315939113969;9315939113969;1
EAN;Norsk;9315939113976;9315939113976;1
EAN;Norsk;9315939113983;9315939113983;1
EAN;Norsk;9315939113990;9315939113990;1
EAN;Norsk;9315939114003;9315939114003;1
EAN;Norsk;9315939114010;9315939114010;1
EAN;Norsk;9315939114386;9315939114386;1
EAN;Norsk;9315939114393;9315939114393;1
EAN;Norsk;9315939114409;9315939114409;1
EAN;Norsk;9315939114416;9315939114416;1
EAN;Norsk;9315939114423;9315939114423;1
EAN;Norsk;9315939114430;9315939114430;1
EAN;Norsk;9315939114447;9315939114447;1
EAN;Norsk;9315939114454;9315939114454;1
EAN;Norsk;9315939114461;9315939114461;1
EAN;Norsk;9315939114478;9315939114478;1
EAN;Norsk;9315939114485;9315939114485;1
EAN;Norsk;9315939114492;9315939114492;1
EAN;Norsk;9315939114508;9315939114508;1
EAN;Norsk;9315939114515;9315939114515;1
EAN;Norsk;9315939114522;9315939114522;1
EAN;Norsk;9315939114539;9315939114539;1
EAN;Norsk;9315939114546;9315939114546;1
EAN;Norsk;9315939114553;9315939114553;1
EAN;Norsk;9315939114560;9315939114560;1
EAN;Norsk;9315939114577;9315939114577;1
EAN;Norsk;9315939114584;9315939114584;1
EAN;Norsk;9315939114591;9315939114591;1
EAN;Norsk;9315939114607;9315939114607;1
EAN;Norsk;9315939114614;9315939114614;1
EAN;Norsk;9315939114621;9315939114621;1
EAN;Norsk;9315939114638;9315939114638;1
EAN;Norsk;9315939114645;9315939114645;1
EAN;Norsk;9315939114652;9315939114652;1
EAN;Norsk;9315939114669;9315939114669;1
EAN;Norsk;9315939114683;9315939114683;1
EAN;Norsk;9315939114706;9315939114706;1
EAN;Norsk;9315939114713;9315939114713;1
EAN;Norsk;9315939114720;9315939114720;1
EAN;Norsk;9315939114737;9315939114737;1
EAN;Norsk;9315939114744;9315939114744;1
EAN;Norsk;9315939114751;9315939114751;1
EAN;Norsk;9315939114768;9315939114768;1
EAN;Norsk;9315939114775;9315939114775;1
EAN;Norsk;9315939114782;9315939114782;1
EAN;Norsk;9315939114799;9315939114799;1
EAN;Norsk;9315939114805;9315939114805;1
EAN;Norsk;9315939114812;9315939114812;1
EAN;Norsk;9315939114829;9315939114829;1
EAN;Norsk;9315939114836;9315939114836;1
EAN;Norsk;9315939114843;9315939114843;1
EAN;Norsk;9315939114850;9315939114850;1
EAN;Norsk;9315939114874;9315939114874;1
EAN;Norsk;9315939114881;9315939114881;1
EAN;Norsk;9315939114898;9315939114898;1
EAN;Norsk;9315939114904;9315939114904;1
EAN;Norsk;9315939114911;9315939114911;1
EAN;Norsk;9315939114928;9315939114928;1
EAN;Norsk;9315939114942;9315939114942;1
EAN;Norsk;9315939114959;9315939114959;1
EAN;Norsk;9315939114966;9315939114966;1
EAN;Norsk;9315939114973;9315939114973;1
EAN;Norsk;9315939114980;9315939114980;1
EAN;Norsk;9315939114997;9315939114997;1
EAN;Norsk;9315939115000;9315939115000;1
EAN;Norsk;9315939115017;9315939115017;1
EAN;Norsk;9315939115024;9315939115024;1
EAN;Norsk;9315939115031;9315939115031;1
EAN;Norsk;9315939115048;9315939115048;1
EAN;Norsk;9315939115055;9315939115055;1
EAN;Norsk;9315939115062;9315939115062;1
EAN;Norsk;9315939115079;9315939115079;1
EAN;Norsk;9315939115086;9315939115086;1
EAN;Norsk;9315939115093;9315939115093;1
EAN;Norsk;9315939115109;9315939115109;1
EAN;Norsk;9315939115116;9315939115116;1
EAN;Norsk;9315939115123;9315939115123;1
EAN;Norsk;9315939115130;9315939115130;1
EAN;Norsk;9315939115147;9315939115147;1
EAN;Norsk;9315939115154;9315939115154;1
EAN;Norsk;9315939115161;9315939115161;1
EAN;Norsk;9315939115178;9315939115178;1
EAN;Norsk;9315939115185;9315939115185;1
EAN;Norsk;9315939115192;9315939115192;1
EAN;Norsk;9315939115208;9315939115208;1
EAN;Norsk;9315939115215;9315939115215;1
EAN;Norsk;9315939115222;9315939115222;1
EAN;Norsk;9315939115239;9315939115239;1
EAN;Norsk;9315939115246;9315939115246;1
EAN;Norsk;9315939115253;9315939115253;1
EAN;Norsk;9315939115260;9315939115260;1
EAN;Norsk;9315939115277;9315939115277;1
EAN;Norsk;9315939115284;9315939115284;1
EAN;Norsk;9315939115291;9315939115291;1
EAN;Norsk;9315939115307;9315939115307;1
EAN;Norsk;9315939115314;9315939115314;1
EAN;Norsk;9315939115321;9315939115321;1
EAN;Norsk;9315939115338;9315939115338;1
EAN;Norsk;9315939115345;9315939115345;1
EAN;Norsk;9315939115352;9315939115352;1
EAN;Norsk;9315939115369;9315939115369;1
EAN;Norsk;9315939115376;9315939115376;1
EAN;Norsk;9315939115383;9315939115383;1
EAN;Norsk;9315939115390;9315939115390;1
EAN;Norsk;9315939115406;9315939115406;1
EAN;Norsk;9315939115413;9315939115413;1
EAN;Norsk;9315939115420;9315939115420;1
EAN;Norsk;9315939115437;9315939115437;1
EAN;Norsk;9315939115444;9315939115444;1
EAN;Norsk;9315939115451;9315939115451;1
EAN;Norsk;9315939115468;9315939115468;1
EAN;Norsk;9315939115475;9315939115475;1
EAN;Norsk;9315939115482;9315939115482;1
EAN;Norsk;9315939115499;9315939115499;1
EAN;Norsk;9315939115505;9315939115505;1
EAN;Norsk;9315939115512;9315939115512;1
EAN;Norsk;9315939115529;9315939115529;1
EAN;Norsk;9315939115536;9315939115536;1
EAN;Norsk;9315939115543;9315939115543;1
EAN;Norsk;9315939115550;9315939115550;1
EAN;Norsk;9315939115567;9315939115567;1
EAN;Norsk;9315939115574;9315939115574;1
EAN;Norsk;9315939115581;9315939115581;1
EAN;Norsk;9315939115598;9315939115598;1
EAN;Norsk;9315939115604;9315939115604;1
EAN;Norsk;9315939115611;9315939115611;1
EAN;Norsk;9315939115628;9315939115628;1
EAN;Norsk;9315939115635;9315939115635;1
EAN;Norsk;9315939115642;9315939115642;1
EAN;Norsk;9315939115659;9315939115659;1
EAN;Norsk;9315939115666;9315939115666;1
EAN;Norsk;9315939115673;9315939115673;1
EAN;Norsk;9315939115680;9315939115680;1
EAN;Norsk;9315939115697;9315939115697;1
EAN;Norsk;9315939115703;9315939115703;1
EAN;Norsk;9315939115710;9315939115710;1
EAN;Norsk;9315939115727;9315939115727;1
EAN;Norsk;9315939115734;9315939115734;1
EAN;Norsk;9315939115741;9315939115741;1
EAN;Norsk;9315939115758;9315939115758;1
EAN;Norsk;9315939115765;9315939115765;1
EAN;Norsk;9315939115772;9315939115772;1
EAN;Norsk;9315939115789;9315939115789;1
EAN;Norsk;9315939115796;9315939115796;1
EAN;Norsk;9315939116007;9315939116007;1
EAN;Norsk;9315939116014;9315939116014;1
EAN;Norsk;9315939116021;9315939116021;1
EAN;Norsk;9315939116038;9315939116038;1
EAN;Norsk;9315939116045;9315939116045;1
EAN;Norsk;9315939116052;9315939116052;1
EAN;Norsk;9315939116069;9315939116069;1
EAN;Norsk;9315939116076;9315939116076;1
EAN;Norsk;9315939116083;9315939116083;1
EAN;Norsk;9315939116090;9315939116090;1
EAN;Norsk;9315939116106;9315939116106;1
EAN;Norsk;9315939116113;9315939116113;1
EAN;Norsk;9315939116120;9315939116120;1
EAN;Norsk;9315939116137;9315939116137;1
EAN;Norsk;9315939116144;9315939116144;1
EAN;Norsk;9315939116151;9315939116151;1
EAN;Norsk;9315939116168;9315939116168;1
EAN;Norsk;9315939116175;9315939116175;1
EAN;Norsk;9315939116182;9315939116182;1
EAN;Norsk;9315939116199;9315939116199;1
EAN;Norsk;9315939116205;9315939116205;1
EAN;Norsk;9315939116212;9315939116212;1
EAN;Norsk;9315939116229;9315939116229;1
EAN;Norsk;9315939116236;9315939116236;1
EAN;Norsk;9315939116243;9315939116243;1
EAN;Norsk;9315939116250;9315939116250;1
EAN;Norsk;9315939116267;9315939116267;1
EAN;Norsk;9315939116274;9315939116274;1
EAN;Norsk;9315939116281;9315939116281;1
EAN;Norsk;9315939116304;9315939116304;1
EAN;Norsk;9315939116311;9315939116311;1
EAN;Norsk;9315939116328;9315939116328;1
EAN;Norsk;9315939116335;9315939116335;1
EAN;Norsk;9315939116342;9315939116342;1
EAN;Norsk;9315939116359;9315939116359;1
EAN;Norsk;9315939116366;9315939116366;1
EAN;Norsk;9315939116373;9315939116373;1
EAN;Norsk;9315939116380;9315939116380;1
EAN;Norsk;9315939116397;9315939116397;1
EAN;Norsk;9315939116403;9315939116403;1
EAN;Norsk;9315939116410;9315939116410;1
EAN;Norsk;9315939116427;9315939116427;1
EAN;Norsk;9315939116434;9315939116434;1
EAN;Norsk;9315939116441;9315939116441;1
EAN;Norsk;9315939116458;9315939116458;1
EAN;Norsk;9315939116465;9315939116465;1
EAN;Norsk;9315939116472;9315939116472;1
EAN;Norsk;9315939116489;9315939116489;1
EAN;Norsk;9315939116496;9315939116496;1
EAN;Norsk;9315939116502;9315939116502;1
EAN;Norsk;9315939116519;9315939116519;1
EAN;Norsk;9315939116700;9315939116700;1
EAN;Norsk;9315939116724;9315939116724;1
EAN;Norsk;9315939116731;9315939116731;1
EAN;Norsk;9315939116762;9315939116762;1
EAN;Norsk;9315939116793;9315939116793;1
EAN;Norsk;9315939116847;9315939116847;1
EAN;Norsk;9315939116854;9315939116854;1
EAN;Norsk;9315939116908;9315939116908;1
EAN;Norsk;9315939116915;9315939116915;1
EAN;Norsk;9315939116922;9315939116922;1
EAN;Norsk;9315939116939;9315939116939;1
EAN;Norsk;9315939116946;9315939116946;1
EAN;Norsk;9315939116953;9315939116953;1
EAN;Norsk;9315939117004;9315939117004;1
EAN;Norsk;9315939117011;9315939117011;1
EAN;Norsk;9315939117042;9315939117042;1
EAN;Norsk;9315939117059;9315939117059;1
EAN;Norsk;9315939117172;9315939117172;1
EAN;Norsk;9315939117196;9315939117196;1
EAN;Norsk;9315939117219;9315939117219;1
EAN;Norsk;9315939117226;9315939117226;1
EAN;Norsk;9315939117233;9315939117233;1
EAN;Norsk;9315939117240;9315939117240;1
EAN;Norsk;9315939117257;9315939117257;1
EAN;Norsk;9315939117264;9315939117264;1
EAN;Norsk;9315939117271;9315939117271;1
EAN;Norsk;9315939117288;9315939117288;1
EAN;Norsk;9315939117295;9315939117295;1
EAN;Norsk;9315939117301;9315939117301;1
EAN;Norsk;9315939117318;9315939117318;1
EAN;Norsk;9315939117325;9315939117325;1
EAN;Norsk;9315939117332;9315939117332;1
EAN;Norsk;9315939117349;9315939117349;1
EAN;Norsk;9315939117356;9315939117356;1
EAN;Norsk;9315939117363;9315939117363;1
EAN;Norsk;9315939117370;9315939117370;1
EAN;Norsk;9315939117387;9315939117387;1
EAN;Norsk;9315939117394;9315939117394;1
EAN;Norsk;9315939117400;9315939117400;1
EAN;Norsk;9315939117417;9315939117417;1
EAN;Norsk;9315939117424;9315939117424;1
EAN;Norsk;9315939117431;9315939117431;1
EAN;Norsk;9315939117448;9315939117448;1
EAN;Norsk;9315939117462;9315939117462;1
EAN;Norsk;9315939117479;9315939117479;1
EAN;Norsk;9315939117486;9315939117486;1
EAN;Norsk;9315939117493;9315939117493;1
EAN;Norsk;9315939117509;9315939117509;1
EAN;Norsk;9315939117516;9315939117516;1
EAN;Norsk;9315939117523;9315939117523;1
EAN;Norsk;9315939117530;9315939117530;1
EAN;Norsk;9315939117547;9315939117547;1
EAN;Norsk;9315939117554;9315939117554;1
EAN;Norsk;9315939117561;9315939117561;1
EAN;Norsk;9315939117578;9315939117578;1
EAN;Norsk;9315939117585;9315939117585;1
EAN;Norsk;9315939117592;9315939117592;1
EAN;Norsk;9315939117608;9315939117608;1
EAN;Norsk;9315939117622;9315939117622;1
EAN;Norsk;9315939117639;9315939117639;1
EAN;Norsk;9315939117653;9315939117653;1
EAN;Norsk;9315939117677;9315939117677;1
EAN;Norsk;9315939117684;9315939117684;1
EAN;Norsk;9315939117707;9315939117707;1
EAN;Norsk;9315939117738;9315939117738;1
EAN;Norsk;9315939117752;9315939117752;1
EAN;Norsk;9315939117769;9315939117769;1
EAN;Norsk;9315939117783;9315939117783;1
EAN;Norsk;9315939117806;9315939117806;1
EAN;Norsk;9315939117851;9315939117851;1
EAN;Norsk;9315939117899;9315939117899;1
EAN;Norsk;9315939117905;9315939117905;1
EAN;Norsk;9315939117929;9315939117929;1
EAN;Norsk;9315939117950;9315939117950;1
EAN;Norsk;9315939118001;9315939118001;1
EAN;Norsk;9315939118018;9315939118018;1
EAN;Norsk;9315939118025;9315939118025;1
EAN;Norsk;9315939118032;9315939118032;1
EAN;Norsk;9315939118087;9315939118087;1
EAN;Norsk;9315939118094;9315939118094;1
EAN;Norsk;9315939118100;9315939118100;1
EAN;Norsk;9315939118124;9315939118124;1
EAN;Norsk;9315939118155;9315939118155;1
EAN;Norsk;9315939118209;9315939118209;1
EAN;Norsk;9315939118216;9315939118216;1
EAN;Norsk;9315939118223;9315939118223;1
EAN;Norsk;9315939118230;9315939118230;1
EAN;Norsk;9315939118247;9315939118247;1
EAN;Norsk;9315939118254;9315939118254;1
EAN;Norsk;9315939118261;9315939118261;1
EAN;Norsk;9315939118278;9315939118278;1
EAN;Norsk;9315939118285;9315939118285;1
EAN;Norsk;9315939118292;9315939118292;1
EAN;Norsk;9315939118308;9315939118308;1
EAN;Norsk;9315939118315;9315939118315;1
EAN;Norsk;9315939118322;9315939118322;1
EAN;Norsk;9315939118339;9315939118339;1
EAN;Norsk;9315939118346;9315939118346;1
EAN;Norsk;9315939118353;9315939118353;1
EAN;Norsk;9315939118360;9315939118360;1
EAN;Norsk;9315939118377;9315939118377;1
EAN;Norsk;9315939118384;9315939118384;1
EAN;Norsk;9315939118391;9315939118391;1
EAN;Norsk;9315939118407;9315939118407;1
EAN;Norsk;9315939118414;9315939118414;1
EAN;Norsk;9315939118421;9315939118421;1
EAN;Norsk;9315939118438;9315939118438;1
EAN;Norsk;9315939118445;9315939118445;1
EAN;Norsk;9315939118452;9315939118452;1
EAN;Norsk;9315939118469;9315939118469;1
EAN;Norsk;9315939118476;9315939118476;1
EAN;Norsk;9315939118483;9315939118483;1
EAN;Norsk;9315939118490;9315939118490;1
EAN;Norsk;9315939118506;9315939118506;1
EAN;Norsk;9315939118513;9315939118513;1
EAN;Norsk;9315939118520;9315939118520;1
EAN;Norsk;9315939118537;9315939118537;1
EAN;Norsk;9315939118544;9315939118544;1
EAN;Norsk;9315939118551;9315939118551;1
EAN;Norsk;9315939118568;9315939118568;1
EAN;Norsk;9315939118575;9315939118575;1
EAN;Norsk;9315939118582;9315939118582;1
EAN;Norsk;9315939118599;9315939118599;1
EAN;Norsk;9315939118605;9315939118605;1
EAN;Norsk;9315939118612;9315939118612;1
EAN;Norsk;9315939118629;9315939118629;1
EAN;Norsk;9315939118636;9315939118636;1
EAN;Norsk;9315939118643;9315939118643;1
EAN;Norsk;9315939118650;9315939118650;1
EAN;Norsk;9315939118667;9315939118667;1
EAN;Norsk;9315939118674;9315939118674;1
EAN;Norsk;9315939118681;9315939118681;1
EAN;Norsk;9315939118698;9315939118698;1
EAN;Norsk;9315939118704;9315939118704;1
EAN;Norsk;9315939118711;9315939118711;1
EAN;Norsk;9315939118728;9315939118728;1
EAN;Norsk;9315939118735;9315939118735;1
EAN;Norsk;9315939118742;9315939118742;1
EAN;Norsk;9315939118810;9315939118810;1
EAN;Norsk;9315939118834;9315939118834;1
EAN;Norsk;9315939118858;9315939118858;1
EAN;Norsk;9315939118865;9315939118865;1
EAN;Norsk;9315939118872;9315939118872;1
EAN;Norsk;9315939118889;9315939118889;1
EAN;Norsk;9315939118896;9315939118896;1
EAN;Norsk;9315939118902;9315939118902;1
EAN;Norsk;9315939118919;9315939118919;1
EAN;Norsk;9315939118926;9315939118926;1
EAN;Norsk;9315939118933;9315939118933;1
EAN;Norsk;9315939118940;9315939118940;1
EAN;Norsk;9315939118957;9315939118957;1
EAN;Norsk;9315939118964;9315939118964;1
EAN;Norsk;9315939118971;9315939118971;1
EAN;Norsk;9315939118988;9315939118988;1
EAN;Norsk;9315939118995;9315939118995;1
EAN;Norsk;9315939119008;9315939119008;1
EAN;Norsk;9315939119015;9315939119015;1
EAN;Norsk;9315939119022;9315939119022;1
EAN;Norsk;9315939119039;9315939119039;1
EAN;Norsk;9315939119046;9315939119046;1
EAN;Norsk;9315939119053;9315939119053;1
EAN;Norsk;9315939119060;9315939119060;1
EAN;Norsk;9315939119077;9315939119077;1
EAN;Norsk;9315939119084;9315939119084;1
EAN;Norsk;9315939119091;9315939119091;1
EAN;Norsk;9315939119107;9315939119107;1
EAN;Norsk;9315939119114;9315939119114;1
EAN;Norsk;9315939119121;9315939119121;1
EAN;Norsk;9315939119138;9315939119138;1
EAN;Norsk;9315939119145;9315939119145;1
EAN;Norsk;9315939119152;9315939119152;1
EAN;Norsk;9315939119169;9315939119169;1
EAN;Norsk;9315939119176;9315939119176;1
EAN;Norsk;9315939119183;9315939119183;1
EAN;Norsk;9315939119190;9315939119190;1
EAN;Norsk;9315939119206;9315939119206;1
EAN;Norsk;9315939119213;9315939119213;1
EAN;Norsk;9315939119220;9315939119220;1
EAN;Norsk;9315939119237;9315939119237;1
EAN;Norsk;9315939119244;9315939119244;1
EAN;Norsk;9315939119251;9315939119251;1
EAN;Norsk;9315939119268;9315939119268;1
EAN;Norsk;9315939119275;9315939119275;1
EAN;Norsk;9315939119282;9315939119282;1
EAN;Norsk;9315939119299;9315939119299;1
EAN;Norsk;9315939119435;9315939119435;1
EAN;Norsk;9315939119503;9315939119503;1
EAN;Norsk;9315939119510;9315939119510;1
EAN;Norsk;9315939119527;9315939119527;1
EAN;Norsk;9315939119534;9315939119534;1
EAN;Norsk;9315939119541;9315939119541;1
EAN;Norsk;9315939119558;9315939119558;1
EAN;Norsk;9315939119565;9315939119565;1
EAN;Norsk;9315939119572;9315939119572;1
EAN;Norsk;9315939119589;9315939119589;1
EAN;Norsk;9315939119596;9315939119596;1
EAN;Norsk;9315939119602;9315939119602;1
EAN;Norsk;9315939119619;9315939119619;1
EAN;Norsk;9315939119626;9315939119626;1
EAN;Norsk;9315939119633;9315939119633;1
EAN;Norsk;9315939119640;9315939119640;1
EAN;Norsk;9315939119657;9315939119657;1
EAN;Norsk;9315939119664;9315939119664;1
EAN;Norsk;9315939119671;9315939119671;1
EAN;Norsk;9315939119688;9315939119688;1
EAN;Norsk;9315939119695;9315939119695;1
EAN;Norsk;9315939119701;9315939119701;1
EAN;Norsk;9315939119718;9315939119718;1
EAN;Norsk;9315939119725;9315939119725;1
EAN;Norsk;9315939119732;9315939119732;1
EAN;Norsk;9315939119749;9315939119749;1
EAN;Norsk;9315939119756;9315939119756;1
EAN;Norsk;9315939119763;9315939119763;1
EAN;Norsk;9315939119770;9315939119770;1
EAN;Norsk;9315939119787;9315939119787;1
EAN;Norsk;9315939119794;9315939119794;1
EAN;Norsk;9315939119800;9315939119800;1
EAN;Norsk;9315939119817;9315939119817;1
EAN;Norsk;9315939119824;9315939119824;1
EAN;Norsk;9315939119831;9315939119831;1
EAN;Norsk;9315939119848;9315939119848;1
EAN;Norsk;9315939119855;9315939119855;1
EAN;Norsk;9315939119862;9315939119862;1
EAN;Norsk;9315939134001;9315939134001;1
EAN;Norsk;9315939134018;9315939134018;1
EAN;Norsk;9315939134025;9315939134025;1
EAN;Norsk;9315939134032;9315939134032;1
EAN;Norsk;9315939134049;9315939134049;1
EAN;Norsk;9315939134056;9315939134056;1
EAN;Norsk;9315939134063;9315939134063;1
EAN;Norsk;9315939134070;9315939134070;1
EAN;Norsk;9315939134087;9315939134087;1
EAN;Norsk;9315939134094;9315939134094;1
EAN;Norsk;9315939134100;9315939134100;1
EAN;Norsk;9315939134117;9315939134117;1
EAN;Norsk;9315939134124;9315939134124;1
EAN;Norsk;9315939136685;9315939136685;1
EAN;Norsk;9315939136692;9315939136692;1
EAN;Norsk;9315939136708;9315939136708;1
EAN;Norsk;9315939136715;9315939136715;1
EAN;Norsk;9315939136722;9315939136722;1
EAN;Norsk;9315939136739;9315939136739;1
EAN;Norsk;9315939136746;9315939136746;1
EAN;Norsk;9315939136753;9315939136753;1
EAN;Norsk;9315939136760;9315939136760;1
EAN;Norsk;9315939136777;9315939136777;1
EAN;Norsk;9315939136784;9315939136784;1
EAN;Norsk;9315939136791;9315939136791;1
EAN;Norsk;9315939136807;9315939136807;1
EAN;Norsk;9315939136814;9315939136814;1
EAN;Norsk;9315939136821;9315939136821;1
EAN;Norsk;9315939136838;9315939136838;1
EAN;Norsk;9315939136845;9315939136845;1
EAN;Norsk;9315939136852;9315939136852;1
EAN;Norsk;9315939136869;9315939136869;1
EAN;Norsk;9315939136876;9315939136876;1
EAN;Norsk;9315939136883;9315939136883;1
EAN;Norsk;9315939136890;9315939136890;1
EAN;Norsk;9315939141122;9315939141122;1
EAN;Norsk;9315939141139;9315939141139;1
EAN;Norsk;9315939141146;9315939141146;1
EAN;Norsk;9315939141153;9315939141153;1
EAN;Norsk;9315939141160;9315939141160;1
EAN;Norsk;9315939141184;9315939141184;1
EAN;Norsk;9315939141191;9315939141191;1
EAN;Norsk;9315939141207;9315939141207;1
EAN;Norsk;9315939141214;9315939141214;1
EAN;Norsk;9315939141221;9315939141221;1
EAN;Norsk;9315939141245;9315939141245;1
EAN;Norsk;9315939141269;9315939141269;1
EAN;Norsk;9315939141276;9315939141276;1
EAN;Norsk;9315939141283;9315939141283;1
EAN;Norsk;9315939141290;9315939141290;1
EAN;Norsk;9315939141399;9315939141399;1
EAN;Norsk;9315939141429;9315939141429;1
EAN;Norsk;9315939141443;9315939141443;1
EAN;Norsk;9315939141450;9315939141450;1
EAN;Norsk;9315939141474;9315939141474;1
EAN;Norsk;9315939141481;9315939141481;1
EAN;Norsk;9315939141504;9315939141504;1
EAN;Norsk;9315939141566;9315939141566;1
EAN;Norsk;9315939141641;9315939141641;1
EAN;Norsk;9315939141689;9315939141689;1
EAN;Norsk;9315939143232;9315939143232;1
EAN;Norsk;9315939143263;9315939143263;1
EAN;Norsk;9315939144482;9315939144482;1
EAN;Norsk;9315939144499;9315939144499;1
EAN;Norsk;9315939144604;9315939144604;1
EAN;Norsk;9315939144611;9315939144611;1
EAN;Norsk;9315939144628;9315939144628;1
EAN;Norsk;9315939144833;9315939144833;1
EAN;Norsk;9315939144840;9315939144840;1
EAN;Norsk;9315939145168;9315939145168;1
EAN;Norsk;9315939145328;9315939145328;1
EAN;Norsk;9315939145342;9315939145342;1
EAN;Norsk;9315939145366;9315939145366;1
EAN;Norsk;9315939146301;9315939146301;1
EAN;Norsk;9315939146325;9315939146325;1
EAN;Norsk;9315939146349;9315939146349;1
EAN;Norsk;9315939147100;9315939147100;1
EAN;Norsk;9315939147117;9315939147117;1
EAN;Norsk;9315939147124;9315939147124;1
EAN;Norsk;9315939148008;9315939148008;1
EAN;Norsk;9315939148084;9315939148084;1
EAN;Norsk;9315939148138;9315939148138;1
EAN;Norsk;9315939148169;9315939148169;1
EAN;Norsk;9315939160024;9315939160024;1
EAN;Norsk;9315939165210;9315939165210;1
EAN;Norsk;9315939165227;9315939165227;1
EAN;Norsk;9315939165234;9315939165234;1
EAN;Norsk;9315939165241;9315939165241;1
EAN;Norsk;9315939165258;9315939165258;1
EAN;Norsk;9315939165265;9315939165265;1
EAN;Norsk;9315939165272;9315939165272;1
EAN;Norsk;9315939165289;9315939165289;1
EAN;Norsk;9315939165296;9315939165296;1
EAN;Norsk;9315939165302;9315939165302;1
EAN;Norsk;9315939165319;9315939165319;1
EAN;Norsk;9315939165326;9315939165326;1
EAN;Norsk;9315939165333;9315939165333;1
EAN;Norsk;9315939165401;9315939165401;1
EAN;Norsk;9315939165418;9315939165418;1
EAN;Norsk;9315939165449;9315939165449;1
EAN;Norsk;9315939165463;9315939165463;1
EAN;Norsk;9315939165470;9315939165470;1
EAN;Norsk;9315939165487;9315939165487;1
EAN;Norsk;9315939165494;9315939165494;1
EAN;Norsk;9315939165500;9315939165500;1
EAN;Norsk;9315939165531;9315939165531;1
EAN;Norsk;9315939165555;9315939165555;1
EAN;Norsk;9315939165562;9315939165562;1
EAN;Norsk;9315939165609;9315939165609;1
EAN;Norsk;9315939222098;9315939222098;1
EAN;Norsk;9315939222135;9315939222135;1
EAN;Norsk;9315939222142;9315939222142;1
EAN;Norsk;9315939222159;9315939222159;1
EAN;Norsk;9315939222166;9315939222166;1
EAN;Norsk;9315939222180;9315939222180;1
EAN;Norsk;9315939222388;9315939222388;1
EAN;Norsk;9315939222395;9315939222395;1
EAN;Norsk;9315939222418;9315939222418;1
EAN;Norsk;9315939502121;9315939502121;1
EAN;Norsk;9315939502138;9315939502138;1
EAN;Norsk;9315939502145;9315939502145;1
EAN;Norsk;9315939502152;9315939502152;1
EAN;Norsk;9315939502176;9315939502176;1
EAN;Norsk;9315939502190;9315939502190;1
EAN;Norsk;9315939502206;9315939502206;1
EAN;Norsk;9315939502220;9315939502220;1
EAN;Norsk;9315939502237;9315939502237;1
EAN;Norsk;9315939502244;9315939502244;1
EAN;Norsk;9315939502268;9315939502268;1
EAN;Norsk;9315939502275;9315939502275;1
EAN;Norsk;9315939502282;9315939502282;1
EAN;Norsk;9315939502299;9315939502299;1
EAN;Norsk;9315939502305;9315939502305;1
EAN;Norsk;9315939502381;9315939502381;1
EAN;Norsk;9315939502398;9315939502398;1
EAN;Norsk;9315939502404;9315939502404;1
EAN;Norsk;9315939502411;9315939502411;1
EAN;Norsk;9315939502428;9315939502428;1
EAN;Norsk;9315939502435;9315939502435;1
EAN;Norsk;9315939502442;9315939502442;1
EAN;Norsk;9315939502459;9315939502459;1
EAN;Norsk;9315939502466;9315939502466;1
EAN;Norsk;9315939502473;9315939502473;1
EAN;Norsk;9315939502480;9315939502480;1
EAN;Norsk;9315939502497;9315939502497;1
EAN;Norsk;9315939502503;9315939502503;1
EAN;Norsk;9315939502510;9315939502510;1
EAN;Norsk;9315939502527;9315939502527;1
EAN;Norsk;9315939502534;9315939502534;1
EAN;Norsk;9315939502541;9315939502541;1
EAN;Norsk;9315939502565;9315939502565;1
EAN;Norsk;9315939502572;9315939502572;1
EAN;Norsk;9315939502589;9315939502589;1
EAN;Norsk;9315939502596;9315939502596;1
EAN;Norsk;9315939502602;9315939502602;1
EAN;Norsk;9315939502626;9315939502626;1
EAN;Norsk;9315939503005;9315939503005;1
EAN;Norsk;9315939503029;9315939503029;1
EAN;Norsk;9315939503036;9315939503036;1
EAN;Norsk;9315939503043;9315939503043;1
EAN;Norsk;9315939504026;9315939504026;1
EAN;Norsk;9315939504033;9315939504033;1
EAN;Norsk;9315939504040;9315939504040;1
EAN;Norsk;9315939504057;9315939504057;1
EAN;Norsk;9315939504064;9315939504064;1
EAN;Norsk;9315939505016;9315939505016;1
EAN;Norsk;9315939505023;9315939505023;1
EAN;Norsk;9315939505030;9315939505030;1
EAN;Norsk;9315939505047;9315939505047;1
EAN;Norsk;9315939505054;9315939505054;1
EAN;Norsk;9315939505061;9315939505061;1
EAN;Norsk;9315939505078;9315939505078;1
EAN;Norsk;9315939505085;9315939505085;1
EAN;Norsk;9315939505092;9315939505092;1
EAN;Norsk;9315939505108;9315939505108;1
EAN;Norsk;9315939505115;9315939505115;1
EAN;Norsk;9315939505122;9315939505122;1
EAN;Norsk;9315939505139;9315939505139;1
EAN;Norsk;9315939505146;9315939505146;1
EAN;Norsk;9315939505153;9315939505153;1
EAN;Norsk;9315939505160;9315939505160;1
EAN;Norsk;9315939505177;9315939505177;1
EAN;Norsk;9315939505184;9315939505184;1
EAN;Norsk;9315939505191;9315939505191;1
EAN;Norsk;9315939505207;9315939505207;1
EAN;Norsk;9315939505214;9315939505214;1
EAN;Norsk;9315939505221;9315939505221;1
EAN;Norsk;9315939505238;9315939505238;1
EAN;Norsk;9315939505245;9315939505245;1
EAN;Norsk;9315939505252;9315939505252;1
EAN;Norsk;9315939505269;9315939505269;1
EAN;Norsk;9315939505276;9315939505276;1
EAN;Norsk;9315939505283;9315939505283;1
EAN;Norsk;9315939505290;9315939505290;1
EAN;Norsk;9315939505306;9315939505306;1
EAN;Norsk;9315939505313;9315939505313;1
EAN;Norsk;9315939505320;9315939505320;1
EAN;Norsk;9315939505337;9315939505337;1
EAN;Norsk;9315939505344;9315939505344;1
EAN;Norsk;9315939505351;9315939505351;1
EAN;Norsk;9315939505368;9315939505368;1
EAN;Norsk;9315939505405;9315939505405;1
EAN;Norsk;9315939505412;9315939505412;1
EAN;Norsk;9315939505429;9315939505429;1
EAN;Norsk;9315939512380;9315939512380;1
EAN;Norsk;9315939514384;9315939514384;1
EAN;Norsk;9315939538120;9315939538120;1
EAN;Norsk;9315939538144;9315939538144;1
EAN;Norsk;9315939731347;9315939731347;1
EAN;Norsk;9315939811346;9315939811346;1
EAN;Norsk;9315939830415;9315939830415;1
EAN;Norsk;9315939831368;9315939831368;1
EAN;Norsk;9315939832402;9315939832402;1
EAN;Norsk;9315939832457;9315939832457;1
EAN;Norsk;9315939832556;9315939832556;1
EAN;Norsk;9315939832655;9315939832655;1
EAN;Norsk;9315939833157;9315939833157;1
EAN;Norsk;9315939833164;9315939833164;1
EAN;Norsk;9315939833553;9315939833553;1
EAN;Norsk;9315939833560;9315939833560;1
EAN;Norsk;9315939833621;9315939833621;1
EAN;Norsk;9315939833669;9315939833669;1
EAN;Norsk;9315939833676;9315939833676;1
EAN;Norsk;9315939835489;9315939835489;1
EAN;Norsk;9315939836950;9315939836950;1
EAN;Norsk;9315939837988;9315939837988;1
EAN;Norsk;9315939837995;9315939837995;1
EAN;Norsk;9315939838008;9315939838008;1
EAN;Norsk;9315939838015;9315939838015;1
EAN;Norsk;9315939838022;9315939838022;1
EAN;Norsk;9315939838039;9315939838039;1
EAN;Norsk;9315939838046;9315939838046;1
EAN;Norsk;9315939838053;9315939838053;1
EAN;Norsk;9315939838060;9315939838060;1
EAN;Norsk;9315939838077;9315939838077;1
EAN;Norsk;9315939838084;9315939838084;1
EAN;Norsk;9315939838091;9315939838091;1
EAN;Norsk;9315939838107;9315939838107;1
EAN;Norsk;9315939838114;9315939838114;1
EAN;Norsk;9315939838121;9315939838121;1
EAN;Norsk;9315939838138;9315939838138;1
EAN;Norsk;9315939838145;9315939838145;1
EAN;Norsk;9315939838152;9315939838152;1
EAN;Norsk;9315939838169;9315939838169;1
EAN;Norsk;9315939838176;9315939838176;1
EAN;Norsk;9315939838183;9315939838183;1
EAN;Norsk;9315939838190;9315939838190;1
EAN;Norsk;9315939838213;9315939838213;1
EAN;Norsk;9315939838220;9315939838220;1
EAN;Norsk;9315939843309;9315939843309;1
EAN;Norsk;9315939843316;9315939843316;1
EAN;Norsk;9315939843323;9315939843323;1
EAN;Norsk;9315939843330;9315939843330;1
EAN;Norsk;9315939843347;9315939843347;1
EAN;Norsk;9315939843354;9315939843354;1
EAN;Norsk;9315939843361;9315939843361;1
EAN;Norsk;9315939843378;9315939843378;1
EAN;Norsk;9315939843385;9315939843385;1
EAN;Norsk;9315939843460;9315939843460;1
EAN;Norsk;9315939843477;9315939843477;1
EAN;Norsk;9315939843484;9315939843484;1
EAN;Norsk;9315939843491;9315939843491;1
EAN;Norsk;9315939843507;9315939843507;1
EAN;Norsk;9315939843514;9315939843514;1
EAN;Norsk;9315939843521;9315939843521;1
EAN;Norsk;9315939843538;9315939843538;1
EAN;Norsk;9315939843545;9315939843545;1
EAN;Norsk;9315939843552;9315939843552;1
EAN;Norsk;9315939843569;9315939843569;1
EAN;Norsk;9315939843576;9315939843576;1
EAN;Norsk;9315939843583;9315939843583;1
EAN;Norsk;9315939843590;9315939843590;1
EAN;Norsk;9315939843606;9315939843606;1
EAN;Norsk;9315939843613;9315939843613;1
EAN;Norsk;9315939843620;9315939843620;1
EAN;Norsk;9315939844108;9315939844108;1
EAN;Norsk;9315939844115;9315939844115;1
EAN;Norsk;9315939844122;9315939844122;1
EAN;Norsk;9315939844139;9315939844139;1
EAN;Norsk;9315939844146;9315939844146;1
EAN;Norsk;9315939844153;9315939844153;1
EAN;Norsk;9315939844207;9315939844207;1
EAN;Norsk;9315939844214;9315939844214;1
EAN;Norsk;9315939844221;9315939844221;1
EAN;Norsk;9315939844238;9315939844238;1
EAN;Norsk;9315939844245;9315939844245;1
EAN;Norsk;9315939844252;9315939844252;1
EAN;Norsk;9315939844269;9315939844269;1
EAN;Norsk;9315939844276;9315939844276;1
EAN;Norsk;9315939844283;9315939844283;1
EAN;Norsk;9315939844290;9315939844290;1
EAN;Norsk;9315939844306;9315939844306;1
EAN;Norsk;9315939844313;9315939844313;1
EAN;Norsk;9315939844320;9315939844320;1
EAN;Norsk;9315939844351;9315939844351;1
EAN;Norsk;9315939844368;9315939844368;1
EAN;Norsk;9315939844375;9315939844375;1
EAN;Norsk;9315939844382;9315939844382;1
EAN;Norsk;9315939844399;9315939844399;1
EAN;Norsk;9315939844405;9315939844405;1
EAN;Norsk;9315939844412;9315939844412;1
EAN;Norsk;9315939844429;9315939844429;1
EAN;Norsk;9315939844504;9315939844504;1
EAN;Norsk;9315939844511;9315939844511;1
EAN;Norsk;9315939844528;9315939844528;1
EAN;Norsk;9315939844535;9315939844535;1
EAN;Norsk;9315939844542;9315939844542;1
EAN;Norsk;9315939844559;9315939844559;1
EAN;Norsk;9315939844573;9315939844573;1
EAN;Norsk;9315939844597;9315939844597;1
EAN;Norsk;9315939844658;9315939844658;1
EAN;Norsk;9315939844665;9315939844665;1
EAN;Norsk;9315939844672;9315939844672;1
EAN;Norsk;9315939844689;9315939844689;1
EAN;Norsk;9315939844696;9315939844696;1
EAN;Norsk;9315939844702;9315939844702;1
EAN;Norsk;9315939844719;9315939844719;1
EAN;Norsk;9315939844726;9315939844726;1
EAN;Norsk;9315939844757;9315939844757;1
EAN;Norsk;9315939844764;9315939844764;1
EAN;Norsk;9315939844771;9315939844771;1
EAN;Norsk;9315939844788;9315939844788;1
EAN;Norsk;9315939844795;9315939844795;1
EAN;Norsk;9315939844801;9315939844801;1
EAN;Norsk;9315939844818;9315939844818;1
EAN;Norsk;9315939844825;9315939844825;1
EAN;Norsk;9315939847215;9315939847215;1
EAN;Norsk;9315939900101;9315939900101;1
EAN;Norsk;9315939900231;9315939900231;1
EAN;Norsk;9315939900255;9315939900255;1
EAN;Norsk;9315939900262;9315939900262;1
EAN;Norsk;9315939900279;9315939900279;1
EAN;Norsk;9315939901146;9315939901146;1
EAN;Norsk;9315939902105;9315939902105;1
EAN;Norsk;9315939903157;9315939903157;1
EAN;Norsk;9315939903171;9315939903171;1
EAN;Norsk;9315940410002;9315940410002;1
EAN;Norsk;9315940410101;9315940410101;1
EAN;Norsk;9315940411009;9315940411009;1
EAN;Norsk;9315940411108;9315940411108;1
EAN;Norsk;9315940411306;9315940411306;1
EAN;Norsk;9315940411702;9315940411702;1
EAN;Norsk;9315940412303;9315940412303;1
EAN;Norsk;9315940412501;9315940412501;1
EAN;Norsk;9315940413003;9315940413003;1
EAN;Norsk;9315940413102;9315940413102;1
EAN;Norsk;9315940413201;9315940413201;1
EAN;Norsk;9315940413300;9315940413300;1
EAN;Norsk;9315940413409;9315940413409;1
EAN;Norsk;9315940413508;9315940413508;1
EAN;Norsk;9315940413607;9315940413607;1
EAN;Norsk;9315940413706;9315940413706;1
EAN;Norsk;9315940413805;9315940413805;1
EAN;Norsk;9315940414109;9315940414109;1
EAN;Norsk;9315940414307;9315940414307;1
EAN;Norsk;9315940414604;9315940414604;1
EAN;Norsk;9315940414901;9315940414901;1
EAN;Norsk;9315940415205;9315940415205;1
EAN;Norsk;9315940415304;9315940415304;1
EAN;Norsk;9315940415502;9315940415502;1
EAN;Norsk;9315940415700;9315940415700;1
EAN;Norsk;9315940416103;9315940416103;1
EAN;Norsk;9315940417209;9315940417209;1
EAN;Norsk;9315940417704;9315940417704;1
EAN;Norsk;9315940441075;9315940441075;1
EAN;Norsk;9315940441082;9315940441082;1
EAN;Norsk;9315940441099;9315940441099;1
Farge;Norsk;Antrasitt;Antrasitt;1
Farge;Norsk;"Betong grå";"Betong grå";1
Farge;Norsk;Blå;Blå;1
Farge;Norsk;Blå/grå;Blå/grå;1
Farge;Norsk;Blå/sort;Blå/sort;1
Farge;Norsk;Brun/sort;Brun/sort;1
Farge;Norsk;Grønn;Grønn;1
Farge;Norsk;Grønn/sort;Grønn/sort;1
Farge;Norsk;Grå;Grå;1
Farge;Norsk;Grå/grå;Grå/grå;1
Farge;Norsk;Grå/sort;Grå/sort;1
Farge;Norsk;Gul;Gul;1
Farge;Norsk;Gul/sort;Gul/sort;1
Farge;Norsk;"Hav blå";"Hav blå";1
Farge;Norsk;Hvit;Hvit;1
Farge;Norsk;"Hvit beige";"Hvit beige";1
Farge;Norsk;Hvit/sort;Hvit/sort;1
Farge;Norsk;Khaki;Khaki;1
Farge;Norsk;"Khaki grønn/sort";"Khaki grønn/sort";1
Farge;Norsk;"Khaki/mørk grå";"Khaki/mørk grå";1
Farge;Norsk;Khaki/sort;Khaki/sort;1
Farge;Norsk;Klar;Klar;1
Farge;Norsk;Lilla;Lilla;1
Farge;Norsk;"Lys grå";"Lys grå";1
Farge;Norsk;Marine;Marine;1
Farge;Norsk;Mørk;Mørk;1
Farge;Norsk;"Mørk blå";"Mørk blå";1
Farge;Norsk;"Mørk blå/sort";"Mørk blå/sort";1
Farge;Norsk;"Mørk grå";"Mørk grå";1
Farge;Norsk;"Mørk grå/antrasitt";"Mørk grå/antrasitt";1
Farge;Norsk;"Mørk rød";"Mørk rød";1
Farge;Norsk;Neongul;Neongul;1
Farge;Norsk;Oransje;Oransje;1
Farge;Norsk;Rød;Rød;1
Farge;Norsk;Rød/grå;Rød/grå;1
Farge;Norsk;Rød/sort;Rød/sort;1
Farge;Norsk;Sort;Sort;1
Farge;Norsk;Sort/grå;Sort/grå;1
Farge;Norsk;Sort/gul;Sort/gul;1
Farge;Norsk;Sort/sort;Sort/sort;1
Farge;Norsk;Tonet;Tonet;1
Flyteevne;Norsk;"1,1 kg";"1,1 kg";1
Flyteevne;Norsk;"11,3 kg";"11,3 kg";1
Flyteevne;Norsk;"119,3 kg";"119,3 kg";1
Flyteevne;Norsk;"158,8 kg";"158,8 kg";1
Flyteevne;Norsk;"165,6 kg";"165,6 kg";1
Flyteevne;Norsk;"211 kg";"211 kg";1
Flyteevne;Norsk;"24,5 kg";"24,5 kg";1
Flyteevne;Norsk;"29,1 kg";"29,1 kg";1
Flyteevne;Norsk;"371,9 kg";"371,9 kg";1
Flyteevne;Norsk;"43,2 kg";"43,2 kg";1
Flyteevne;Norsk;"5 kg";"5 kg";1
Flyteevne;Norsk;"62,1 kg";"62,1 kg";1
Flyteevne;Norsk;"68 kg";"68 kg";1
Flyteevne;Norsk;"73 kg";"73 kg";1
Flyteevne;Norsk;"9,1 kg";"9,1 kg";1
"For boltekutter";Norsk;"71 72 460";"71 72 460";10
"For boltekutter";Norsk;"71 72 610";"71 72 610";20
"For boltekutter";Norsk;"71 72 760";"71 72 760";30
"For boltekutter";Norsk;"71 72 910";"71 72 910";40
"For skralle";Norsk;H34;H34;1
"For skralle";Norsk;Nh13;Nh13;1
"For skralle";Norsk;Nh14;Nh14;1
"For skralle";Norsk;Nh15;Nh15;1
"For skralle";Norsk;Nh16;Nh16;1
"For skralle";Norsk;Nh37;Nh37;1
"For skralle";Norsk;Nh38;Nh38;1
"For skralle";Norsk;Nh41;Nh41;1
"For skralle";Norsk;Nh9;Nh9;1
"Forespørsel på pris";Norsk;Ja;Ja;1
Form;Norsk;E-Torx;E-Torx;50
Form;Norsk;Firkant;Firkant;5
Form;Norsk;Flat;Flat;1
Form;Norsk;Halvrund;Halvrund;1
Form;Norsk;Phillips;Phillips;7
Form;Norsk;Pozi/Rett;Pozi/Rett;9
Form;Norsk;Pozidriv;Pozidriv;8
Form;Norsk;Rett;Rett;6
Form;Norsk;Ribe;Ribe;51
Form;Norsk;Rund;Rund;1
Form;Norsk;Sekskant;Sekskant;20
Form;Norsk;Spisset;Spisset;1
Form;Norsk;Spline;Spline;52
Form;Norsk;Tolvkant;Tolvkant;30
Form;Norsk;Torq-Set;Torq-Set;55
Form;Norsk;Torx;Torx;40
Form;Norsk;"Torx m/hull";"Torx m/hull";42
Form;Norsk;Trekant;Trekant;1
"GA attributt";Norsk;Gaveartikkel;Gaveartikkel;1
Gjenger;Norsk;Innvendig;Innvendig;1
Gjenger;Norsk;Utvendig;Utvendig;1
Glass;Norsk;Klart;Klart;1
Glass;Norsk;Tonet;Tonet;2
Godkjennelser;Norsk;"MIL C-4150J";"MIL C-4150J";1
Godkjennelser;Norsk;"MIL C-4150J, STANAG 4280, Def Stan 81-41";"MIL C-4150J, STANAG 4280, Def Stan 81-41";1
Godkjennelser;Norsk;"MIL-STD-810F, FED-STD-101C, ATA 300";"MIL-STD-810F, FED-STD-101C, ATA 300";1
Godkjennelser;Norsk;"STANAG 4280, Def Stan 81-41";"STANAG 4280, Def Stan 81-41";1
"Gravering: Tekst";Norsk;{16};{16};1
"Gravering: Tekst (maks 40 tegn)";Norsk;{40};{40};1
Gripeområde;Norsk;0.3-3.0mm;0.3-3.0mm;10
Gripeområde;Norsk;0.5-3.0mm;0.5-3.0mm;20
Gripeområde;Norsk;1.0-4.0mm;1.0-4.0mm;25
Gripeområde;Norsk;3.1-4.0mm;3.1-4.0mm;30
Gripeområde;Norsk;3.1-4.5mm;3.1-4.5mm;40
Gripeområde;Norsk;3.1-5.5mm;3.1-5.5mm;50
Gripeområde;Norsk;3.1-6.0mm;3.1-6.0mm;60
GUC;Norsk;Yes;Yes;1
Hjul;Norsk;"2 stk.";"2 stk.";1
Hjul;Norsk;"4 stk";"4 stk";1
Hylsetype;Norsk;Kraft;Kraft;30
Hylsetype;Norsk;Lang;Lang;20
Hylsetype;Norsk;Standard;Standard;10
Høyde;Norsk;100mm;100mm;100
Høyde;Norsk;125mm;125mm;125
Høyde;Norsk;150mm;150mm;150
Høyde;Norsk;2000mm;2000mm;2000
Høyde;Norsk;200mm;200mm;200
Høyde;Norsk;50mm;50mm;50
Høyde;Norsk;75mm;75mm;75
"Ingen kjøpsknapp";Norsk;Ja;Ja;1
Innfestning;Norsk;"1""";"1""";100
Innfestning;Norsk;"1""  lang";"1""  lang";110
Innfestning;Norsk;"1/2""";"1/2""";50
Innfestning;Norsk;"1/4""";"1/4""";10
Innfestning;Norsk;115mm;115mm;1
Innfestning;Norsk;"3/4""";"3/4""";70
Innfestning;Norsk;"3/8""";"3/8""";30
Innfestning;Norsk;"5/16""";"5/16""";12
Innhold;Norsk;"1 par";"1 par";10
Innhold;Norsk;"1 stk";"1 stk";1
Innhold;Norsk;"12 par";"12 par";12
Innhold;Norsk;"144 par";"144 par";144
Innhold;Norsk;"170 deler";"170 deler";170
Innhold;Norsk;"2 stk";"2 stk";2
Innhold;Norsk;"2 stk + lader";"2 stk + lader";4
Innhold;Norsk;"208 deler";"208 deler";208
Innhold;Norsk;"6 par";"6 par";1
Innhold;Norsk;"77 deler";"77 deler";77
Innhold;Norsk;Bastard;Bastard;1
Innhold;Norsk;"Design selv";"Design selv";1000
Innhold;Norsk;Jegerbar;Jegerbar;1
Innhold;Norsk;m/skillevegger;m/skillevegger;1
Innhold;Norsk;"m/skreddersydd innlegg";"m/skreddersydd innlegg";1
Innhold;Norsk;m/skum;m/skum;1
Innhold;Norsk;"m/TrekPak skillevegger";"m/TrekPak skillevegger";1
Innhold;Norsk;Ratze;Ratze;1
Innhold;Norsk;Rock;Rock;1
Innhold;Norsk;u/innhold;u/innhold;1
Innhold;Norsk;Underbar;Underbar;1
Innholdsartikkel;Norsk;ja;ja;1
"Innv. mål (LxBxD)";Norsk;"1041 x 328 x 308 mm";"1041 x 328 x 308 mm";1
"Innv. mål (LxBxD)";Norsk;"1044 x 547 x 378 mm";"1044 x 547 x 378 mm";1
"Innv. mål (LxBxD)";Norsk;"1067x343x133 mm";"1067x343x133 mm";1
"Innv. mål (LxBxD)";Norsk;"111 x 73 x 43 mm";"111 x 73 x 43 mm";1
"Innv. mål (LxBxD)";Norsk;"1208x611x449 mm";"1208x611x449 mm";1
"Innv. mål (LxBxD)";Norsk;"1283 x 343 x 133 mm";"1283 x 343 x 133 mm";1
"Innv. mål (LxBxD)";Norsk;"131 x 67 x 35 mm";"131 x 67 x 35 mm";1
"Innv. mål (LxBxD)";Norsk;"135 x 90 x 43 mm";"135 x 90 x 43 mm";1
"Innv. mål (LxBxD)";Norsk;"160 x 93 x 70 mm";"160 x 93 x 70 mm";1
"Innv. mål (LxBxD)";Norsk;"162 x 67 x 52 mm";"162 x 67 x 52 mm";1
"Innv. mål (LxBxD)";Norsk;"165 x 98 x 44 mm";"165 x 98 x 44 mm";1
"Innv. mål (LxBxD)";Norsk;"185 x 121 x 85 mm";"185 x 121 x 85 mm";1
"Innv. mål (LxBxD)";Norsk;"210x108x57 mm";"210x108x57 mm";1
"Innv. mål (LxBxD)";Norsk;"211 x 147 x 95 mm";"211 x 147 x 95 mm";1
"Innv. mål (LxBxD)";Norsk;"233 x 178 x 155 mm";"233 x 178 x 155 mm";1
"Innv. mål (LxBxD)";Norsk;"235 x 181 x 105 mm";"235 x 181 x 105 mm";1
"Innv. mål (LxBxD)";Norsk;"241x191x108 mm";"241x191x108 mm";1
"Innv. mål (LxBxD)";Norsk;"268 x 153 x 80 mm";"268 x 153 x 80 mm";1
"Innv. mål (LxBxD)";Norsk;"301x228x131 mm";"301x228x131 mm";1
"Innv. mål (LxBxD)";Norsk;"344 x 146 x 297 mm";"344 x 146 x 297 mm";1
"Innv. mål (LxBxD)";Norsk;"363 x 263 x 50 mm";"363 x 263 x 50 mm";1
"Innv. mål (LxBxD)";Norsk;"374 x 260 x 154 mm";"374 x 260 x 154 mm";1
"Innv. mål (LxBxD)";Norsk;"385 x 289 x 216 mm";"385 x 289 x 216 mm";1
"Innv. mål (LxBxD)";Norsk;"399x272x98 mm";"399x272x98 mm";1
"Innv. mål (LxBxD)";Norsk;"428 x 286 x 155 mm";"428 x 286 x 155 mm";1
"Innv. mål (LxBxD)";Norsk;"434 x 191 x 406 mm";"434 x 191 x 406 mm";1
"Innv. mål (LxBxD)";Norsk;"434x191x406 mm";"434x191x406 mm";1
"Innv. mål (LxBxD)";Norsk;"449 x 318 x 171 mm";"449 x 318 x 171 mm";1
"Innv. mål (LxBxD)";Norsk;"451 x 289 x 105 mm";"451 x 289 x 105 mm";1
"Innv. mål (LxBxD)";Norsk;"457 x 457 x 457 mm";"457 x 457 x 457 mm";1
"Innv. mål (LxBxD)";Norsk;"471 x 252 x 277 mm";"471 x 252 x 277 mm";1
"Innv. mål (LxBxD)";Norsk;"473 x 360 x 196 mm";"473 x 360 x 196 mm";1
"Innv. mål (LxBxD)";Norsk;"502x279x193 mm";"502x279x193 mm";1
"Innv. mål (LxBxD)";Norsk;"506 x 380 x 229 mm";"506 x 380 x 229 mm";1
"Innv. mål (LxBxD)";Norsk;"508 x 508 x 508 mm";"508 x 508 x 508 mm";1
"Innv. mål (LxBxD)";Norsk;"518 x 285 x 183 mm";"518 x 285 x 183 mm";1
"Innv. mål (LxBxD)";Norsk;"522 x 279 x 321 mm ";"522 x 279 x 321 mm ";1
"Innv. mål (LxBxD)";Norsk;"543x414x319 mm";"543x414x319 mm";1
"Innv. mål (LxBxD)";Norsk;"546 x 420 x 202 mm";"546 x 420 x 202 mm";1
"Innv. mål (LxBxD)";Norsk;"551 x 422 x 268 mm";"551 x 422 x 268 mm";1
"Innv. mål (LxBxD)";Norsk;"594 x 473 x 215 mm / 23.39 x 18.62 x 8.46 inch";"594 x 473 x 215 mm / 23.39 x 18.62 x 8.46 inch";1
"Innv. mål (LxBxD)";Norsk;"602x610x353 mm";"602x610x353 mm";1
"Innv. mål (LxBxD)";Norsk;"610x610x610 mm";"610x610x610 mm";1
"Innv. mål (LxBxD)";Norsk;"660 x 356 x 213 mm";"660 x 356 x 213 mm";1
"Innv. mål (LxBxD)";Norsk;"703 x 533 x 394 mm";"703 x 533 x 394 mm";1
"Innv. mål (LxBxD)";Norsk;"704x533x394 mm";"704x533x394 mm";1
"Innv. mål (LxBxD)";Norsk;"752 x 394 x 238 mm";"752 x 394 x 238 mm";1
"Innv. mål (LxBxD)";Norsk;"814 x 403 x 341 mm";"814 x 403 x 341 mm";1
"Innv. mål (LxBxD)";Norsk;"864 x 610 x 318 mm";"864 x 610 x 318 mm";1
"Innv. mål (LxBxD)";Norsk;"908x343x133 mm";"908x343x133 mm";1
"Innv. volum";Norsk;"0,009 m³";"0,009 m³";1
"Innv. volum";Norsk;"0,011 m³";"0,011 m³";1
"Innv. volum";Norsk;"0,024 m³";"0,024 m³";1
"Innv. volum";Norsk;"0,027 m³";"0,027 m³";1
"Innv. volum";Norsk;"0,034 m³";"0,034 m³";1
"Innv. volum";Norsk;"0,042 m³";"0,042 m³";1
"Innv. volum";Norsk;"0,047 m³";"0,047 m³";1
"Innv. volum";Norsk;"0,049 m³";"0,049 m³";1
"Innv. volum";Norsk;"0,072 m³";"0,072 m³";1
"Innv. volum";Norsk;"0,112 m³";"0,112 m³";1
"Innv. volum";Norsk;"0,13 m³";"0,13 m³";1
"Innv. volum";Norsk;"0,148 m³";"0,148 m³";1
"Innv. volum";Norsk;"0,227 m³";"0,227 m³";1
"Innv. volum";Norsk;"0,332 m³";"0,332 m³";1
"Innv. volum";Norsk;"0.005 m³";"0.005 m³";1
Inspirasjon;Norsk;Kasseløsninger;Kasseløsninger;1
"Inv.størrelse (BxDxH)";Norsk;"1066 x 368 x 136 mm";"1066 x 368 x 136 mm";1066
"Inv.størrelse (BxDxH)";Norsk;"1270 x 335 x 138 mm";"1270 x 335 x 138 mm";1270
"Inv.størrelse (BxDxH)";Norsk;"157 x 82 x 41 mm";"157 x 82 x 41 mm";157
"Inv.størrelse (BxDxH)";Norsk;"212 x 140 x 47 mm";"212 x 140 x 47 mm";212
"Inv.størrelse (BxDxH)";Norsk;"300 x 225 x 132 mm";"300 x 225 x 132 mm";300
"Inv.størrelse (BxDxH)";Norsk;"316 x 195 x 53 mm";"316 x 195 x 53 mm";316
"Inv.størrelse (BxDxH)";Norsk;"316 x 195 x 81 mm";"316 x 195 x 81 mm";317
"Inv.størrelse (BxDxH)";Norsk;"380 x 270 x 115 mm";"380 x 270 x 115 mm";380
"Inv.størrelse (BxDxH)";Norsk;"395 x 320 x 117 mm";"395 x 320 x 117 mm";395
"Inv.størrelse (BxDxH)";Norsk;"426 x 290 x 159 mm";"426 x 290 x 159 mm";426
"Inv.størrelse (BxDxH)";Norsk;"442 x 355 x 170 mm";"442 x 355 x 170 mm";442
"Inv.størrelse (BxDxH)";Norsk;"465 x 335 x 125 mm";"465 x 335 x 125 mm";465
"Inv.størrelse (BxDxH)";Norsk;"465 x 335 x 220 mm";"465 x 335 x 220 mm";466
"Inv.størrelse (BxDxH)";Norsk;"510 x 292 x 175 mm";"510 x 292 x 175 mm";510
"Inv.størrelse (BxDxH)";Norsk;"538 x 405 x 190 mm";"538 x 405 x 190 mm";538
"Inv.størrelse (BxDxH)";Norsk;"538 x 405 x 245 mm";"538 x 405 x 245 mm";538
IP-grad;Norsk;IP57;IP57;1
IP-grad;Norsk;IP67;IP67;1
Kampanje;Norsk;Monaco;Monaco;1
Kampanje;Norsk;Packout;Packout;1
Kampanje;Norsk;Veggskinne;Veggskinne;1
Kampanje;Norsk;Verktøypakke;Verktøypakke;1
Kampanje;Norsk;"VK0121 - Milwaukee";"VK0121 - Milwaukee";1
Kategori;Norsk;Absorbenter;Absorbenter;1
Kategori;Norsk;Adapter;Adapter;1
Kategori;Norsk;Arbeidsbord;Arbeidsbord;1
Kategori;Norsk;Arbeidslys;Arbeidslys;1
Kategori;Norsk;Asfalt;Asfalt;1
Kategori;Norsk;Asfaltrive;Asfaltrive;1
Kategori;Norsk;Asfaltskuffe;Asfaltskuffe;1
Kategori;Norsk;Avbitertang;Avbitertang;1
Kategori;Norsk;Avdrager;Avdrager;1
Kategori;Norsk;Avdragersett;Avdragersett;1
Kategori;Norsk;avfallshåndtering;avfallshåndtering;1
Kategori;Norsk;Avgrader;Avgrader;1
Kategori;Norsk;Avisolering;Avisolering;1
Kategori;Norsk;Bag;Bag;1
Kategori;Norsk;Bajonettsag;Bajonettsag;1
Kategori;Norsk;Bajonettsagblad;Bajonettsagblad;1
Kategori;Norsk;Balanseblokk;Balanseblokk;1
Kategori;Norsk;Batteri;Batteri;1
Kategori;Norsk;Batteriindikator;Batteriindikator;1
Kategori;Norsk;Batterisett;Batterisett;1
Kategori;Norsk;Batterisyremåler;Batterisyremåler;1
Kategori;Norsk;Baufil;Baufil;1
Kategori;Norsk;Baufilblad;Baufilblad;1
Kategori;Norsk;Belter;Belter;1
Kategori;Norsk;Belysningprøver;Belysningprøver;1
Kategori;Norsk;Benkfeste;Benkfeste;1
Kategori;Norsk;"Beredskap & redning";"Beredskap & redning";1
Kategori;Norsk;Betongmeisel;Betongmeisel;1
Kategori;Norsk;Bits;Bits;1
Kategori;Norsk;Bitsholder;Bitsholder;1
Kategori;Norsk;Bladføler;Bladføler;1
Kategori;Norsk;Bladkniv;Bladkniv;1
Kategori;Norsk;Blikksaks;Blikksaks;1
Kategori;Norsk;Blindmutter;Blindmutter;1
Kategori;Norsk;Blindmuttertang;Blindmuttertang;1
Kategori;Norsk;Blåsepistol;Blåsepistol;1
Kategori;Norsk;"Bor for hullsag";"Bor for hullsag";1
Kategori;Norsk;Bor-/skrutrekker;Bor-/skrutrekker;1
Kategori;Norsk;Bordplate;Bordplate;1
Kategori;Norsk;Borhammer;Borhammer;1
Kategori;Norsk;Brannslukkere;Brannslukkere;1
Kategori;Norsk;Bredmeisel;Bredmeisel;1
Kategori;Norsk;Brekkjern;Brekkjern;1
Kategori;Norsk;Brytespak;Brytespak;1
Kategori;Norsk;Bukk;Bukk;1
Kategori;Norsk;Børstesliper;Børstesliper;1
Kategori;Norsk;Båndsagblad;Båndsagblad;1
Kategori;Norsk;Båndslipemaskin;Båndslipemaskin;1
Kategori;Norsk;C-PRESS;C-PRESS;1
Kategori;Norsk;"Cognac glass";"Cognac glass";1
Kategori;Norsk;"Container på hjul";"Container på hjul";1
Kategori;Norsk;Containerinntak;Containerinntak;1
Kategori;Norsk;Diamant;Diamant;1
Kategori;Norsk;Diamantblad;Diamantblad;1
Kategori;Norsk;Diamantbor;Diamantbor;1
Kategori;Norsk;Dor;Dor;1
Kategori;Norsk;Drammeglass;Drammeglass;1
Kategori;Norsk;Dreieplate;Dreieplate;1
Kategori;Norsk;Drivdor;Drivdor;1
Kategori;Norsk;Dykkertpistol;Dykkertpistol;1
Kategori;Norsk;Elektrikermeisel;Elektrikermeisel;1
Kategori;Norsk;Elektronikktang;Elektronikktang;1
Kategori;Norsk;Engangshansker;Engangshansker;1
Kategori;Norsk;Enhanced;Enhanced;400
Kategori;Norsk;Enhåndstvinge;Enhåndstvinge;1
Kategori;Norsk;ESD;ESD;1
Kategori;Norsk;Fallsikring;Fallsikring;1
Kategori;Norsk;Fastnøkler;Fastnøkler;1
Kategori;Norsk;Filer;Filer;1
Kategori;Norsk;Flaskeåpner;Flaskeåpner;1
Kategori;Norsk;Flatmeisel;Flatmeisel;1
Kategori;Norsk;Flattang;Flattang;1
Kategori;Norsk;Foldekniv;Foldekniv;1
Kategori;Norsk;Foliesaks;Foliesaks;1
Kategori;Norsk;Forlenger;Forlenger;4
Kategori;Norsk;Forsenker;Forsenker;1
Kategori;Norsk;Forsterker;Forsterker;1
Kategori;Norsk;Friksjonspasta;Friksjonspasta;1
Kategori;Norsk;Gaveeske;Gaveeske;1
Kategori;Norsk;Gjengeskralle;Gjengeskralle;1
Kategori;Norsk;Gjengetape;Gjengetape;1
Kategori;Norsk;Gjengetapp;Gjengetapp;1
Kategori;Norsk;Graveringspenn;Graveringspenn;1
Kategori;Norsk;Gripeklo;Gripeklo;1
Kategori;Norsk;Gripetang;Gripetang;1
Kategori;Norsk;Gulvstativ;Gulvstativ;1
Kategori;Norsk;Gummiklubbe;Gummiklubbe;1
Kategori;Norsk;Gummirondell;Gummirondell;1
Kategori;Norsk;"Hammerbor SDS+";"Hammerbor SDS+";1
Kategori;Norsk;"Hammerbor SDS-MAX";"Hammerbor SDS-MAX";1
Kategori;Norsk;Hansker;Hansker;1
Kategori;Norsk;Hardmetallblad;Hardmetallblad;1
Kategori;Norsk;Hex;Hex;1
Kategori;Norsk;Hjelm;Hjelm;1
Kategori;Norsk;Hjulpipe;Hjulpipe;12
Kategori;Norsk;Hjørnekutter;Hjørnekutter;1
Kategori;Norsk;Hodelykt;Hodelykt;1
Kategori;Norsk;Holdefunksjon;Holdefunksjon;1
Kategori;Norsk;Holder;Holder;1
Kategori;Norsk;"HSS bor";"HSS bor";1
Kategori;Norsk;Hudbeskyttelse;Hudbeskyttelse;1
Kategori;Norsk;Huggjern;Huggjern;1
Kategori;Norsk;Hullsag;Hullsag;1
Kategori;Norsk;Hurtigkobling;Hurtigkobling;1
Kategori;Norsk;Hyller;Hyller;1
Kategori;Norsk;Hørselvern;Hørselvern;1
Kategori;Norsk;"Høydesikret verktøyvogn";"Høydesikret verktøyvogn";1
Kategori;Norsk;Høydesikring;Høydesikring;1
Kategori;Norsk;Håndleddssikring;Håndleddssikring;1
Kategori;Norsk;Håndsag;Håndsag;1
Kategori;Norsk;Håndtak;Håndtak;7
Kategori;Norsk;Inspeksjonskamera;Inspeksjonskamera;1
Kategori;Norsk;Inspeksjonsspeil;Inspeksjonsspeil;1
Kategori;Norsk;Installasjonstang;Installasjonstang;1
Kategori;Norsk;IR-Termometer;IR-Termometer;1
Kategori;Norsk;Jekk;Jekk;1
Kategori;Norsk;Jernbindertang;Jernbindertang;1
Kategori;Norsk;Julekalender;Julekalender;1
Kategori;Norsk;Kabelkniv;Kabelkniv;1
Kategori;Norsk;Kabelkutter;Kabelkutter;1
Kategori;Norsk;Kabinett;Kabinett;1
Kategori;Norsk;Kamera;Kamera;1
Kategori;Norsk;"Kanner og beholdere";"Kanner og beholdere";1
Kategori;Norsk;"Kapp og gjærsag";"Kapp og gjærsag";1
Kategori;Norsk;Kappeskiver;Kappeskiver;1
Kategori;Norsk;Kappskiver;Kappskiver;1
Kategori;Norsk;Karosserimeisel;Karosserimeisel;1
Kategori;Norsk;Kasse;Kasse;1
Kategori;Norsk;"Kasse med skuffer";"Kasse med skuffer";1
Kategori;Norsk;Kjørner;Kjørner;1
Kategori;Norsk;Klinger;Klinger;1
Kategori;Norsk;Klubbetrekker;Klubbetrekker;1
Kategori;Norsk;Knivblad;Knivblad;1
Kategori;Norsk;Kobberhammer;Kobberhammer;1
Kategori;Norsk;Koffert;Koffert;1
Kategori;Norsk;"Koffert inkl. skuffer";"Koffert inkl. skuffer";1
Kategori;Norsk;"Koffert liten";"Koffert liten";1
Kategori;Norsk;"Koffert m. hjul";"Koffert m. hjul";1
Kategori;Norsk;"Koffert medium";"Koffert medium";1
Kategori;Norsk;"Koffert stor";"Koffert stor";1
Kategori;Norsk;Kombihammer;Kombihammer;1
Kategori;Norsk;Kombinasjonsnøkler;Kombinasjonsnøkler;1
Kategori;Norsk;Kombinasjonstang;Kombinasjonstang;1
Kategori;Norsk;Kompressor;Kompressor;1
Kategori;Norsk;Konsentrasjonsprøyter;Konsentrasjonsprøyter;1
Kategori;Norsk;Kopper;Kopper;1
Kategori;Norsk;Kraftpiper;Kraftpiper;2
Kategori;Norsk;Krampepistol;Krampepistol;1
Kategori;Norsk;Krympetang;Krympetang;1
Kategori;Norsk;Kryssmeisel;Kryssmeisel;1
Kategori;Norsk;Kråkefot;Kråkefot;10
Kategori;Norsk;Kubbetrekker;Kubbetrekker;1
Kategori;Norsk;Kulehammer;Kulehammer;1
Kategori;Norsk;Kuttemaskin;Kuttemaskin;1
Kategori;Norsk;Kvikkrondeller;Kvikkrondeller;1
Kategori;Norsk;L-Nøkkel;L-Nøkkel;1
Kategori;Norsk;Lader;Lader;1
Kategori;Norsk;Lagavtrekkersett;Lagavtrekkersett;1
Kategori;Norsk;Lagercontainer;Lagercontainer;1
Kategori;Norsk;Lakksprøyte;Lakksprøyte;1
Kategori;Norsk;Lamellrondell;Lamellrondell;1
Kategori;Norsk;Laser;Laser;1
Kategori;Norsk;Lastesikring;Lastesikring;1
Kategori;Norsk;Leddhåndtak;Leddhåndtak;8
Kategori;Norsk;Leddnøkkel;Leddnøkkel;1
Kategori;Norsk;Leddpipe;Leddpipe;1
Kategori;Norsk;Liggebrett;Liggebrett;1
Kategori;Norsk;Linjal;Linjal;1
Kategori;Norsk;Lommelerke;Lommelerke;1
Kategori;Norsk;Luftpumpe;Luftpumpe;1
Kategori;Norsk;Luftpåfyller;Luftpåfyller;1
Kategori;Norsk;Lupe;Lupe;1
Kategori;Norsk;Løfteutstyr;Løfteutstyr;1
Kategori;Norsk;Magnetpenn;Magnetpenn;1
Kategori;Norsk;Markeringspenn;Markeringspenn;1
Kategori;Norsk;Masker;Masker;1
Kategori;Norsk;Maskinspett;Maskinspett;1
Kategori;Norsk;Matter;Matter;1
Kategori;Norsk;Meisel;Meisel;1
Kategori;Norsk;Meiselhammer;Meiselhammer;1
Kategori;Norsk;"Metallbor HSSCO";"Metallbor HSSCO";1
Kategori;Norsk;Meterstokk;Meterstokk;1
Kategori;Norsk;Moduler;Moduler;1
Kategori;Norsk;Momentnøkler;Momentnøkler;1
Kategori;Norsk;Momentskrutrekker;Momentskrutrekker;1
Kategori;Norsk;Momentstav;Momentstav;1
Kategori;Norsk;Momenttrekker;Momenttrekker;1
Kategori;Norsk;Monteringstang;Monteringstang;1
Kategori;Norsk;Multimeter;Multimeter;1
Kategori;Norsk;Multiverktøy;Multiverktøy;1
Kategori;Norsk;Murermeisel;Murermeisel;1
Kategori;Norsk;Muttertang;Muttertang;1
Kategori;Norsk;Muttertrekker;Muttertrekker;1
Kategori;Norsk;Målebånd;Målebånd;1
Kategori;Norsk;Målehjul;Målehjul;1
Kategori;Norsk;Nippel;Nippel;1
Kategori;Norsk;Nøkkelsett;Nøkkelsett;1
Kategori;Norsk;Nøkler;Nøkler;1
Kategori;Norsk;Nålebanker;Nålebanker;1
Kategori;Norsk;Olje;Olje;1
Kategori;Norsk;Oljefilter;Oljefilter;1
Kategori;Norsk;Oljeoppsamler;Oljeoppsamler;1
Kategori;Norsk;Oljeplugg;Oljeplugg;14
Kategori;Norsk;Oppheng;Oppheng;1
Kategori;Norsk;Overganger;Overganger;5
Kategori;Norsk;Pakningsaks;Pakningsaks;1
Kategori;Norsk;Pallereoler;Pallereoler;1
Kategori;Norsk;Panelklipsverktøy;Panelklipsverktøy;1
Kategori;Norsk;Papirholder;Papirholder;1
Kategori;Norsk;Pennhammer;Pennhammer;1
Kategori;Norsk;Pentalobe;Pentalobe;1
Kategori;Norsk;Performance;Performance;410
Kategori;Norsk;"Personlig verneutstyr";"Personlig verneutstyr";1
Kategori;Norsk;Pipe;Pipe;1
Kategori;Norsk;Piper;Piper;1
Kategori;Norsk;Pipesett;Pipesett;3
Kategori;Norsk;Pirke;Pirke;1
Kategori;Norsk;Plastkutter;Plastkutter;1
Kategori;Norsk;Platesag;Platesag;1
Kategori;Norsk;Platesagblad;Platesagblad;1
Kategori;Norsk;Platesaks;Platesaks;1
Kategori;Norsk;Platformstiger;Platformstiger;1
Kategori;Norsk;Plomberingstang;Plomberingstang;1
Kategori;Norsk;Polerhette;Polerhette;1
Kategori;Norsk;Poleringsmaskin;Poleringsmaskin;1
Kategori;Norsk;Polersvamp;Polersvamp;1
Kategori;Norsk;Popnaglepistol;Popnaglepistol;1
Kategori;Norsk;Poptang;Poptang;1
Kategori;Norsk;Premium;Premium;420
Kategori;Norsk;Presisjon;Presisjon;1
Kategori;Norsk;Presisjonspinsett;Presisjonspinsett;1
Kategori;Norsk;Pressbakker;Pressbakker;1
Kategori;Norsk;Pumpe;Pumpe;1
Kategori;Norsk;Punktsveisdrill;Punktsveisdrill;1
Kategori;Norsk;Radio;Radio;1
Kategori;Norsk;Regulator;Regulator;1
Kategori;Norsk;Rekylfri;Rekylfri;1
Kategori;Norsk;Rens;Rens;1
Kategori;Norsk;"Rense og Løsemiddel";"Rense og Løsemiddel";1
Kategori;Norsk;Rettsliper;Rettsliper;1
Kategori;Norsk;Ringnøkler;Ringnøkler;1
Kategori;Norsk;Rissenål;Rissenål;1
Kategori;Norsk;Rondellkappemaskin;Rondellkappemaskin;1
Kategori;Norsk;Rundskjærer;Rundskjærer;1
Kategori;Norsk;Rustfritt;Rustfritt;1
Kategori;Norsk;Rørkutter;Rørkutter;1
Kategori;Norsk;Rørnøkkel;Rørnøkkel;1
Kategori;Norsk;"Saks Industri";"Saks Industri";1
Kategori;Norsk;Seegeringstang;Seegeringstang;1
Kategori;Norsk;Sekk;Sekk;1
Kategori;Norsk;Selvjusterende;Selvjusterende;1
Kategori;Norsk;Sett;Sett;1
Kategori;Norsk;Shippingcontainer;Shippingcontainer;1
Kategori;Norsk;"Sikkerhetssone & varsling";"Sikkerhetssone & varsling";1
Kategori;Norsk;Sirkelsag;Sirkelsag;1
Kategori;Norsk;Sirkelsagblad;Sirkelsagblad;1
Kategori;Norsk;Skap;Skap;1
Kategori;Norsk;Skiftenøkkel;Skiftenøkkel;1
Kategori;Norsk;Skrallenøkler;Skrallenøkler;1
Kategori;Norsk;Skraller;Skraller;6
Kategori;Norsk;Skrape;Skrape;1
Kategori;Norsk;Skrueuttrekker;Skrueuttrekker;1
Kategori;Norsk;Skruholder;Skruholder;1
Kategori;Norsk;Skrustikke;Skrustikke;1
Kategori;Norsk;Skrutrekker;Skrutrekker;1
Kategori;Norsk;Skrutrekkersett;Skrutrekkersett;1
Kategori;Norsk;Skyvelær;Skyvelær;1
Kategori;Norsk;Skåler;Skåler;1
Kategori;Norsk;Slagbits;Slagbits;1
Kategori;Norsk;Slagbormaskin;Slagbormaskin;1
Kategori;Norsk;Slagnøkkel;Slagnøkkel;1
Kategori;Norsk;Slagskrutrekker;Slagskrutrekker;1
Kategori;Norsk;Slagskrutrekkersett;Slagskrutrekkersett;1
Kategori;Norsk;Slangeklemmetrekker;Slangeklemmetrekker;1
Kategori;Norsk;Slanger;Slanger;1
Kategori;Norsk;Slipebånd;Slipebånd;1
Kategori;Norsk;"Slipekopp diamant";"Slipekopp diamant";1
Kategori;Norsk;Slipemaskin;Slipemaskin;1
Kategori;Norsk;Slipeskive;Slipeskive;1
Kategori;Norsk;Slirekniv;Slirekniv;1
Kategori;Norsk;Smihammer;Smihammer;1
Kategori;Norsk;Smygvinkel;Smygvinkel;1
Kategori;Norsk;Småvarereoler;Småvarereoler;1
Kategori;Norsk;Snekkerhammer;Snekkerhammer;1
Kategori;Norsk;Snekkersag;Snekkersag;1
Kategori;Norsk;Softcase;Softcase;1
Kategori;Norsk;Spademeisel;Spademeisel;1
Kategori;Norsk;Sparkel;Sparkel;1
Kategori;Norsk;Spenningsprøver;Spenningsprøver;1
Kategori;Norsk;Spenningstester;Spenningstester;1
Kategori;Norsk;Spesialtang;Spesialtang;1
Kategori;Norsk;"Spesialverktøy til bil";"Spesialverktøy til bil";1
Kategori;Norsk;Spett;Spett;1
Kategori;Norsk;Spikerpistol;Spikerpistol;1
Kategori;Norsk;Spiralbor;Spiralbor;1
Kategori;Norsk;Spissmeisel;Spissmeisel;1
Kategori;Norsk;Spisstang;Spisstang;1
Kategori;Norsk;Splinttrekker;Splinttrekker;1
Kategori;Norsk;Sprøytepistol;Sprøytepistol;1
Kategori;Norsk;Stavlykt;Stavlykt;1
Kategori;Norsk;Stempel;Stempel;1
Kategori;Norsk;Stiftepistol;Stiftepistol;1
Kategori;Norsk;Stikkpasser;Stikkpasser;1
Kategori;Norsk;Stikksag;Stikksag;1
Kategori;Norsk;Stikksagblad;Stikksagblad;1
Kategori;Norsk;Stillashammer;Stillashammer;1
Kategori;Norsk;Stjernenøkkel;Stjernenøkkel;1
Kategori;Norsk;Stoler;Stoler;1
Kategori;Norsk;Støvsuger;Støvsuger;1
Kategori;Norsk;Stålbørste;Stålbørste;1
Kategori;Norsk;Sveiv;Sveiv;11
Kategori;Norsk;Svivel;Svivel;1
Kategori;Norsk;T-Håndtak;T-Håndtak;9
Kategori;Norsk;Tangsett;Tangsett;1
Kategori;Norsk;Tavle;Tavle;1
Kategori;Norsk;Tennpluggpipe;Tennpluggpipe;13
Kategori;Norsk;Termokopp;Termokopp;1
Kategori;Norsk;Termos;Termos;1
Kategori;Norsk;Tilbehør;Tilbehør;15
Kategori;Norsk;"Tommesett Piper + Fastnøkler";"Tommesett Piper + Fastnøkler";1
Kategori;Norsk;Tommestokk;Tommestokk;1
Kategori;Norsk;Traller;Traller;1
Kategori;Norsk;Trappestiger;Trappestiger;1
Kategori;Norsk;Trebor;Trebor;1
Kategori;Norsk;Trinnbor;Trinnbor;1
Kategori;Norsk;Trykkluftsett;Trykkluftsett;1
Kategori;Norsk;Trådtvinningstang;Trådtvinningstang;1
Kategori;Norsk;Tusj;Tusj;1
Kategori;Norsk;Unbrako;Unbrako;1
Kategori;Norsk;Vannpumpe;Vannpumpe;1
Kategori;Norsk;Vannpumpetang;Vannpumpetang;1
Kategori;Norsk;Vater;Vater;1
Kategori;Norsk;"VDE / 1000V";"VDE / 1000V";1
Kategori;Norsk;Veggskinne;Veggskinne;1
Kategori;Norsk;Veirive;Veirive;1
Kategori;Norsk;Verkstedhammer;Verkstedhammer;1
Kategori;Norsk;Verktøyinnlegg;Verktøyinnlegg;1
Kategori;Norsk;Verktøyvogn;Verktøyvogn;1
Kategori;Norsk;Vernebriller;Vernebriller;1
Kategori;Norsk;Vernesko;Vernesko;1
Kategori;Norsk;Vester;Vester;1
Kategori;Norsk;Vinkel;Vinkel;1
Kategori;Norsk;Vinkelbormaskin;Vinkelbormaskin;1
Kategori;Norsk;Vinkelskrutrekker;Vinkelskrutrekker;1
Kategori;Norsk;Vinkelslagskrutrekker;Vinkelslagskrutrekker;1
Kategori;Norsk;Vinkelsliper;Vinkelsliper;1
Kategori;Norsk;Øks;Øks;1
Koffert;Norsk;Ja;Ja;3
Koffert;Norsk;Nei;Nei;1
Koffert;Norsk;"Packout™ og HDFI";"Packout™ og HDFI";2
Korning;Norsk;Fin;Fin;5
Korning;Norsk;Grov;Grov;15
Korning;Norsk;K120;K120;120
Korning;Norsk;K180;K180;180
Korning;Norsk;K220;K220;220
Korning;Norsk;K240;K240;240
Korning;Norsk;K280;K280;280
Korning;Norsk;K320;K320;320
Korning;Norsk;K40;K40;40
Korning;Norsk;K60;K60;60
Korning;Norsk;K80;K80;80
Korning;Norsk;Medium;Medium;10
Korning;Norsk;"Super fin";"Super fin";1
Kuttverdi;Norsk;A;A;1
Kuttverdi;Norsk;B;B;2
Kuttverdi;Norsk;C;C;3
Kuttverdi;Norsk;D;D;4
Kuttverdi;Norsk;E;E;5
Kuttverdi;Norsk;F;F;6
Kvalitetsgrad;Norsk;S35;S35;35
Kvalitetsgrad;Norsk;S45;S45;45
Kvalitetsgrad;Norsk;S85;S85;85
Lengde;Norsk;".063 - .125";".063 - .125";1
Lengde;Norsk;".126 - .187";".126 - .187";1
Lengde;Norsk;".188 -.250";".188 -.250";1
Lengde;Norsk;".251 -.312";".251 -.312";1
Lengde;Norsk;.313-.375;.313-.375;1
Lengde;Norsk;"1""";"1""";1
Lengde;Norsk;"1-1/4""";"1-1/4""";1
Lengde;Norsk;"10 fot";"10 fot";10
Lengde;Norsk;"10 FT";"10 FT";10
Lengde;Norsk;"10""";"10""";10
Lengde;Norsk;1000mm;1000mm;1000
Lengde;Norsk;100mm;100mm;100
Lengde;Norsk;107mm;107mm;107
Lengde;Norsk;"11""";"11""";11
Lengde;Norsk;"12 FT";"12 FT";12
Lengde;Norsk;"12""";"12""";12
Lengde;Norsk;120mm;120mm;120
Lengde;Norsk;125mm;125mm;125
Lengde;Norsk;1260mm;1260mm;1260
Lengde;Norsk;127mm;127mm;127
Lengde;Norsk;"13""";"13""";13
Lengde;Norsk;130mm;130mm;130
Lengde;Norsk;"14""";"14""";14
Lengde;Norsk;140mm;140mm;140
Lengde;Norsk;"15""";"15""";15
Lengde;Norsk;150mm;150mm;150
Lengde;Norsk;152mm;152mm;152
Lengde;Norsk;"16""";"16""";16
Lengde;Norsk;160mm;160mm;160
Lengde;Norsk;"17""";"17""";17
Lengde;Norsk;175mm;175mm;175
Lengde;Norsk;"18""";"18""";18
Lengde;Norsk;180mm;180mm;180
Lengde;Norsk;"19""";"19""";19
Lengde;Norsk;1900mm;1900mm;1900
Lengde;Norsk;1m;1m;1
Lengde;Norsk;"2""";"2""";2
Lengde;Norsk;"20 fot";"20 fot";20
Lengde;Norsk;"20""";"20""";20
Lengde;Norsk;200mm;200mm;200
Lengde;Norsk;220mm;220mm;220
Lengde;Norsk;225mm;225mm;225
Lengde;Norsk;230mm;230mm;230
Lengde;Norsk;235mm;235mm;235
Lengde;Norsk;"24""";"24""";24
Lengde;Norsk;"25 FT";"25 FT";25
Lengde;Norsk;250mm;250mm;250
Lengde;Norsk;25mm;25mm;25
Lengde;Norsk;280mm;280mm;280
Lengde;Norsk;290mm;290mm;290
Lengde;Norsk;2m;2m;2
Lengde;Norsk;"3""";"3""";3
Lengde;Norsk;"30""";"30""";30
Lengde;Norsk;300mm;300mm;300
Lengde;Norsk;305mm;305mm;305
Lengde;Norsk;30mm;30mm;30
Lengde;Norsk;350mm;350mm;350
Lengde;Norsk;35mm;35mm;35
Lengde;Norsk;375mm;375mm;375
Lengde;Norsk;38,5mm;38,5mm;38
Lengde;Norsk;3m;3m;3
Lengde;Norsk;"4""";"4""";4
Lengde;Norsk;"40 fot";"40 fot";40
Lengde;Norsk;400mm;400mm;400
Lengde;Norsk;41mm;41mm;41
Lengde;Norsk;450mm;450mm;450
Lengde;Norsk;45mm;45mm;45
Lengde;Norsk;475mm;475mm;475
Lengde;Norsk;"5""";"5""";5
Lengde;Norsk;500mm;500mm;500
Lengde;Norsk;50mm;50mm;50
Lengde;Norsk;55mm;55mm;55
Lengde;Norsk;560mm;560mm;560
Lengde;Norsk;5m;5m;5
Lengde;Norsk;"6 fot";"6 fot";6
Lengde;Norsk;"6""";"6""";6
Lengde;Norsk;600mm;600mm;600
Lengde;Norsk;60mm;60mm;60
Lengde;Norsk;645mm;645mm;645
Lengde;Norsk;65mm;65mm;65
Lengde;Norsk;"7""";"7""";7
Lengde;Norsk;700mm;700mm;700
Lengde;Norsk;70mm;70mm;70
Lengde;Norsk;73mm;73mm;73
Lengde;Norsk;75mm;75mm;75
Lengde;Norsk;76mm;76mm;76
Lengde;Norsk;"8 fot";"8 fot";8
Lengde;Norsk;"8""";"8""";8
Lengde;Norsk;80mm;80mm;80
Lengde;Norsk;89mm;89mm;89
Lengde;Norsk;8m;8m;8
Lengde;Norsk;"9""";"9""";9
Lengde;Norsk;900mm;900mm;900
Lengde;Norsk;90mm;90mm;90
Lengde;Norsk;95mm;95mm;95
"Leverandørs artikkelnr";Norsk;"00 11 01";"00 11 01";1
"Leverandørs artikkelnr";Norsk;"00 19 55 S4";"00 19 55 S4";1
"Leverandørs artikkelnr";Norsk;"00 19 55 S5";"00 19 55 S5";1
"Leverandørs artikkelnr";Norsk;"00 19 58 V02";"00 19 58 V02";1
"Leverandørs artikkelnr";Norsk;"00 21 11 LE";"00 21 11 LE";1
"Leverandørs artikkelnr";Norsk;"00 40 04";"00 40 04";1
"Leverandørs artikkelnr";Norsk;"00 50 04 T BK";"00 50 04 T BK";1
"Leverandørs artikkelnr";Norsk;01350025;01350025;1
"Leverandørs artikkelnr";Norsk;01490024;01490024;1
"Leverandørs artikkelnr";Norsk;01490028;01490028;1
"Leverandørs artikkelnr";Norsk;01490032;01490032;1
"Leverandørs artikkelnr";Norsk;01490034;01490034;1
"Leverandørs artikkelnr";Norsk;01500024;01500024;1
"Leverandørs artikkelnr";Norsk;01540016;01540016;1
"Leverandørs artikkelnr";Norsk;01540018;01540018;1
"Leverandørs artikkelnr";Norsk;01540020;01540020;1
"Leverandørs artikkelnr";Norsk;01540022;01540022;1
"Leverandørs artikkelnr";Norsk;01540024;01540024;1
"Leverandørs artikkelnr";Norsk;01540028;01540028;1
"Leverandørs artikkelnr";Norsk;01540032;01540032;1
"Leverandørs artikkelnr";Norsk;"02 01 200";"02 01 200";1
"Leverandørs artikkelnr";Norsk;"02 02 200";"02 02 200";1
"Leverandørs artikkelnr";Norsk;"02 02 225 SB";"02 02 225 SB";1
"Leverandørs artikkelnr";Norsk;"02 02 225 T";"02 02 225 T";1
"Leverandørs artikkelnr";Norsk;"02 06 200";"02 06 200";1
"Leverandørs artikkelnr";Norsk;02050003;02050003;1
"Leverandørs artikkelnr";Norsk;02190017;02190017;1
"Leverandørs artikkelnr";Norsk;02190019;02190019;1
"Leverandørs artikkelnr";Norsk;02190022;02190022;1
"Leverandørs artikkelnr";Norsk;02190024;02190024;1
"Leverandørs artikkelnr";Norsk;02420016;02420016;1
"Leverandørs artikkelnr";Norsk;02420020;02420020;1
"Leverandørs artikkelnr";Norsk;02420024;02420024;1
"Leverandørs artikkelnr";Norsk;02420028;02420028;1
"Leverandørs artikkelnr";Norsk;02420032;02420032;1
"Leverandørs artikkelnr";Norsk;02420034;02420034;1
"Leverandørs artikkelnr";Norsk;02420035;02420035;1
"Leverandørs artikkelnr";Norsk;02420036;02420036;1
"Leverandørs artikkelnr";Norsk;02420038;02420038;1
"Leverandørs artikkelnr";Norsk;02420040;02420040;1
"Leverandørs artikkelnr";Norsk;02420042;02420042;1
"Leverandørs artikkelnr";Norsk;02420044;02420044;1
"Leverandørs artikkelnr";Norsk;02420046;02420046;1
"Leverandørs artikkelnr";Norsk;02420048;02420048;1
"Leverandørs artikkelnr";Norsk;02440024;02440024;1
"Leverandørs artikkelnr";Norsk;02440028;02440028;1
"Leverandørs artikkelnr";Norsk;02440032;02440032;1
"Leverandørs artikkelnr";Norsk;02440034;02440034;1
"Leverandørs artikkelnr";Norsk;02440036;02440036;1
"Leverandørs artikkelnr";Norsk;02440038;02440038;1
"Leverandørs artikkelnr";Norsk;02440040;02440040;1
"Leverandørs artikkelnr";Norsk;02490036;02490036;1
"Leverandørs artikkelnr";Norsk;02490038;02490038;1
"Leverandørs artikkelnr";Norsk;02490040;02490040;1
"Leverandørs artikkelnr";Norsk;02490042;02490042;1
"Leverandørs artikkelnr";Norsk;02490044;02490044;1
"Leverandørs artikkelnr";Norsk;02490046;02490046;1
"Leverandørs artikkelnr";Norsk;02490048;02490048;1
"Leverandørs artikkelnr";Norsk;02490050;02490050;1
"Leverandørs artikkelnr";Norsk;02500028;02500028;1
"Leverandørs artikkelnr";Norsk;02500032;02500032;1
"Leverandørs artikkelnr";Norsk;02500034;02500034;1
"Leverandørs artikkelnr";Norsk;02500036;02500036;1
"Leverandørs artikkelnr";Norsk;02500038;02500038;1
"Leverandørs artikkelnr";Norsk;02500040;02500040;1
"Leverandørs artikkelnr";Norsk;02500042;02500042;1
"Leverandørs artikkelnr";Norsk;02500044;02500044;1
"Leverandørs artikkelnr";Norsk;02500048;02500048;1
"Leverandørs artikkelnr";Norsk;02500050;02500050;1
"Leverandørs artikkelnr";Norsk;02500052;02500052;1
"Leverandørs artikkelnr";Norsk;02500054;02500054;1
"Leverandørs artikkelnr";Norsk;02500056;02500056;1
"Leverandørs artikkelnr";Norsk;02500058;02500058;1
"Leverandørs artikkelnr";Norsk;02500060;02500060;1
"Leverandørs artikkelnr";Norsk;02500062;02500062;1
"Leverandørs artikkelnr";Norsk;02500064;02500064;1
"Leverandørs artikkelnr";Norsk;02501024;02501024;1
"Leverandørs artikkelnr";Norsk;02501046;02501046;1
"Leverandørs artikkelnr";Norsk;"03 01 160";"03 01 160";1
"Leverandørs artikkelnr";Norsk;"03 01 180";"03 01 180";1
"Leverandørs artikkelnr";Norsk;"03 01 200";"03 01 200";1
"Leverandørs artikkelnr";Norsk;"03 02 160";"03 02 160";1
"Leverandørs artikkelnr";Norsk;"03 06 160";"03 06 160";1
"Leverandørs artikkelnr";Norsk;"03 06 160 SB";"03 06 160 SB";1
"Leverandørs artikkelnr";Norsk;"03 06 180";"03 06 180";1
"Leverandørs artikkelnr";Norsk;"03 06 180 SB";"03 06 180 SB";1
"Leverandørs artikkelnr";Norsk;03010010;03010010;1
"Leverandørs artikkelnr";Norsk;03010011;03010011;1
"Leverandørs artikkelnr";Norsk;03010012;03010012;1
"Leverandørs artikkelnr";Norsk;03010013;03010013;1
"Leverandørs artikkelnr";Norsk;03010014;03010014;1
"Leverandørs artikkelnr";Norsk;03010015;03010015;1
"Leverandørs artikkelnr";Norsk;03010016;03010016;1
"Leverandørs artikkelnr";Norsk;03010017;03010017;1
"Leverandørs artikkelnr";Norsk;03010018;03010018;1
"Leverandørs artikkelnr";Norsk;03010019;03010019;1
"Leverandørs artikkelnr";Norsk;03010020;03010020;1
"Leverandørs artikkelnr";Norsk;03010021;03010021;1
"Leverandørs artikkelnr";Norsk;03010022;03010022;1
"Leverandørs artikkelnr";Norsk;03010024;03010024;1
"Leverandørs artikkelnr";Norsk;03010027;03010027;1
"Leverandørs artikkelnr";Norsk;03010030;03010030;1
"Leverandørs artikkelnr";Norsk;03010032;03010032;1
"Leverandørs artikkelnr";Norsk;03010036;03010036;1
"Leverandørs artikkelnr";Norsk;03050004;03050004;1
"Leverandørs artikkelnr";Norsk;03050005;03050005;1
"Leverandørs artikkelnr";Norsk;03050006;03050006;1
"Leverandørs artikkelnr";Norsk;03050007;03050007;1
"Leverandørs artikkelnr";Norsk;03050008;03050008;1
"Leverandørs artikkelnr";Norsk;03050010;03050010;1
"Leverandørs artikkelnr";Norsk;03050012;03050012;1
"Leverandørs artikkelnr";Norsk;03050014;03050014;1
"Leverandørs artikkelnr";Norsk;03050017;03050017;1
"Leverandørs artikkelnr";Norsk;03050019;03050019;1
"Leverandørs artikkelnr";Norsk;03190030;03190030;1
"Leverandørs artikkelnr";Norsk;03190032;03190032;1
"Leverandørs artikkelnr";Norsk;03410024;03410024;1
"Leverandørs artikkelnr";Norsk;03410028;03410028;1
"Leverandørs artikkelnr";Norsk;03410032;03410032;1
"Leverandørs artikkelnr";Norsk;03410034;03410034;1
"Leverandørs artikkelnr";Norsk;03410035;03410035;1
"Leverandørs artikkelnr";Norsk;03410036;03410036;1
"Leverandørs artikkelnr";Norsk;03410038;03410038;1
"Leverandørs artikkelnr";Norsk;03410040;03410040;1
"Leverandørs artikkelnr";Norsk;03410041;03410041;1
"Leverandørs artikkelnr";Norsk;03410042;03410042;1
"Leverandørs artikkelnr";Norsk;03410044;03410044;1
"Leverandørs artikkelnr";Norsk;03410046;03410046;1
"Leverandørs artikkelnr";Norsk;03410054;03410054;1
"Leverandørs artikkelnr";Norsk;03410058;03410058;1
"Leverandørs artikkelnr";Norsk;03410062;03410062;1
"Leverandørs artikkelnr";Norsk;03410064;03410064;1
"Leverandørs artikkelnr";Norsk;03420032;03420032;1
"Leverandørs artikkelnr";Norsk;03420034;03420034;1
"Leverandørs artikkelnr";Norsk;03420036;03420036;1
"Leverandørs artikkelnr";Norsk;03420038;03420038;1
"Leverandørs artikkelnr";Norsk;03420040;03420040;1
"Leverandørs artikkelnr";Norsk;03420042;03420042;1
"Leverandørs artikkelnr";Norsk;03420044;03420044;1
"Leverandørs artikkelnr";Norsk;03420046;03420046;1
"Leverandørs artikkelnr";Norsk;03420048;03420048;1
"Leverandørs artikkelnr";Norsk;03420050;03420050;1
"Leverandørs artikkelnr";Norsk;03490052;03490052;1
"Leverandørs artikkelnr";Norsk;03490056;03490056;1
"Leverandørs artikkelnr";Norsk;03490058;03490058;1
"Leverandørs artikkelnr";Norsk;03490060;03490060;1
"Leverandørs artikkelnr";Norsk;03490062;03490062;1
"Leverandørs artikkelnr";Norsk;03490064;03490064;1
"Leverandørs artikkelnr";Norsk;03501064;03501064;1
"Leverandørs artikkelnr";Norsk;05003061001;05003061001;1
"Leverandørs artikkelnr";Norsk;05003180001;05003180001;1
"Leverandørs artikkelnr";Norsk;05003181001;05003181001;1
"Leverandørs artikkelnr";Norsk;05003263001;05003263001;1
"Leverandørs artikkelnr";Norsk;05003337001;05003337001;1
"Leverandørs artikkelnr";Norsk;05003339001;05003339001;1
"Leverandørs artikkelnr";Norsk;05003340001;05003340001;1
"Leverandørs artikkelnr";Norsk;05003364001;05003364001;1
"Leverandørs artikkelnr";Norsk;05003412001;05003412001;1
"Leverandørs artikkelnr";Norsk;05003484001;05003484001;1
"Leverandørs artikkelnr";Norsk;05003500001;05003500001;1
"Leverandørs artikkelnr";Norsk;05003501001;05003501001;1
"Leverandørs artikkelnr";Norsk;05003502001;05003502001;1
"Leverandørs artikkelnr";Norsk;05003503001;05003503001;1
"Leverandørs artikkelnr";Norsk;05003504001;05003504001;1
"Leverandørs artikkelnr";Norsk;05003505001;05003505001;1
"Leverandørs artikkelnr";Norsk;05003506001;05003506001;1
"Leverandørs artikkelnr";Norsk;05003507001;05003507001;1
"Leverandørs artikkelnr";Norsk;05003508001;05003508001;1
"Leverandørs artikkelnr";Norsk;05003509001;05003509001;1
"Leverandørs artikkelnr";Norsk;05003510001;05003510001;1
"Leverandørs artikkelnr";Norsk;05003511001;05003511001;1
"Leverandørs artikkelnr";Norsk;05003512001;05003512001;1
"Leverandørs artikkelnr";Norsk;05003513001;05003513001;1
"Leverandørs artikkelnr";Norsk;05003524001;05003524001;1
"Leverandørs artikkelnr";Norsk;05003525001;05003525001;1
"Leverandørs artikkelnr";Norsk;05003526001;05003526001;1
"Leverandørs artikkelnr";Norsk;05003528001;05003528001;1
"Leverandørs artikkelnr";Norsk;05003529001;05003529001;1
"Leverandørs artikkelnr";Norsk;05003530001;05003530001;1
"Leverandørs artikkelnr";Norsk;05003531001;05003531001;1
"Leverandørs artikkelnr";Norsk;05003535001;05003535001;1
"Leverandørs artikkelnr";Norsk;05003590001;05003590001;1
"Leverandørs artikkelnr";Norsk;05003591001;05003591001;1
"Leverandørs artikkelnr";Norsk;05003592001;05003592001;1
"Leverandørs artikkelnr";Norsk;05003594001;05003594001;1
"Leverandørs artikkelnr";Norsk;05003642001;05003642001;1
"Leverandørs artikkelnr";Norsk;05003643001;05003643001;1
"Leverandørs artikkelnr";Norsk;05003728001;05003728001;1
"Leverandørs artikkelnr";Norsk;05003733001;05003733001;1
"Leverandørs artikkelnr";Norsk;05003747001;05003747001;1
"Leverandørs artikkelnr";Norsk;05003755001;05003755001;1
"Leverandørs artikkelnr";Norsk;05003756001;05003756001;1
"Leverandørs artikkelnr";Norsk;05003780001;05003780001;1
"Leverandørs artikkelnr";Norsk;05003781001;05003781001;1
"Leverandørs artikkelnr";Norsk;05003820001;05003820001;1
"Leverandørs artikkelnr";Norsk;05003822001;05003822001;1
"Leverandørs artikkelnr";Norsk;05003844001;05003844001;1
"Leverandørs artikkelnr";Norsk;05003880001;05003880001;1
"Leverandørs artikkelnr";Norsk;05003881001;05003881001;1
"Leverandørs artikkelnr";Norsk;05003882001;05003882001;1
"Leverandørs artikkelnr";Norsk;05003883001;05003883001;1
"Leverandørs artikkelnr";Norsk;05003884001;05003884001;1
"Leverandørs artikkelnr";Norsk;05003891001;05003891001;1
"Leverandørs artikkelnr";Norsk;05003970001;05003970001;1
"Leverandørs artikkelnr";Norsk;05003971001;05003971001;1
"Leverandørs artikkelnr";Norsk;05003972001;05003972001;1
"Leverandørs artikkelnr";Norsk;05003973001;05003973001;1
"Leverandørs artikkelnr";Norsk;05003974001;05003974001;1
"Leverandørs artikkelnr";Norsk;05003990001;05003990001;1
"Leverandørs artikkelnr";Norsk;05003995001;05003995001;1
"Leverandørs artikkelnr";Norsk;05003996001;05003996001;1
"Leverandørs artikkelnr";Norsk;05003997001;05003997001;1
"Leverandørs artikkelnr";Norsk;05004003001;05004003001;1
"Leverandørs artikkelnr";Norsk;05004004001;05004004001;1
"Leverandørs artikkelnr";Norsk;05004016001;05004016001;1
"Leverandørs artikkelnr";Norsk;05004017001;05004017001;1
"Leverandørs artikkelnr";Norsk;05004018001;05004018001;1
"Leverandørs artikkelnr";Norsk;05004033001;05004033001;1
"Leverandørs artikkelnr";Norsk;05004034001;05004034001;1
"Leverandørs artikkelnr";Norsk;05004046001;05004046001;1
"Leverandørs artikkelnr";Norsk;05004047001;05004047001;1
"Leverandørs artikkelnr";Norsk;05004048001;05004048001;1
"Leverandørs artikkelnr";Norsk;05004063001;05004063001;1
"Leverandørs artikkelnr";Norsk;05004064001;05004064001;1
"Leverandørs artikkelnr";Norsk;05004076001;05004076001;1
"Leverandørs artikkelnr";Norsk;05004077001;05004077001;1
"Leverandørs artikkelnr";Norsk;05004078001;05004078001;1
"Leverandørs artikkelnr";Norsk;05004090001;05004090001;1
"Leverandørs artikkelnr";Norsk;05004095001;05004095001;1
"Leverandørs artikkelnr";Norsk;05004180001;05004180001;1
"Leverandørs artikkelnr";Norsk;05004201001;05004201001;1
"Leverandørs artikkelnr";Norsk;05004202001;05004202001;1
"Leverandørs artikkelnr";Norsk;05004310001;05004310001;1
"Leverandørs artikkelnr";Norsk;05004313001;05004313001;1
"Leverandørs artikkelnr";Norsk;05004350001;05004350001;1
"Leverandørs artikkelnr";Norsk;05004351001;05004351001;1
"Leverandørs artikkelnr";Norsk;05004352001;05004352001;1
"Leverandørs artikkelnr";Norsk;05004353001;05004353001;1
"Leverandørs artikkelnr";Norsk;05004966001;05004966001;1
"Leverandørs artikkelnr";Norsk;05004970001;05004970001;1
"Leverandørs artikkelnr";Norsk;05005655001;05005655001;1
"Leverandørs artikkelnr";Norsk;05006147001;05006147001;1
"Leverandørs artikkelnr";Norsk;05006148001;05006148001;1
"Leverandørs artikkelnr";Norsk;05006440001;05006440001;1
"Leverandørs artikkelnr";Norsk;05006441001;05006441001;1
"Leverandørs artikkelnr";Norsk;05006442001;05006442001;1
"Leverandørs artikkelnr";Norsk;05006450001;05006450001;1
"Leverandørs artikkelnr";Norsk;05006451001;05006451001;1
"Leverandørs artikkelnr";Norsk;05006460001;05006460001;1
"Leverandørs artikkelnr";Norsk;05006461001;05006461001;1
"Leverandørs artikkelnr";Norsk;05007670001;05007670001;1
"Leverandørs artikkelnr";Norsk;05007671001;05007671001;1
"Leverandørs artikkelnr";Norsk;05007672001;05007672001;1
"Leverandørs artikkelnr";Norsk;05007673001;05007673001;1
"Leverandørs artikkelnr";Norsk;05008015001;05008015001;1
"Leverandørs artikkelnr";Norsk;05008027001;05008027001;1
"Leverandørs artikkelnr";Norsk;05008060001;05008060001;1
"Leverandørs artikkelnr";Norsk;05008705001;05008705001;1
"Leverandørs artikkelnr";Norsk;05008710001;05008710001;1
"Leverandørs artikkelnr";Norsk;05008712001;05008712001;1
"Leverandørs artikkelnr";Norsk;05008720001;05008720001;1
"Leverandørs artikkelnr";Norsk;05008725001;05008725001;1
"Leverandørs artikkelnr";Norsk;05008730001;05008730001;1
"Leverandørs artikkelnr";Norsk;05008735001;05008735001;1
"Leverandørs artikkelnr";Norsk;05008740001;05008740001;1
"Leverandørs artikkelnr";Norsk;05008751001;05008751001;1
"Leverandørs artikkelnr";Norsk;05008752001;05008752001;1
"Leverandørs artikkelnr";Norsk;05008753001;05008753001;1
"Leverandørs artikkelnr";Norsk;05009305001;05009305001;1
"Leverandørs artikkelnr";Norsk;05009310001;05009310001;1
"Leverandørs artikkelnr";Norsk;05009315001;05009315001;1
"Leverandørs artikkelnr";Norsk;05009320001;05009320001;1
"Leverandørs artikkelnr";Norsk;05013302001;05013302001;1
"Leverandørs artikkelnr";Norsk;05017005001;05017005001;1
"Leverandørs artikkelnr";Norsk;05017010001;05017010001;1
"Leverandørs artikkelnr";Norsk;05017015001;05017015001;1
"Leverandørs artikkelnr";Norsk;05017052001;05017052001;1
"Leverandørs artikkelnr";Norsk;05017054001;05017054001;1
"Leverandørs artikkelnr";Norsk;05017205001;05017205001;1
"Leverandørs artikkelnr";Norsk;05017405001;05017405001;1
"Leverandørs artikkelnr";Norsk;05017410001;05017410001;1
"Leverandørs artikkelnr";Norsk;05018260001;05018260001;1
"Leverandørs artikkelnr";Norsk;05018262001;05018262001;1
"Leverandørs artikkelnr";Norsk;05018264001;05018264001;1
"Leverandørs artikkelnr";Norsk;05018266001;05018266001;1
"Leverandørs artikkelnr";Norsk;05018268001;05018268001;1
"Leverandørs artikkelnr";Norsk;05018270001;05018270001;1
"Leverandørs artikkelnr";Norsk;05018272001;05018272001;1
"Leverandørs artikkelnr";Norsk;05018274001;05018274001;1
"Leverandørs artikkelnr";Norsk;05018282001;05018282001;1
"Leverandørs artikkelnr";Norsk;05018287001;05018287001;1
"Leverandørs artikkelnr";Norsk;05020012001;05020012001;1
"Leverandørs artikkelnr";Norsk;05020013001;05020013001;1
"Leverandørs artikkelnr";Norsk;05020064001;05020064001;1
"Leverandørs artikkelnr";Norsk;05020065001;05020065001;1
"Leverandørs artikkelnr";Norsk;05020066001;05020066001;1
"Leverandørs artikkelnr";Norsk;05020067001;05020067001;1
"Leverandørs artikkelnr";Norsk;05020068001;05020068001;1
"Leverandørs artikkelnr";Norsk;05020069001;05020069001;1
"Leverandørs artikkelnr";Norsk;05020070001;05020070001;1
"Leverandørs artikkelnr";Norsk;05020071001;05020071001;1
"Leverandørs artikkelnr";Norsk;05020072001;05020072001;1
"Leverandørs artikkelnr";Norsk;05020073001;05020073001;1
"Leverandørs artikkelnr";Norsk;05020074001;05020074001;1
"Leverandørs artikkelnr";Norsk;05020090001;05020090001;1
"Leverandørs artikkelnr";Norsk;05020091001;05020091001;1
"Leverandørs artikkelnr";Norsk;05020100001;05020100001;1
"Leverandørs artikkelnr";Norsk;05020101001;05020101001;1
"Leverandørs artikkelnr";Norsk;05020102001;05020102001;1
"Leverandørs artikkelnr";Norsk;05020232001;05020232001;1
"Leverandørs artikkelnr";Norsk;05020505001;05020505001;1
"Leverandørs artikkelnr";Norsk;05021728001;05021728001;1
"Leverandørs artikkelnr";Norsk;05022200001;05022200001;1
"Leverandørs artikkelnr";Norsk;05022201001;05022201001;1
"Leverandørs artikkelnr";Norsk;05022202001;05022202001;1
"Leverandørs artikkelnr";Norsk;05022203001;05022203001;1
"Leverandørs artikkelnr";Norsk;05022204001;05022204001;1
"Leverandørs artikkelnr";Norsk;05022205001;05022205001;1
"Leverandørs artikkelnr";Norsk;05022210001;05022210001;1
"Leverandørs artikkelnr";Norsk;05022600001;05022600001;1
"Leverandørs artikkelnr";Norsk;05022602001;05022602001;1
"Leverandørs artikkelnr";Norsk;05022604001;05022604001;1
"Leverandørs artikkelnr";Norsk;05022639001;05022639001;1
"Leverandørs artikkelnr";Norsk;05022669001;05022669001;1
"Leverandørs artikkelnr";Norsk;05022682001;05022682001;1
"Leverandørs artikkelnr";Norsk;05022683001;05022683001;1
"Leverandørs artikkelnr";Norsk;05022689001;05022689001;1
"Leverandørs artikkelnr";Norsk;05022701001;05022701001;1
"Leverandørs artikkelnr";Norsk;05022702001;05022702001;1
"Leverandørs artikkelnr";Norsk;05022703001;05022703001;1
"Leverandørs artikkelnr";Norsk;05022720001;05022720001;1
"Leverandørs artikkelnr";Norsk;05023450001;05023450001;1
"Leverandørs artikkelnr";Norsk;05024179001;05024179001;1
"Leverandørs artikkelnr";Norsk;05024450001;05024450001;1
"Leverandørs artikkelnr";Norsk;05024460001;05024460001;1
"Leverandørs artikkelnr";Norsk;05024470001;05024470001;1
"Leverandørs artikkelnr";Norsk;05024480001;05024480001;1
"Leverandørs artikkelnr";Norsk;05027405001;05027405001;1
"Leverandørs artikkelnr";Norsk;05027455001;05027455001;1
"Leverandørs artikkelnr";Norsk;05027950001;05027950001;1
"Leverandørs artikkelnr";Norsk;05027952001;05027952001;1
"Leverandørs artikkelnr";Norsk;05027954001;05027954001;1
"Leverandørs artikkelnr";Norsk;05027956001;05027956001;1
"Leverandørs artikkelnr";Norsk;05027958001;05027958001;1
"Leverandørs artikkelnr";Norsk;05028052001;05028052001;1
"Leverandørs artikkelnr";Norsk;05028148001;05028148001;1
"Leverandørs artikkelnr";Norsk;05028150001;05028150001;1
"Leverandørs artikkelnr";Norsk;05028152001;05028152001;1
"Leverandørs artikkelnr";Norsk;05028160001;05028160001;1
"Leverandørs artikkelnr";Norsk;05030005001;05030005001;1
"Leverandørs artikkelnr";Norsk;05030101001;05030101001;1
"Leverandørs artikkelnr";Norsk;05030103001;05030103001;1
"Leverandørs artikkelnr";Norsk;05030104001;05030104001;1
"Leverandørs artikkelnr";Norsk;05030105001;05030105001;1
"Leverandørs artikkelnr";Norsk;05030106001;05030106001;1
"Leverandørs artikkelnr";Norsk;05030107001;05030107001;1
"Leverandørs artikkelnr";Norsk;05030180001;05030180001;1
"Leverandørs artikkelnr";Norsk;05030181001;05030181001;1
"Leverandørs artikkelnr";Norsk;05042605001;05042605001;1
"Leverandørs artikkelnr";Norsk;05042655001;05042655001;1
"Leverandørs artikkelnr";Norsk;05042665001;05042665001;1
"Leverandørs artikkelnr";Norsk;05050005001;05050005001;1
"Leverandørs artikkelnr";Norsk;05051005001;05051005001;1
"Leverandørs artikkelnr";Norsk;05051019001;05051019001;1
"Leverandørs artikkelnr";Norsk;05051043001;05051043001;1
"Leverandørs artikkelnr";Norsk;05052502001;05052502001;1
"Leverandørs artikkelnr";Norsk;05053870001;05053870001;1
"Leverandørs artikkelnr";Norsk;05056172001;05056172001;1
"Leverandørs artikkelnr";Norsk;05056174001;05056174001;1
"Leverandørs artikkelnr";Norsk;05056176001;05056176001;1
"Leverandørs artikkelnr";Norsk;05056305001;05056305001;1
"Leverandørs artikkelnr";Norsk;05056315001;05056315001;1
"Leverandørs artikkelnr";Norsk;05056320001;05056320001;1
"Leverandørs artikkelnr";Norsk;05056325001;05056325001;1
"Leverandørs artikkelnr";Norsk;05056330001;05056330001;1
"Leverandørs artikkelnr";Norsk;05056335001;05056335001;1
"Leverandørs artikkelnr";Norsk;05056400001;05056400001;1
"Leverandørs artikkelnr";Norsk;05056402001;05056402001;1
"Leverandørs artikkelnr";Norsk;05056404001;05056404001;1
"Leverandørs artikkelnr";Norsk;05056422001;05056422001;1
"Leverandørs artikkelnr";Norsk;05056490001;05056490001;1
"Leverandørs artikkelnr";Norsk;05056702001;05056702001;1
"Leverandørs artikkelnr";Norsk;05057213001;05057213001;1
"Leverandørs artikkelnr";Norsk;05057223001;05057223001;1
"Leverandørs artikkelnr";Norsk;05057230001;05057230001;1
"Leverandørs artikkelnr";Norsk;05057235001;05057235001;1
"Leverandørs artikkelnr";Norsk;05057240001;05057240001;1
"Leverandørs artikkelnr";Norsk;05057420001;05057420001;1
"Leverandørs artikkelnr";Norsk;05057430001;05057430001;1
"Leverandørs artikkelnr";Norsk;05057431001;05057431001;1
"Leverandørs artikkelnr";Norsk;05057432001;05057432001;1
"Leverandørs artikkelnr";Norsk;05057434001;05057434001;1
"Leverandørs artikkelnr";Norsk;05057470001;05057470001;1
"Leverandørs artikkelnr";Norsk;05057480001;05057480001;1
"Leverandørs artikkelnr";Norsk;05057481001;05057481001;1
"Leverandørs artikkelnr";Norsk;05057482001;05057482001;1
"Leverandørs artikkelnr";Norsk;05057484001;05057484001;1
"Leverandørs artikkelnr";Norsk;05057510001;05057510001;1
"Leverandørs artikkelnr";Norsk;05057515001;05057515001;1
"Leverandørs artikkelnr";Norsk;05057520001;05057520001;1
"Leverandørs artikkelnr";Norsk;05057525001;05057525001;1
"Leverandørs artikkelnr";Norsk;05057676001;05057676001;1
"Leverandørs artikkelnr";Norsk;05057705001;05057705001;1
"Leverandørs artikkelnr";Norsk;05057710001;05057710001;1
"Leverandørs artikkelnr";Norsk;05057715001;05057715001;1
"Leverandørs artikkelnr";Norsk;05057725001;05057725001;1
"Leverandørs artikkelnr";Norsk;05057908001;05057908001;1
"Leverandørs artikkelnr";Norsk;05057910001;05057910001;1
"Leverandørs artikkelnr";Norsk;05059295001;05059295001;1
"Leverandørs artikkelnr";Norsk;05059297001;05059297001;1
"Leverandørs artikkelnr";Norsk;05059305001;05059305001;1
"Leverandørs artikkelnr";Norsk;05059310001;05059310001;1
"Leverandørs artikkelnr";Norsk;05059320001;05059320001;1
"Leverandørs artikkelnr";Norsk;05059335001;05059335001;1
"Leverandørs artikkelnr";Norsk;05059340001;05059340001;1
"Leverandørs artikkelnr";Norsk;05059480001;05059480001;1
"Leverandørs artikkelnr";Norsk;05059488001;05059488001;1
"Leverandørs artikkelnr";Norsk;05059489001;05059489001;1
"Leverandørs artikkelnr";Norsk;05059490001;05059490001;1
"Leverandørs artikkelnr";Norsk;05059496001;05059496001;1
"Leverandørs artikkelnr";Norsk;05059500001;05059500001;1
"Leverandørs artikkelnr";Norsk;05059530001;05059530001;1
"Leverandørs artikkelnr";Norsk;05059532001;05059532001;1
"Leverandørs artikkelnr";Norsk;05059534001;05059534001;1
"Leverandørs artikkelnr";Norsk;05059603001;05059603001;1
"Leverandørs artikkelnr";Norsk;05059604001;05059604001;1
"Leverandørs artikkelnr";Norsk;05059605001;05059605001;1
"Leverandørs artikkelnr";Norsk;05059610001;05059610001;1
"Leverandørs artikkelnr";Norsk;05059615001;05059615001;1
"Leverandørs artikkelnr";Norsk;05059620001;05059620001;1
"Leverandørs artikkelnr";Norsk;05059625001;05059625001;1
"Leverandørs artikkelnr";Norsk;05059628001;05059628001;1
"Leverandørs artikkelnr";Norsk;05059629001;05059629001;1
"Leverandørs artikkelnr";Norsk;05059630001;05059630001;1
"Leverandørs artikkelnr";Norsk;05059631001;05059631001;1
"Leverandørs artikkelnr";Norsk;05059632001;05059632001;1
"Leverandørs artikkelnr";Norsk;05059634001;05059634001;1
"Leverandørs artikkelnr";Norsk;05059635001;05059635001;1
"Leverandørs artikkelnr";Norsk;05059636001;05059636001;1
"Leverandørs artikkelnr";Norsk;05059760001;05059760001;1
"Leverandørs artikkelnr";Norsk;05059775001;05059775001;1
"Leverandørs artikkelnr";Norsk;05059900001;05059900001;1
"Leverandørs artikkelnr";Norsk;05059902001;05059902001;1
"Leverandørs artikkelnr";Norsk;05059904001;05059904001;1
"Leverandørs artikkelnr";Norsk;05060029001;05060029001;1
"Leverandørs artikkelnr";Norsk;05060035001;05060035001;1
"Leverandørs artikkelnr";Norsk;05060081001;05060081001;1
"Leverandørs artikkelnr";Norsk;05060082001;05060082001;1
"Leverandørs artikkelnr";Norsk;05060083001;05060083001;1
"Leverandørs artikkelnr";Norsk;05060084001;05060084001;1
"Leverandørs artikkelnr";Norsk;05060085001;05060085001;1
"Leverandørs artikkelnr";Norsk;05060086001;05060086001;1
"Leverandørs artikkelnr";Norsk;05060087001;05060087001;1
"Leverandørs artikkelnr";Norsk;05060131001;05060131001;1
"Leverandørs artikkelnr";Norsk;05060132001;05060132001;1
"Leverandørs artikkelnr";Norsk;05060133001;05060133001;1
"Leverandørs artikkelnr";Norsk;05060134001;05060134001;1
"Leverandørs artikkelnr";Norsk;05060136001;05060136001;1
"Leverandørs artikkelnr";Norsk;05060198001;05060198001;1
"Leverandørs artikkelnr";Norsk;05060199001;05060199001;1
"Leverandørs artikkelnr";Norsk;05060201001;05060201001;1
"Leverandørs artikkelnr";Norsk;05060210001;05060210001;1
"Leverandørs artikkelnr";Norsk;05060360001;05060360001;1
"Leverandørs artikkelnr";Norsk;05060361001;05060361001;1
"Leverandørs artikkelnr";Norsk;05060362001;05060362001;1
"Leverandørs artikkelnr";Norsk;05060363001;05060363001;1
"Leverandørs artikkelnr";Norsk;05060364001;05060364001;1
"Leverandørs artikkelnr";Norsk;05060365001;05060365001;1
"Leverandørs artikkelnr";Norsk;05060366001;05060366001;1
"Leverandørs artikkelnr";Norsk;05060400001;05060400001;1
"Leverandørs artikkelnr";Norsk;05060403001;05060403001;1
"Leverandørs artikkelnr";Norsk;05060420001;05060420001;1
"Leverandørs artikkelnr";Norsk;05060514001;05060514001;1
"Leverandørs artikkelnr";Norsk;05066072001;05066072001;1
"Leverandørs artikkelnr";Norsk;05066073001;05066073001;1
"Leverandørs artikkelnr";Norsk;05066074001;05066074001;1
"Leverandørs artikkelnr";Norsk;05066075001;05066075001;1
"Leverandørs artikkelnr";Norsk;05066076001;05066076001;1
"Leverandørs artikkelnr";Norsk;05066077001;05066077001;1
"Leverandørs artikkelnr";Norsk;05066078001;05066078001;1
"Leverandørs artikkelnr";Norsk;05066082001;05066082001;1
"Leverandørs artikkelnr";Norsk;05066084001;05066084001;1
"Leverandørs artikkelnr";Norsk;05066300001;05066300001;1
"Leverandørs artikkelnr";Norsk;05066301001;05066301001;1
"Leverandørs artikkelnr";Norsk;05066302001;05066302001;1
"Leverandørs artikkelnr";Norsk;05066303001;05066303001;1
"Leverandørs artikkelnr";Norsk;05066304001;05066304001;1
"Leverandørs artikkelnr";Norsk;05066305001;05066305001;1
"Leverandørs artikkelnr";Norsk;05066308001;05066308001;1
"Leverandørs artikkelnr";Norsk;05066310001;05066310001;1
"Leverandørs artikkelnr";Norsk;05066312001;05066312001;1
"Leverandørs artikkelnr";Norsk;05066313001;05066313001;1
"Leverandørs artikkelnr";Norsk;05066315001;05066315001;1
"Leverandørs artikkelnr";Norsk;05066320001;05066320001;1
"Leverandørs artikkelnr";Norsk;05066622001;05066622001;1
"Leverandørs artikkelnr";Norsk;05066624001;05066624001;1
"Leverandørs artikkelnr";Norsk;05066628001;05066628001;1
"Leverandørs artikkelnr";Norsk;05066630001;05066630001;1
"Leverandørs artikkelnr";Norsk;05066632001;05066632001;1
"Leverandørs artikkelnr";Norsk;05066634001;05066634001;1
"Leverandørs artikkelnr";Norsk;05066652001;05066652001;1
"Leverandørs artikkelnr";Norsk;05066692001;05066692001;1
"Leverandørs artikkelnr";Norsk;05066694001;05066694001;1
"Leverandørs artikkelnr";Norsk;05071081001;05071081001;1
"Leverandørs artikkelnr";Norsk;05071082001;05071082001;1
"Leverandørs artikkelnr";Norsk;05073200001;05073200001;1
"Leverandørs artikkelnr";Norsk;05073220001;05073220001;1
"Leverandørs artikkelnr";Norsk;050732300011;050732300011;1
"Leverandørs artikkelnr";Norsk;05073240001;05073240001;1
"Leverandørs artikkelnr";Norsk;05073261001;05073261001;1
"Leverandørs artikkelnr";Norsk;05073262001;05073262001;1
"Leverandørs artikkelnr";Norsk;05073268001;05073268001;1
"Leverandørs artikkelnr";Norsk;05073270001;05073270001;1
"Leverandørs artikkelnr";Norsk;05073271001;05073271001;1
"Leverandørs artikkelnr";Norsk;05073272001;05073272001;1
"Leverandørs artikkelnr";Norsk;05073273001;05073273001;1
"Leverandørs artikkelnr";Norsk;05073274001;05073274001;1
"Leverandørs artikkelnr";Norsk;05073275001;05073275001;1
"Leverandørs artikkelnr";Norsk;05073276001;05073276001;1
"Leverandørs artikkelnr";Norsk;05073277001;05073277001;1
"Leverandørs artikkelnr";Norsk;05073278001;05073278001;1
"Leverandørs artikkelnr";Norsk;05073279001;05073279001;1
"Leverandørs artikkelnr";Norsk;05073290001;05073290001;1
"Leverandørs artikkelnr";Norsk;05073391001;05073391001;1
"Leverandørs artikkelnr";Norsk;05073403001;05073403001;1
"Leverandørs artikkelnr";Norsk;05073593001;05073593001;1
"Leverandørs artikkelnr";Norsk;05073596001;05073596001;1
"Leverandørs artikkelnr";Norsk;05073675001;05073675001;1
"Leverandørs artikkelnr";Norsk;05073676001;05073676001;1
"Leverandørs artikkelnr";Norsk;05073677001;05073677001;1
"Leverandørs artikkelnr";Norsk;05073890001;05073890001;1
"Leverandørs artikkelnr";Norsk;05074700001;05074700001;1
"Leverandørs artikkelnr";Norsk;05074701001;05074701001;1
"Leverandørs artikkelnr";Norsk;05074702001;05074702001;1
"Leverandørs artikkelnr";Norsk;05074730001;05074730001;1
"Leverandørs artikkelnr";Norsk;05074731001;05074731001;1
"Leverandørs artikkelnr";Norsk;05074770001;05074770001;1
"Leverandørs artikkelnr";Norsk;05074780001;05074780001;1
"Leverandørs artikkelnr";Norsk;05075604001;05075604001;1
"Leverandørs artikkelnr";Norsk;05075610001;05075610001;1
"Leverandørs artikkelnr";Norsk;05075611001;05075611001;1
"Leverandørs artikkelnr";Norsk;05075620001;05075620001;1
"Leverandørs artikkelnr";Norsk;05075621001;05075621001;1
"Leverandørs artikkelnr";Norsk;05075622001;05075622001;1
"Leverandørs artikkelnr";Norsk;05075623001;05075623001;1
"Leverandørs artikkelnr";Norsk;05075624001;05075624001;1
"Leverandørs artikkelnr";Norsk;05075630001;05075630001;1
"Leverandørs artikkelnr";Norsk;05075651001;05075651001;1
"Leverandørs artikkelnr";Norsk;05075653001;05075653001;1
"Leverandørs artikkelnr";Norsk;05075655001;05075655001;1
"Leverandørs artikkelnr";Norsk;05075670001;05075670001;1
"Leverandørs artikkelnr";Norsk;05077002001;05077002001;1
"Leverandørs artikkelnr";Norsk;05078603001;05078603001;1
"Leverandørs artikkelnr";Norsk;05078635001;05078635001;1
"Leverandørs artikkelnr";Norsk;05078636001;05078636001;1
"Leverandørs artikkelnr";Norsk;05078707001;05078707001;1
"Leverandørs artikkelnr";Norsk;05100012001;05100012001;1
"Leverandørs artikkelnr";Norsk;05100016001;05100016001;1
"Leverandørs artikkelnr";Norsk;05104650001;05104650001;1
"Leverandørs artikkelnr";Norsk;05105630001;05105630001;1
"Leverandørs artikkelnr";Norsk;05105631001;05105631001;1
"Leverandørs artikkelnr";Norsk;05105650001;05105650001;1
"Leverandørs artikkelnr";Norsk;05105656001;05105656001;1
"Leverandørs artikkelnr";Norsk;05110000001;05110000001;1
"Leverandørs artikkelnr";Norsk;05110001001;05110001001;1
"Leverandørs artikkelnr";Norsk;05110002001;05110002001;1
"Leverandørs artikkelnr";Norsk;05110004001;05110004001;1
"Leverandørs artikkelnr";Norsk;05110007001;05110007001;1
"Leverandørs artikkelnr";Norsk;05110010001;05110010001;1
"Leverandørs artikkelnr";Norsk;05110011001;05110011001;1
"Leverandørs artikkelnr";Norsk;05110104001;05110104001;1
"Leverandørs artikkelnr";Norsk;05130110001;05130110001;1
"Leverandørs artikkelnr";Norsk;05133285001;05133285001;1
"Leverandørs artikkelnr";Norsk;05133862001;05133862001;1
"Leverandørs artikkelnr";Norsk;05133916001;05133916001;1
"Leverandørs artikkelnr";Norsk;05134000001;05134000001;1
"Leverandørs artikkelnr";Norsk;05134480001;05134480001;1
"Leverandørs artikkelnr";Norsk;05134679001;05134679001;1
"Leverandørs artikkelnr";Norsk;05134680001;05134680001;1
"Leverandørs artikkelnr";Norsk;05134681001;05134681001;1
"Leverandørs artikkelnr";Norsk;05134683001;05134683001;1
"Leverandørs artikkelnr";Norsk;05134685001;05134685001;1
"Leverandørs artikkelnr";Norsk;05134941001;05134941001;1
"Leverandørs artikkelnr";Norsk;05134950001;05134950001;1
"Leverandørs artikkelnr";Norsk;05134951001;05134951001;1
"Leverandørs artikkelnr";Norsk;05134952001;05134952001;1
"Leverandørs artikkelnr";Norsk;05135073001;05135073001;1
"Leverandørs artikkelnr";Norsk;05135926001;05135926001;1
"Leverandørs artikkelnr";Norsk;05135942001;05135942001;1
"Leverandørs artikkelnr";Norsk;05135973001;05135973001;1
"Leverandørs artikkelnr";Norsk;05135997001;05135997001;1
"Leverandørs artikkelnr";Norsk;05136027001;05136027001;1
"Leverandørs artikkelnr";Norsk;05136600001;05136600001;1
"Leverandørs artikkelnr";Norsk;05136602001;05136602001;1
"Leverandørs artikkelnr";Norsk;05136605001;05136605001;1
"Leverandørs artikkelnr";Norsk;05138260001;05138260001;1
"Leverandørs artikkelnr";Norsk;05138261001;05138261001;1
"Leverandørs artikkelnr";Norsk;05138262001;05138262001;1
"Leverandørs artikkelnr";Norsk;05138263001;05138263001;1
"Leverandørs artikkelnr";Norsk;05138264001;05138264001;1
"Leverandørs artikkelnr";Norsk;05138265001;05138265001;1
"Leverandørs artikkelnr";Norsk;05138266001;05138266001;1
"Leverandørs artikkelnr";Norsk;05140250001;05140250001;1
"Leverandørs artikkelnr";Norsk;05160785001;05160785001;1
"Leverandørs artikkelnr";Norsk;05160830001;05160830001;1
"Leverandørs artikkelnr";Norsk;05160917001;05160917001;1
"Leverandørs artikkelnr";Norsk;05308428001;05308428001;1
"Leverandørs artikkelnr";Norsk;05380033001;05380033001;1
"Leverandørs artikkelnr";Norsk;05380045001;05380045001;1
"Leverandørs artikkelnr";Norsk;05380046001;05380046001;1
"Leverandørs artikkelnr";Norsk;05380047001;05380047001;1
"Leverandørs artikkelnr";Norsk;05380048001;05380048001;1
"Leverandørs artikkelnr";Norsk;05380049001;05380049001;1
"Leverandørs artikkelnr";Norsk;05380050001;05380050001;1
"Leverandørs artikkelnr";Norsk;05380103001;05380103001;1
"Leverandørs artikkelnr";Norsk;05380106001;05380106001;1
"Leverandørs artikkelnr";Norsk;05380107001;05380107001;1
"Leverandørs artikkelnr";Norsk;05380124001;05380124001;1
"Leverandørs artikkelnr";Norsk;05380127001;05380127001;1
"Leverandørs artikkelnr";Norsk;05380128001;05380128001;1
"Leverandørs artikkelnr";Norsk;"08 22 145 T";"08 22 145 T";1
"Leverandørs artikkelnr";Norsk;"08 26 145 T";"08 26 145 T";1
"Leverandørs artikkelnr";Norsk;1000;1000;1
"Leverandørs artikkelnr";Norsk;10115;10115;1
"Leverandørs artikkelnr";Norsk;10187;10187;1
"Leverandørs artikkelnr";Norsk;10188;10188;1
"Leverandørs artikkelnr";Norsk;10190;10190;1
"Leverandørs artikkelnr";Norsk;10191;10191;1
"Leverandørs artikkelnr";Norsk;10355;10355;1
"Leverandørs artikkelnr";Norsk;103700209;103700209;1
"Leverandørs artikkelnr";Norsk;10650;10650;1
"Leverandørs artikkelnr";Norsk;106BTMX;106BTMX;1
"Leverandørs artikkelnr";Norsk;10E393;10E393;1
"Leverandørs artikkelnr";Norsk;10E394;10E394;1
"Leverandørs artikkelnr";Norsk;"11 01 0200";"11 01 0200";1
"Leverandørs artikkelnr";Norsk;11010006;11010006;1
"Leverandørs artikkelnr";Norsk;11010010;11010010;1
"Leverandørs artikkelnr";Norsk;11020000;11020000;1
"Leverandørs artikkelnr";Norsk;11030003;11030003;1
"Leverandørs artikkelnr";Norsk;11040000;11040000;1
"Leverandørs artikkelnr";Norsk;11050010;11050010;1
"Leverandørs artikkelnr";Norsk;11053002;11053002;1
"Leverandørs artikkelnr";Norsk;11061010;11061010;1
"Leverandørs artikkelnr";Norsk;11070000;11070000;1
"Leverandørs artikkelnr";Norsk;110STMDY;110STMDY;1
"Leverandørs artikkelnr";Norsk;110STMY;110STMY;1
"Leverandørs artikkelnr";Norsk;110TMDY;110TMDY;1
"Leverandørs artikkelnr";Norsk;110TMY;110TMY;1
"Leverandørs artikkelnr";Norsk;11111010;11111010;1
"Leverandørs artikkelnr";Norsk;11111030;11111030;1
"Leverandørs artikkelnr";Norsk;11200;11200;1
"Leverandørs artikkelnr";Norsk;11203;11203;1
"Leverandørs artikkelnr";Norsk;11206;11206;1
"Leverandørs artikkelnr";Norsk;11209;11209;1
"Leverandørs artikkelnr";Norsk;11210;11210;1
"Leverandørs artikkelnr";Norsk;11214;11214;1
"Leverandørs artikkelnr";Norsk;11215;11215;1
"Leverandørs artikkelnr";Norsk;11216;11216;1
"Leverandørs artikkelnr";Norsk;11218;11218;1
"Leverandørs artikkelnr";Norsk;11219;11219;1
"Leverandørs artikkelnr";Norsk;11220;11220;1
"Leverandørs artikkelnr";Norsk;11221;11221;1
"Leverandørs artikkelnr";Norsk;11226;11226;1
"Leverandørs artikkelnr";Norsk;11227;11227;1
"Leverandørs artikkelnr";Norsk;11228;11228;1
"Leverandørs artikkelnr";Norsk;11229;11229;1
"Leverandørs artikkelnr";Norsk;11230;11230;1
"Leverandørs artikkelnr";Norsk;11231;11231;1
"Leverandørs artikkelnr";Norsk;11232;11232;1
"Leverandørs artikkelnr";Norsk;11233;11233;1
"Leverandørs artikkelnr";Norsk;11234;11234;1
"Leverandørs artikkelnr";Norsk;11235;11235;1
"Leverandørs artikkelnr";Norsk;11236;11236;1
"Leverandørs artikkelnr";Norsk;11237;11237;1
"Leverandørs artikkelnr";Norsk;11238;11238;1
"Leverandørs artikkelnr";Norsk;11239;11239;1
"Leverandørs artikkelnr";Norsk;11240;11240;1
"Leverandørs artikkelnr";Norsk;11241;11241;1
"Leverandørs artikkelnr";Norsk;11242;11242;1
"Leverandørs artikkelnr";Norsk;11255;11255;1
"Leverandørs artikkelnr";Norsk;11256;11256;1
"Leverandørs artikkelnr";Norsk;11257;11257;1
"Leverandørs artikkelnr";Norsk;11258;11258;1
"Leverandørs artikkelnr";Norsk;11259;11259;1
"Leverandørs artikkelnr";Norsk;11260;11260;1
"Leverandørs artikkelnr";Norsk;11261;11261;1
"Leverandørs artikkelnr";Norsk;11262;11262;1
"Leverandørs artikkelnr";Norsk;11263;11263;1
"Leverandørs artikkelnr";Norsk;11264;11264;1
"Leverandørs artikkelnr";Norsk;11266;11266;1
"Leverandørs artikkelnr";Norsk;11267;11267;1
"Leverandørs artikkelnr";Norsk;11268;11268;1
"Leverandørs artikkelnr";Norsk;11269;11269;1
"Leverandørs artikkelnr";Norsk;11270;11270;1
"Leverandørs artikkelnr";Norsk;11271;11271;1
"Leverandørs artikkelnr";Norsk;11272;11272;1
"Leverandørs artikkelnr";Norsk;11273;11273;1
"Leverandørs artikkelnr";Norsk;11274;11274;1
"Leverandørs artikkelnr";Norsk;11275;11275;1
"Leverandørs artikkelnr";Norsk;11276;11276;1
"Leverandørs artikkelnr";Norsk;11277;11277;1
"Leverandørs artikkelnr";Norsk;11278;11278;1
"Leverandørs artikkelnr";Norsk;11279;11279;1
"Leverandørs artikkelnr";Norsk;11280;11280;1
"Leverandørs artikkelnr";Norsk;11281;11281;1
"Leverandørs artikkelnr";Norsk;11282;11282;1
"Leverandørs artikkelnr";Norsk;11285;11285;1
"Leverandørs artikkelnr";Norsk;11286;11286;1
"Leverandørs artikkelnr";Norsk;11287;11287;1
"Leverandørs artikkelnr";Norsk;11288;11288;1
"Leverandørs artikkelnr";Norsk;11289;11289;1
"Leverandørs artikkelnr";Norsk;11290;11290;1
"Leverandørs artikkelnr";Norsk;11291;11291;1
"Leverandørs artikkelnr";Norsk;11292;11292;1
"Leverandørs artikkelnr";Norsk;11293;11293;1
"Leverandørs artikkelnr";Norsk;11294;11294;1
"Leverandørs artikkelnr";Norsk;112RTA;112RTA;1
"Leverandørs artikkelnr";Norsk;11301;11301;1
"Leverandørs artikkelnr";Norsk;11305;11305;1
"Leverandørs artikkelnr";Norsk;11306;11306;1
"Leverandørs artikkelnr";Norsk;11308;11308;1
"Leverandørs artikkelnr";Norsk;11309;11309;1
"Leverandørs artikkelnr";Norsk;11310;11310;1
"Leverandørs artikkelnr";Norsk;11311;11311;1
"Leverandørs artikkelnr";Norsk;11312;11312;1
"Leverandørs artikkelnr";Norsk;11315;11315;1
"Leverandørs artikkelnr";Norsk;11316;11316;1
"Leverandørs artikkelnr";Norsk;11318;11318;1
"Leverandørs artikkelnr";Norsk;11320;11320;1
"Leverandørs artikkelnr";Norsk;11321;11321;1
"Leverandørs artikkelnr";Norsk;11322;11322;1
"Leverandørs artikkelnr";Norsk;11323;11323;1
"Leverandørs artikkelnr";Norsk;11325;11325;1
"Leverandørs artikkelnr";Norsk;11326;11326;1
"Leverandørs artikkelnr";Norsk;11327;11327;1
"Leverandørs artikkelnr";Norsk;11328;11328;1
"Leverandørs artikkelnr";Norsk;11329;11329;1
"Leverandørs artikkelnr";Norsk;11329-1;11329-1;1
"Leverandørs artikkelnr";Norsk;11330;11330;1
"Leverandørs artikkelnr";Norsk;11333;11333;1
"Leverandørs artikkelnr";Norsk;11334;11334;1
"Leverandørs artikkelnr";Norsk;11335;11335;1
"Leverandørs artikkelnr";Norsk;11336;11336;1
"Leverandørs artikkelnr";Norsk;11338;11338;1
"Leverandørs artikkelnr";Norsk;11339;11339;1
"Leverandørs artikkelnr";Norsk;11340;11340;1
"Leverandørs artikkelnr";Norsk;113400;113400;1
"Leverandørs artikkelnr";Norsk;113401;113401;1
"Leverandørs artikkelnr";Norsk;113402;113402;1
"Leverandørs artikkelnr";Norsk;113403;113403;1
"Leverandørs artikkelnr";Norsk;113404;113404;1
"Leverandørs artikkelnr";Norsk;113405;113405;1
"Leverandørs artikkelnr";Norsk;113406;113406;1
"Leverandørs artikkelnr";Norsk;113407;113407;1
"Leverandørs artikkelnr";Norsk;113408;113408;1
"Leverandørs artikkelnr";Norsk;113409;113409;1
"Leverandørs artikkelnr";Norsk;11341;11341;1
"Leverandørs artikkelnr";Norsk;113410;113410;1
"Leverandørs artikkelnr";Norsk;113411;113411;1
"Leverandørs artikkelnr";Norsk;113412;113412;1
"Leverandørs artikkelnr";Norsk;11342;11342;1
"Leverandørs artikkelnr";Norsk;11344;11344;1
"Leverandørs artikkelnr";Norsk;11346;11346;1
"Leverandørs artikkelnr";Norsk;11348;11348;1
"Leverandørs artikkelnr";Norsk;11349;11349;1
"Leverandørs artikkelnr";Norsk;11350;11350;1
"Leverandørs artikkelnr";Norsk;11351;11351;1
"Leverandørs artikkelnr";Norsk;11352;11352;1
"Leverandørs artikkelnr";Norsk;11353;11353;1
"Leverandørs artikkelnr";Norsk;11354;11354;1
"Leverandørs artikkelnr";Norsk;11355;11355;1
"Leverandørs artikkelnr";Norsk;11356;11356;1
"Leverandørs artikkelnr";Norsk;11357;11357;1
"Leverandørs artikkelnr";Norsk;11358;11358;1
"Leverandørs artikkelnr";Norsk;11359;11359;1
"Leverandørs artikkelnr";Norsk;11360;11360;1
"Leverandørs artikkelnr";Norsk;11361;11361;1
"Leverandørs artikkelnr";Norsk;11362;11362;1
"Leverandørs artikkelnr";Norsk;11370;11370;1
"Leverandørs artikkelnr";Norsk;11371;11371;1
"Leverandørs artikkelnr";Norsk;11372;11372;1
"Leverandørs artikkelnr";Norsk;11373;11373;1
"Leverandørs artikkelnr";Norsk;11374;11374;1
"Leverandørs artikkelnr";Norsk;11375;11375;1
"Leverandørs artikkelnr";Norsk;11376;11376;1
"Leverandørs artikkelnr";Norsk;11377;11377;1
"Leverandørs artikkelnr";Norsk;11378;11378;1
"Leverandørs artikkelnr";Norsk;11379;11379;1
"Leverandørs artikkelnr";Norsk;11380;11380;1
"Leverandørs artikkelnr";Norsk;11381;11381;1
"Leverandørs artikkelnr";Norsk;11382;11382;1
"Leverandørs artikkelnr";Norsk;11383;11383;1
"Leverandørs artikkelnr";Norsk;11384;11384;1
"Leverandørs artikkelnr";Norsk;11385;11385;1
"Leverandørs artikkelnr";Norsk;11387;11387;1
"Leverandørs artikkelnr";Norsk;11389;11389;1
"Leverandørs artikkelnr";Norsk;11390;11390;1
"Leverandørs artikkelnr";Norsk;11391;11391;1
"Leverandørs artikkelnr";Norsk;11392;11392;1
"Leverandørs artikkelnr";Norsk;11393;11393;1
"Leverandørs artikkelnr";Norsk;11394;11394;1
"Leverandørs artikkelnr";Norsk;11395;11395;1
"Leverandørs artikkelnr";Norsk;11396;11396;1
"Leverandørs artikkelnr";Norsk;11397;11397;1
"Leverandørs artikkelnr";Norsk;11398;11398;1
"Leverandørs artikkelnr";Norsk;11399;11399;1
"Leverandørs artikkelnr";Norsk;11400;11400;1
"Leverandørs artikkelnr";Norsk;11401;11401;1
"Leverandørs artikkelnr";Norsk;11438;11438;1
"Leverandørs artikkelnr";Norsk;11439;11439;1
"Leverandørs artikkelnr";Norsk;11440;11440;1
"Leverandørs artikkelnr";Norsk;11441;11441;1
"Leverandørs artikkelnr";Norsk;11442;11442;1
"Leverandørs artikkelnr";Norsk;11443;11443;1
"Leverandørs artikkelnr";Norsk;11444;11444;1
"Leverandørs artikkelnr";Norsk;11445;11445;1
"Leverandørs artikkelnr";Norsk;11446;11446;1
"Leverandørs artikkelnr";Norsk;11447;11447;1
"Leverandørs artikkelnr";Norsk;11448;11448;1
"Leverandørs artikkelnr";Norsk;11449;11449;1
"Leverandørs artikkelnr";Norsk;11450;11450;1
"Leverandørs artikkelnr";Norsk;11451;11451;1
"Leverandørs artikkelnr";Norsk;11452;11452;1
"Leverandørs artikkelnr";Norsk;11453;11453;1
"Leverandørs artikkelnr";Norsk;11454;11454;1
"Leverandørs artikkelnr";Norsk;11455;11455;1
"Leverandørs artikkelnr";Norsk;11456;11456;1
"Leverandørs artikkelnr";Norsk;11457;11457;1
"Leverandørs artikkelnr";Norsk;11458;11458;1
"Leverandørs artikkelnr";Norsk;11459;11459;1
"Leverandørs artikkelnr";Norsk;11460;11460;1
"Leverandørs artikkelnr";Norsk;11461;11461;1
"Leverandørs artikkelnr";Norsk;11462;11462;1
"Leverandørs artikkelnr";Norsk;11463;11463;1
"Leverandørs artikkelnr";Norsk;11464;11464;1
"Leverandørs artikkelnr";Norsk;11465;11465;1
"Leverandørs artikkelnr";Norsk;11466;11466;1
"Leverandørs artikkelnr";Norsk;11468;11468;1
"Leverandørs artikkelnr";Norsk;11470;11470;1
"Leverandørs artikkelnr";Norsk;11471;11471;1
"Leverandørs artikkelnr";Norsk;11472;11472;1
"Leverandørs artikkelnr";Norsk;11473;11473;1
"Leverandørs artikkelnr";Norsk;11474;11474;1
"Leverandørs artikkelnr";Norsk;11475;11475;1
"Leverandørs artikkelnr";Norsk;11476;11476;1
"Leverandørs artikkelnr";Norsk;11477;11477;1
"Leverandørs artikkelnr";Norsk;11478;11478;1
"Leverandørs artikkelnr";Norsk;11479;11479;1
"Leverandørs artikkelnr";Norsk;11480;11480;1
"Leverandørs artikkelnr";Norsk;11481;11481;1
"Leverandørs artikkelnr";Norsk;11482;11482;1
"Leverandørs artikkelnr";Norsk;11483;11483;1
"Leverandørs artikkelnr";Norsk;11484;11484;1
"Leverandørs artikkelnr";Norsk;11485;11485;1
"Leverandørs artikkelnr";Norsk;11487;11487;1
"Leverandørs artikkelnr";Norsk;11488;11488;1
"Leverandørs artikkelnr";Norsk;11489;11489;1
"Leverandørs artikkelnr";Norsk;11490;11490;1
"Leverandørs artikkelnr";Norsk;114900301;114900301;1
"Leverandørs artikkelnr";Norsk;11491;11491;1
"Leverandørs artikkelnr";Norsk;11492;11492;1
"Leverandørs artikkelnr";Norsk;11493;11493;1
"Leverandørs artikkelnr";Norsk;11494;11494;1
"Leverandørs artikkelnr";Norsk;11495;11495;1
"Leverandørs artikkelnr";Norsk;11496;11496;1
"Leverandørs artikkelnr";Norsk;11497;11497;1
"Leverandørs artikkelnr";Norsk;11498;11498;1
"Leverandørs artikkelnr";Norsk;11499;11499;1
"Leverandørs artikkelnr";Norsk;11500;11500;1
"Leverandørs artikkelnr";Norsk;11501;11501;1
"Leverandørs artikkelnr";Norsk;11502;11502;1
"Leverandørs artikkelnr";Norsk;11503;11503;1
"Leverandørs artikkelnr";Norsk;11504;11504;1
"Leverandørs artikkelnr";Norsk;11505;11505;1
"Leverandørs artikkelnr";Norsk;11506;11506;1
"Leverandørs artikkelnr";Norsk;11507;11507;1
"Leverandørs artikkelnr";Norsk;11508;11508;1
"Leverandørs artikkelnr";Norsk;11509;11509;1
"Leverandørs artikkelnr";Norsk;11510;11510;1
"Leverandørs artikkelnr";Norsk;11511;11511;1
"Leverandørs artikkelnr";Norsk;11512;11512;1
"Leverandørs artikkelnr";Norsk;11513;11513;1
"Leverandørs artikkelnr";Norsk;11514;11514;1
"Leverandørs artikkelnr";Norsk;11515;11515;1
"Leverandørs artikkelnr";Norsk;11516;11516;1
"Leverandørs artikkelnr";Norsk;11517;11517;1
"Leverandørs artikkelnr";Norsk;11518;11518;1
"Leverandørs artikkelnr";Norsk;11519;11519;1
"Leverandørs artikkelnr";Norsk;11520;11520;1
"Leverandørs artikkelnr";Norsk;11521;11521;1
"Leverandørs artikkelnr";Norsk;11522;11522;1
"Leverandørs artikkelnr";Norsk;11523;11523;1
"Leverandørs artikkelnr";Norsk;11525;11525;1
"Leverandørs artikkelnr";Norsk;11527;11527;1
"Leverandørs artikkelnr";Norsk;11528;11528;1
"Leverandørs artikkelnr";Norsk;11529;11529;1
"Leverandørs artikkelnr";Norsk;11530;11530;1
"Leverandørs artikkelnr";Norsk;11531;11531;1
"Leverandørs artikkelnr";Norsk;11532;11532;1
"Leverandørs artikkelnr";Norsk;11533;11533;1
"Leverandørs artikkelnr";Norsk;11534;11534;1
"Leverandørs artikkelnr";Norsk;11535;11535;1
"Leverandørs artikkelnr";Norsk;11536;11536;1
"Leverandørs artikkelnr";Norsk;11537;11537;1
"Leverandørs artikkelnr";Norsk;11538;11538;1
"Leverandørs artikkelnr";Norsk;11539;11539;1
"Leverandørs artikkelnr";Norsk;11540;11540;1
"Leverandørs artikkelnr";Norsk;11541;11541;1
"Leverandørs artikkelnr";Norsk;11542;11542;1
"Leverandørs artikkelnr";Norsk;11543;11543;1
"Leverandørs artikkelnr";Norsk;11544;11544;1
"Leverandørs artikkelnr";Norsk;11545;11545;1
"Leverandørs artikkelnr";Norsk;11546;11546;1
"Leverandørs artikkelnr";Norsk;11547;11547;1
"Leverandørs artikkelnr";Norsk;11548;11548;1
"Leverandørs artikkelnr";Norsk;11549;11549;1
"Leverandørs artikkelnr";Norsk;11550;11550;1
"Leverandørs artikkelnr";Norsk;11551;11551;1
"Leverandørs artikkelnr";Norsk;11552;11552;1
"Leverandørs artikkelnr";Norsk;11553;11553;1
"Leverandørs artikkelnr";Norsk;11554;11554;1
"Leverandørs artikkelnr";Norsk;11555;11555;1
"Leverandørs artikkelnr";Norsk;11556;11556;1
"Leverandørs artikkelnr";Norsk;11557;11557;1
"Leverandørs artikkelnr";Norsk;11558;11558;1
"Leverandørs artikkelnr";Norsk;11559;11559;1
"Leverandørs artikkelnr";Norsk;11560;11560;1
"Leverandørs artikkelnr";Norsk;11561;11561;1
"Leverandørs artikkelnr";Norsk;11562;11562;1
"Leverandørs artikkelnr";Norsk;11563;11563;1
"Leverandørs artikkelnr";Norsk;11564;11564;1
"Leverandørs artikkelnr";Norsk;11565;11565;1
"Leverandørs artikkelnr";Norsk;11566;11566;1
"Leverandørs artikkelnr";Norsk;11567;11567;1
"Leverandørs artikkelnr";Norsk;11568;11568;1
"Leverandørs artikkelnr";Norsk;11569;11569;1
"Leverandørs artikkelnr";Norsk;11570;11570;1
"Leverandørs artikkelnr";Norsk;11571;11571;1
"Leverandørs artikkelnr";Norsk;11572;11572;1
"Leverandørs artikkelnr";Norsk;11573;11573;1
"Leverandørs artikkelnr";Norsk;11574;11574;1
"Leverandørs artikkelnr";Norsk;11575;11575;1
"Leverandørs artikkelnr";Norsk;11576;11576;1
"Leverandørs artikkelnr";Norsk;11577;11577;1
"Leverandørs artikkelnr";Norsk;11578;11578;1
"Leverandørs artikkelnr";Norsk;11579;11579;1
"Leverandørs artikkelnr";Norsk;11600;11600;1
"Leverandørs artikkelnr";Norsk;11601;11601;1
"Leverandørs artikkelnr";Norsk;11602;11602;1
"Leverandørs artikkelnr";Norsk;11603;11603;1
"Leverandørs artikkelnr";Norsk;11604;11604;1
"Leverandørs artikkelnr";Norsk;11605;11605;1
"Leverandørs artikkelnr";Norsk;11606;11606;1
"Leverandørs artikkelnr";Norsk;11607;11607;1
"Leverandørs artikkelnr";Norsk;11608;11608;1
"Leverandørs artikkelnr";Norsk;11609;11609;1
"Leverandørs artikkelnr";Norsk;11610;11610;1
"Leverandørs artikkelnr";Norsk;11611;11611;1
"Leverandørs artikkelnr";Norsk;11612;11612;1
"Leverandørs artikkelnr";Norsk;11613;11613;1
"Leverandørs artikkelnr";Norsk;11614;11614;1
"Leverandørs artikkelnr";Norsk;11615;11615;1
"Leverandørs artikkelnr";Norsk;11616;11616;1
"Leverandørs artikkelnr";Norsk;11617;11617;1
"Leverandørs artikkelnr";Norsk;11618;11618;1
"Leverandørs artikkelnr";Norsk;11620;11620;1
"Leverandørs artikkelnr";Norsk;11621;11621;1
"Leverandørs artikkelnr";Norsk;11622;11622;1
"Leverandørs artikkelnr";Norsk;11624;11624;1
"Leverandørs artikkelnr";Norsk;11625;11625;1
"Leverandørs artikkelnr";Norsk;11628;11628;1
"Leverandørs artikkelnr";Norsk;11630;11630;1
"Leverandørs artikkelnr";Norsk;11631;11631;1
"Leverandørs artikkelnr";Norsk;11632;11632;1
"Leverandørs artikkelnr";Norsk;11633;11633;1
"Leverandørs artikkelnr";Norsk;11634;11634;1
"Leverandørs artikkelnr";Norsk;11635;11635;1
"Leverandørs artikkelnr";Norsk;11636;11636;1
"Leverandørs artikkelnr";Norsk;11637;11637;1
"Leverandørs artikkelnr";Norsk;11638;11638;1
"Leverandørs artikkelnr";Norsk;11639;11639;1
"Leverandørs artikkelnr";Norsk;11640;11640;1
"Leverandørs artikkelnr";Norsk;11641;11641;1
"Leverandørs artikkelnr";Norsk;11642;11642;1
"Leverandørs artikkelnr";Norsk;11643;11643;1
"Leverandørs artikkelnr";Norsk;11644;11644;1
"Leverandørs artikkelnr";Norsk;11645;11645;1
"Leverandørs artikkelnr";Norsk;11646;11646;1
"Leverandørs artikkelnr";Norsk;11647;11647;1
"Leverandørs artikkelnr";Norsk;11648;11648;1
"Leverandørs artikkelnr";Norsk;11649;11649;1
"Leverandørs artikkelnr";Norsk;11650;11650;1
"Leverandørs artikkelnr";Norsk;11651;11651;1
"Leverandørs artikkelnr";Norsk;116521;116521;1
"Leverandørs artikkelnr";Norsk;116522;116522;1
"Leverandørs artikkelnr";Norsk;116523;116523;1
"Leverandørs artikkelnr";Norsk;116524;116524;1
"Leverandørs artikkelnr";Norsk;116525;116525;1
"Leverandørs artikkelnr";Norsk;116526;116526;1
"Leverandørs artikkelnr";Norsk;116527;116527;1
"Leverandørs artikkelnr";Norsk;116528;116528;1
"Leverandørs artikkelnr";Norsk;116529;116529;1
"Leverandørs artikkelnr";Norsk;116531;116531;1
"Leverandørs artikkelnr";Norsk;116532;116532;1
"Leverandørs artikkelnr";Norsk;116533;116533;1
"Leverandørs artikkelnr";Norsk;116540;116540;1
"Leverandørs artikkelnr";Norsk;116541;116541;1
"Leverandørs artikkelnr";Norsk;116544;116544;1
"Leverandørs artikkelnr";Norsk;116546;116546;1
"Leverandørs artikkelnr";Norsk;116547;116547;1
"Leverandørs artikkelnr";Norsk;116548;116548;1
"Leverandørs artikkelnr";Norsk;116549;116549;1
"Leverandørs artikkelnr";Norsk;116550;116550;1
"Leverandørs artikkelnr";Norsk;116555;116555;1
"Leverandørs artikkelnr";Norsk;116556;116556;1
"Leverandørs artikkelnr";Norsk;116560;116560;1
"Leverandørs artikkelnr";Norsk;11670;11670;1
"Leverandørs artikkelnr";Norsk;11672;11672;1
"Leverandørs artikkelnr";Norsk;11673;11673;1
"Leverandørs artikkelnr";Norsk;11676;11676;1
"Leverandørs artikkelnr";Norsk;11679;11679;1
"Leverandørs artikkelnr";Norsk;11684;11684;1
"Leverandørs artikkelnr";Norsk;11685;11685;1
"Leverandørs artikkelnr";Norsk;11690;11690;1
"Leverandørs artikkelnr";Norsk;11691;11691;1
"Leverandørs artikkelnr";Norsk;11692;11692;1
"Leverandørs artikkelnr";Norsk;11693;11693;1
"Leverandørs artikkelnr";Norsk;11694;11694;1
"Leverandørs artikkelnr";Norsk;11695;11695;1
"Leverandørs artikkelnr";Norsk;11700;11700;1
"Leverandørs artikkelnr";Norsk;11701;11701;1
"Leverandørs artikkelnr";Norsk;11704;11704;1
"Leverandørs artikkelnr";Norsk;11705;11705;1
"Leverandørs artikkelnr";Norsk;11717;11717;1
"Leverandørs artikkelnr";Norsk;11719;11719;1
"Leverandørs artikkelnr";Norsk;11721;11721;1
"Leverandørs artikkelnr";Norsk;11722;11722;1
"Leverandørs artikkelnr";Norsk;11723;11723;1
"Leverandørs artikkelnr";Norsk;11724;11724;1
"Leverandørs artikkelnr";Norsk;11725;11725;1
"Leverandørs artikkelnr";Norsk;11726;11726;1
"Leverandørs artikkelnr";Norsk;11727;11727;1
"Leverandørs artikkelnr";Norsk;11728;11728;1
"Leverandørs artikkelnr";Norsk;11729;11729;1
"Leverandørs artikkelnr";Norsk;11730;11730;1
"Leverandørs artikkelnr";Norsk;11731;11731;1
"Leverandørs artikkelnr";Norsk;11732;11732;1
"Leverandørs artikkelnr";Norsk;11733;11733;1
"Leverandørs artikkelnr";Norsk;11734;11734;1
"Leverandørs artikkelnr";Norsk;11735;11735;1
"Leverandørs artikkelnr";Norsk;11736;11736;1
"Leverandørs artikkelnr";Norsk;11737;11737;1
"Leverandørs artikkelnr";Norsk;11738;11738;1
"Leverandørs artikkelnr";Norsk;11740;11740;1
"Leverandørs artikkelnr";Norsk;11741;11741;1
"Leverandørs artikkelnr";Norsk;11742;11742;1
"Leverandørs artikkelnr";Norsk;11743;11743;1
"Leverandørs artikkelnr";Norsk;11744;11744;1
"Leverandørs artikkelnr";Norsk;11746;11746;1
"Leverandørs artikkelnr";Norsk;11747;11747;1
"Leverandørs artikkelnr";Norsk;11748;11748;1
"Leverandørs artikkelnr";Norsk;11749;11749;1
"Leverandørs artikkelnr";Norsk;11750;11750;1
"Leverandørs artikkelnr";Norsk;11751;11751;1
"Leverandørs artikkelnr";Norsk;11752;11752;1
"Leverandørs artikkelnr";Norsk;11753;11753;1
"Leverandørs artikkelnr";Norsk;11754;11754;1
"Leverandørs artikkelnr";Norsk;11755;11755;1
"Leverandørs artikkelnr";Norsk;11756;11756;1
"Leverandørs artikkelnr";Norsk;11757;11757;1
"Leverandørs artikkelnr";Norsk;11758;11758;1
"Leverandørs artikkelnr";Norsk;11759;11759;1
"Leverandørs artikkelnr";Norsk;11760;11760;1
"Leverandørs artikkelnr";Norsk;11762;11762;1
"Leverandørs artikkelnr";Norsk;11763;11763;1
"Leverandørs artikkelnr";Norsk;11765;11765;1
"Leverandørs artikkelnr";Norsk;11767;11767;1
"Leverandørs artikkelnr";Norsk;11768;11768;1
"Leverandørs artikkelnr";Norsk;11770;11770;1
"Leverandørs artikkelnr";Norsk;11773;11773;1
"Leverandørs artikkelnr";Norsk;11775;11775;1
"Leverandørs artikkelnr";Norsk;11776;11776;1
"Leverandørs artikkelnr";Norsk;11778;11778;1
"Leverandørs artikkelnr";Norsk;11780;11780;1
"Leverandørs artikkelnr";Norsk;11785;11785;1
"Leverandørs artikkelnr";Norsk;11789;11789;1
"Leverandørs artikkelnr";Norsk;11790;11790;1
"Leverandørs artikkelnr";Norsk;11792;11792;1
"Leverandørs artikkelnr";Norsk;11795;11795;1
"Leverandørs artikkelnr";Norsk;11800;11800;1
"Leverandørs artikkelnr";Norsk;11801;11801;1
"Leverandørs artikkelnr";Norsk;11802;11802;1
"Leverandørs artikkelnr";Norsk;11803;11803;1
"Leverandørs artikkelnr";Norsk;11808;11808;1
"Leverandørs artikkelnr";Norsk;11808P;11808P;1
"Leverandørs artikkelnr";Norsk;11809;11809;1
"Leverandørs artikkelnr";Norsk;11810;11810;1
"Leverandørs artikkelnr";Norsk;11812;11812;1
"Leverandørs artikkelnr";Norsk;11815;11815;1
"Leverandørs artikkelnr";Norsk;11820;11820;1
"Leverandørs artikkelnr";Norsk;11821;11821;1
"Leverandørs artikkelnr";Norsk;11822;11822;1
"Leverandørs artikkelnr";Norsk;11823;11823;1
"Leverandørs artikkelnr";Norsk;11824;11824;1
"Leverandørs artikkelnr";Norsk;11825;11825;1
"Leverandørs artikkelnr";Norsk;11826;11826;1
"Leverandørs artikkelnr";Norsk;11827;11827;1
"Leverandørs artikkelnr";Norsk;11828;11828;1
"Leverandørs artikkelnr";Norsk;11829;11829;1
"Leverandørs artikkelnr";Norsk;11830;11830;1
"Leverandørs artikkelnr";Norsk;11831;11831;1
"Leverandørs artikkelnr";Norsk;11832;11832;1
"Leverandørs artikkelnr";Norsk;11833;11833;1
"Leverandørs artikkelnr";Norsk;11834;11834;1
"Leverandørs artikkelnr";Norsk;11835;11835;1
"Leverandørs artikkelnr";Norsk;11836;11836;1
"Leverandørs artikkelnr";Norsk;11837;11837;1
"Leverandørs artikkelnr";Norsk;11838;11838;1
"Leverandørs artikkelnr";Norsk;11839;11839;1
"Leverandørs artikkelnr";Norsk;11840;11840;1
"Leverandørs artikkelnr";Norsk;11841;11841;1
"Leverandørs artikkelnr";Norsk;11842;11842;1
"Leverandørs artikkelnr";Norsk;11843;11843;1
"Leverandørs artikkelnr";Norsk;11844;11844;1
"Leverandørs artikkelnr";Norsk;11845;11845;1
"Leverandørs artikkelnr";Norsk;11846;11846;1
"Leverandørs artikkelnr";Norsk;11847;11847;1
"Leverandørs artikkelnr";Norsk;11848;11848;1
"Leverandørs artikkelnr";Norsk;11849;11849;1
"Leverandørs artikkelnr";Norsk;11850;11850;1
"Leverandørs artikkelnr";Norsk;11851;11851;1
"Leverandørs artikkelnr";Norsk;11852;11852;1
"Leverandørs artikkelnr";Norsk;11853;11853;1
"Leverandørs artikkelnr";Norsk;11854;11854;1
"Leverandørs artikkelnr";Norsk;11855;11855;1
"Leverandørs artikkelnr";Norsk;11856;11856;1
"Leverandørs artikkelnr";Norsk;11857;11857;1
"Leverandørs artikkelnr";Norsk;11858;11858;1
"Leverandørs artikkelnr";Norsk;11859;11859;1
"Leverandørs artikkelnr";Norsk;11860;11860;1
"Leverandørs artikkelnr";Norsk;11861;11861;1
"Leverandørs artikkelnr";Norsk;11862;11862;1
"Leverandørs artikkelnr";Norsk;11863;11863;1
"Leverandørs artikkelnr";Norsk;11864;11864;1
"Leverandørs artikkelnr";Norsk;11865;11865;1
"Leverandørs artikkelnr";Norsk;11866;11866;1
"Leverandørs artikkelnr";Norsk;11867;11867;1
"Leverandørs artikkelnr";Norsk;11868;11868;1
"Leverandørs artikkelnr";Norsk;11869;11869;1
"Leverandørs artikkelnr";Norsk;11870;11870;1
"Leverandørs artikkelnr";Norsk;11871;11871;1
"Leverandørs artikkelnr";Norsk;11872;11872;1
"Leverandørs artikkelnr";Norsk;11873;11873;1
"Leverandørs artikkelnr";Norsk;11874;11874;1
"Leverandørs artikkelnr";Norsk;11881;11881;1
"Leverandørs artikkelnr";Norsk;11883;11883;1
"Leverandørs artikkelnr";Norsk;11885;11885;1
"Leverandørs artikkelnr";Norsk;11886;11886;1
"Leverandørs artikkelnr";Norsk;11887;11887;1
"Leverandørs artikkelnr";Norsk;11888;11888;1
"Leverandørs artikkelnr";Norsk;11889;11889;1
"Leverandørs artikkelnr";Norsk;11890;11890;1
"Leverandørs artikkelnr";Norsk;11891;11891;1
"Leverandørs artikkelnr";Norsk;11892;11892;1
"Leverandørs artikkelnr";Norsk;11893;11893;1
"Leverandørs artikkelnr";Norsk;11894;11894;1
"Leverandørs artikkelnr";Norsk;11895;11895;1
"Leverandørs artikkelnr";Norsk;11897;11897;1
"Leverandørs artikkelnr";Norsk;11898;11898;1
"Leverandørs artikkelnr";Norsk;11899;11899;1
"Leverandørs artikkelnr";Norsk;11900;11900;1
"Leverandørs artikkelnr";Norsk;11901;11901;1
"Leverandørs artikkelnr";Norsk;11902;11902;1
"Leverandørs artikkelnr";Norsk;11903;11903;1
"Leverandørs artikkelnr";Norsk;11904;11904;1
"Leverandørs artikkelnr";Norsk;11905;11905;1
"Leverandørs artikkelnr";Norsk;11906;11906;1
"Leverandørs artikkelnr";Norsk;11907;11907;1
"Leverandørs artikkelnr";Norsk;11908;11908;1
"Leverandørs artikkelnr";Norsk;11909;11909;1
"Leverandørs artikkelnr";Norsk;11910;11910;1
"Leverandørs artikkelnr";Norsk;11911;11911;1
"Leverandørs artikkelnr";Norsk;11912;11912;1
"Leverandørs artikkelnr";Norsk;11913;11913;1
"Leverandørs artikkelnr";Norsk;11914;11914;1
"Leverandørs artikkelnr";Norsk;11915;11915;1
"Leverandørs artikkelnr";Norsk;11916;11916;1
"Leverandørs artikkelnr";Norsk;11917;11917;1
"Leverandørs artikkelnr";Norsk;11918;11918;1
"Leverandørs artikkelnr";Norsk;11919;11919;1
"Leverandørs artikkelnr";Norsk;11920;11920;1
"Leverandørs artikkelnr";Norsk;11921;11921;1
"Leverandørs artikkelnr";Norsk;11922;11922;1
"Leverandørs artikkelnr";Norsk;11924;11924;1
"Leverandørs artikkelnr";Norsk;11925;11925;1
"Leverandørs artikkelnr";Norsk;11926;11926;1
"Leverandørs artikkelnr";Norsk;11927;11927;1
"Leverandørs artikkelnr";Norsk;11928;11928;1
"Leverandørs artikkelnr";Norsk;11929;11929;1
"Leverandørs artikkelnr";Norsk;11950;11950;1
"Leverandørs artikkelnr";Norsk;11951;11951;1
"Leverandørs artikkelnr";Norsk;11952;11952;1
"Leverandørs artikkelnr";Norsk;11953;11953;1
"Leverandørs artikkelnr";Norsk;11954;11954;1
"Leverandørs artikkelnr";Norsk;11955;11955;1
"Leverandørs artikkelnr";Norsk;11956;11956;1
"Leverandørs artikkelnr";Norsk;11957;11957;1
"Leverandørs artikkelnr";Norsk;11958;11958;1
"Leverandørs artikkelnr";Norsk;11959;11959;1
"Leverandørs artikkelnr";Norsk;11960;11960;1
"Leverandørs artikkelnr";Norsk;11961;11961;1
"Leverandørs artikkelnr";Norsk;11962;11962;1
"Leverandørs artikkelnr";Norsk;11963;11963;1
"Leverandørs artikkelnr";Norsk;11964;11964;1
"Leverandørs artikkelnr";Norsk;11965;11965;1
"Leverandørs artikkelnr";Norsk;11966;11966;1
"Leverandørs artikkelnr";Norsk;11967;11967;1
"Leverandørs artikkelnr";Norsk;11969;11969;1
"Leverandørs artikkelnr";Norsk;11970;11970;1
"Leverandørs artikkelnr";Norsk;11971;11971;1
"Leverandørs artikkelnr";Norsk;11972;11972;1
"Leverandørs artikkelnr";Norsk;11973;11973;1
"Leverandørs artikkelnr";Norsk;11974;11974;1
"Leverandørs artikkelnr";Norsk;11975;11975;1
"Leverandørs artikkelnr";Norsk;11976;11976;1
"Leverandørs artikkelnr";Norsk;11977;11977;1
"Leverandørs artikkelnr";Norsk;11978;11978;1
"Leverandørs artikkelnr";Norsk;11979;11979;1
"Leverandørs artikkelnr";Norsk;11980;11980;1
"Leverandørs artikkelnr";Norsk;11981;11981;1
"Leverandørs artikkelnr";Norsk;11982;11982;1
"Leverandørs artikkelnr";Norsk;11983;11983;1
"Leverandørs artikkelnr";Norsk;11984;11984;1
"Leverandørs artikkelnr";Norsk;11985;11985;1
"Leverandørs artikkelnr";Norsk;11986;11986;1
"Leverandørs artikkelnr";Norsk;"12 42 195";"12 42 195";1
"Leverandørs artikkelnr";Norsk;"12 42 195 SB";"12 42 195 SB";1
"Leverandørs artikkelnr";Norsk;"12 62 180";"12 62 180";1
"Leverandørs artikkelnr";Norsk;"12 62 180 SB";"12 62 180 SB";1
"Leverandørs artikkelnr";Norsk;"12 69 21";"12 69 21";1
"Leverandørs artikkelnr";Norsk;"12 69 23";"12 69 23";1
"Leverandørs artikkelnr";Norsk;12010001;12010001;1
"Leverandørs artikkelnr";Norsk;12010002;12010002;1
"Leverandørs artikkelnr";Norsk;12010003;12010003;1
"Leverandørs artikkelnr";Norsk;12010005;12010005;1
"Leverandørs artikkelnr";Norsk;12020000;12020000;1
"Leverandørs artikkelnr";Norsk;12040000;12040000;1
"Leverandørs artikkelnr";Norsk;1206GS;1206GS;1
"Leverandørs artikkelnr";Norsk;12070000;12070000;1
"Leverandørs artikkelnr";Norsk;12100005;12100005;1
"Leverandørs artikkelnr";Norsk;12111010;12111010;1
"Leverandørs artikkelnr";Norsk;12111030;12111030;1
"Leverandørs artikkelnr";Norsk;12180030;12180030;1
"Leverandørs artikkelnr";Norsk;12205-0206;12205-0206;1
"Leverandørs artikkelnr";Norsk;"13 92 200";"13 92 200";1
"Leverandørs artikkelnr";Norsk;"13 92 200 SB";"13 92 200 SB";1
"Leverandørs artikkelnr";Norsk;"13 96 200";"13 96 200";1
"Leverandørs artikkelnr";Norsk;13010001;13010001;1
"Leverandørs artikkelnr";Norsk;13010002;13010002;1
"Leverandørs artikkelnr";Norsk;13010003;13010003;1
"Leverandørs artikkelnr";Norsk;13020000;13020000;1
"Leverandørs artikkelnr";Norsk;13021000;13021000;1
"Leverandørs artikkelnr";Norsk;13061018;13061018;1
"Leverandørs artikkelnr";Norsk;13061024;13061024;1
"Leverandørs artikkelnr";Norsk;13070000;13070000;1
"Leverandørs artikkelnr";Norsk;13111010;13111010;1
"Leverandørs artikkelnr";Norsk;13180010;13180010;1
"Leverandørs artikkelnr";Norsk;13410;13410;1
"Leverandørs artikkelnr";Norsk;135311;135311;1
"Leverandørs artikkelnr";Norsk;135935;135935;1
"Leverandørs artikkelnr";Norsk;13668;13668;1
"Leverandørs artikkelnr";Norsk;13669;13669;1
"Leverandørs artikkelnr";Norsk;13670;13670;1
"Leverandørs artikkelnr";Norsk;13671;13671;1
"Leverandørs artikkelnr";Norsk;13672;13672;1
"Leverandørs artikkelnr";Norsk;13673;13673;1
"Leverandørs artikkelnr";Norsk;13674;13674;1
"Leverandørs artikkelnr";Norsk;13675;13675;1
"Leverandørs artikkelnr";Norsk;13676;13676;1
"Leverandørs artikkelnr";Norsk;13677;13677;1
"Leverandørs artikkelnr";Norsk;13678;13678;1
"Leverandørs artikkelnr";Norsk;13679;13679;1
"Leverandørs artikkelnr";Norsk;13680;13680;1
"Leverandørs artikkelnr";Norsk;13681;13681;1
"Leverandørs artikkelnr";Norsk;13682;13682;1
"Leverandørs artikkelnr";Norsk;13683;13683;1
"Leverandørs artikkelnr";Norsk;13684;13684;1
"Leverandørs artikkelnr";Norsk;13685;13685;1
"Leverandørs artikkelnr";Norsk;13686;13686;1
"Leverandørs artikkelnr";Norsk;13687;13687;1
"Leverandørs artikkelnr";Norsk;13688;13688;1
"Leverandørs artikkelnr";Norsk;13689;13689;1
"Leverandørs artikkelnr";Norsk;144000403;144000403;1
"Leverandørs artikkelnr";Norsk;144000502;144000502;1
"Leverandørs artikkelnr";Norsk;144000601;144000601;1
"Leverandørs artikkelnr";Norsk;144000700;144000700;1
"Leverandørs artikkelnr";Norsk;"16 95 01 SB";"16 95 01 SB";1
"Leverandørs artikkelnr";Norsk;19C324;19C324;1
"Leverandørs artikkelnr";Norsk;19C326;19C326;1
"Leverandørs artikkelnr";Norsk;19C329;19C329;1
"Leverandørs artikkelnr";Norsk;19C333;19C333;1
"Leverandørs artikkelnr";Norsk;1AFP6;1AFP6;1
"Leverandørs artikkelnr";Norsk;1P0340;1P0340;1
"Leverandørs artikkelnr";Norsk;2-U6K12;2-U6K12;1
"Leverandørs artikkelnr";Norsk;2-U6K14;2-U6K14;1
"Leverandørs artikkelnr";Norsk;2-U6K17;2-U6K17;1
"Leverandørs artikkelnr";Norsk;2-U6K19;2-U6K19;1
"Leverandørs artikkelnr";Norsk;2-U6K22;2-U6K22;1
"Leverandørs artikkelnr";Norsk;2-U6K24;2-U6K24;1
"Leverandørs artikkelnr";Norsk;2-U6K27;2-U6K27;1
"Leverandørs artikkelnr";Norsk;2-U6K30;2-U6K30;1
"Leverandørs artikkelnr";Norsk;2-U6K32;2-U6K32;1
"Leverandørs artikkelnr";Norsk;2-U6K36;2-U6K36;1
"Leverandørs artikkelnr";Norsk;"20 06 160";"20 06 160";1
"Leverandørs artikkelnr";Norsk;2000;2000;1
"Leverandørs artikkelnr";Norsk;2058-BR;2058-BR;1
"Leverandørs artikkelnr";Norsk;208FRDH;208FRDH;1
"Leverandørs artikkelnr";Norsk;212FMY;212FMY;1
"Leverandørs artikkelnr";Norsk;231420308;231420308;1
"Leverandørs artikkelnr";Norsk;231420407;231420407;1
"Leverandørs artikkelnr";Norsk;"233 1/2 NTX/C9";"233 1/2 NTX/C9";1
"Leverandørs artikkelnr";Norsk;2484-20;2484-20;1
"Leverandørs artikkelnr";Norsk;2484-30;2484-30;1
"Leverandørs artikkelnr";Norsk;2484-45;2484-45;1
"Leverandørs artikkelnr";Norsk;2484-60;2484-60;1
"Leverandørs artikkelnr";Norsk;"25 01 140";"25 01 140";1
"Leverandørs artikkelnr";Norsk;"25 02 140";"25 02 140";1
"Leverandørs artikkelnr";Norsk;"25 02 160";"25 02 160";1
"Leverandørs artikkelnr";Norsk;"25 02 160 SB";"25 02 160 SB";1
"Leverandørs artikkelnr";Norsk;"25 06 160";"25 06 160";1
"Leverandørs artikkelnr";Norsk;"25 21 160";"25 21 160";1
"Leverandørs artikkelnr";Norsk;"26 11 200";"26 11 200";1
"Leverandørs artikkelnr";Norsk;"26 11 200 SB";"26 11 200 SB";1
"Leverandørs artikkelnr";Norsk;"26 12 200";"26 12 200";1
"Leverandørs artikkelnr";Norsk;"26 12 200 T";"26 12 200 T";1
"Leverandørs artikkelnr";Norsk;"26 16 200";"26 16 200";1
"Leverandørs artikkelnr";Norsk;"26 21 200";"26 21 200";1
"Leverandørs artikkelnr";Norsk;"26 22 200";"26 22 200";1
"Leverandørs artikkelnr";Norsk;"26 22 200 T";"26 22 200 T";1
"Leverandørs artikkelnr";Norsk;"26 26 200";"26 26 200";1
"Leverandørs artikkelnr";Norsk;270160609;270160609;1
"Leverandørs artikkelnr";Norsk;"28 71 280";"28 71 280";1
"Leverandørs artikkelnr";Norsk;"28 81 280";"28 81 280";1
"Leverandørs artikkelnr";Norsk;284751005;284751005;1
"Leverandørs artikkelnr";Norsk;284751203;284751203;1
"Leverandørs artikkelnr";Norsk;"30 15 160";"30 15 160";1
"Leverandørs artikkelnr";Norsk;"30 16 160";"30 16 160";1
"Leverandørs artikkelnr";Norsk;"30 16 160 SB";"30 16 160 SB";1
"Leverandørs artikkelnr";Norsk;3000;3000;1
"Leverandørs artikkelnr";Norsk;"31 21 160";"31 21 160";1
"Leverandørs artikkelnr";Norsk;313TWYA;313TWYA;1
"Leverandørs artikkelnr";Norsk;"34 12 130 ESD";"34 12 130 ESD";1
"Leverandørs artikkelnr";Norsk;"34 22 130";"34 22 130";1
"Leverandørs artikkelnr";Norsk;"34 32 130";"34 32 130";1
"Leverandørs artikkelnr";Norsk;"35 12 115";"35 12 115";1
"Leverandørs artikkelnr";Norsk;"35 22 115";"35 22 115";1
"Leverandørs artikkelnr";Norsk;"35 22 115 ESD";"35 22 115 ESD";1
"Leverandørs artikkelnr";Norsk;"35 32 115 ESD";"35 32 115 ESD";1
"Leverandørs artikkelnr";Norsk;"35 42 115";"35 42 115";1
"Leverandørs artikkelnr";Norsk;"35 42 115 ESD";"35 42 115 ESD";1
"Leverandørs artikkelnr";Norsk;"35 42 115 SB";"35 42 115 SB";1
"Leverandørs artikkelnr";Norsk;"35 62 145";"35 62 145";1
"Leverandørs artikkelnr";Norsk;"38 11 200";"38 11 200";1
"Leverandørs artikkelnr";Norsk;"38 21 200";"38 21 200";1
"Leverandørs artikkelnr";Norsk;"38 91 200";"38 91 200";1
"Leverandørs artikkelnr";Norsk;"40 04 180";"40 04 180";1
"Leverandørs artikkelnr";Norsk;"40 04 250";"40 04 250";1
"Leverandørs artikkelnr";Norsk;4007;4007;1
"Leverandørs artikkelnr";Norsk;4008;4008;1
"Leverandørs artikkelnr";Norsk;4058546295165;4058546295165;1
"Leverandørs artikkelnr";Norsk;4058546348946;4058546348946;1
"Leverandørs artikkelnr";Norsk;"41 04 180";"41 04 180";1
"Leverandørs artikkelnr";Norsk;"41 04 250";"41 04 250";1
"Leverandørs artikkelnr";Norsk;"41 04 300";"41 04 300";1
"Leverandørs artikkelnr";Norsk;"41 34 165";"41 34 165";1
"Leverandørs artikkelnr";Norsk;43232130;43232130;1
"Leverandørs artikkelnr";Norsk;"44 10 J5";"44 10 J5";1
"Leverandørs artikkelnr";Norsk;"44 11 J2";"44 11 J2";1
"Leverandørs artikkelnr";Norsk;"44 20 J51";"44 20 J51";1
"Leverandørs artikkelnr";Norsk;"44 21 J21";"44 21 J21";1
"Leverandørs artikkelnr";Norsk;44700375;44700375;1
"Leverandørs artikkelnr";Norsk;"46 10 A5";"46 10 A5";1
"Leverandørs artikkelnr";Norsk;"46 11 A0";"46 11 A0";1
"Leverandørs artikkelnr";Norsk;"46 11 A2";"46 11 A2";1
"Leverandørs artikkelnr";Norsk;"46 20 A51";"46 20 A51";1
"Leverandørs artikkelnr";Norsk;"46 21 A21";"46 21 A21";1
"Leverandørs artikkelnr";Norsk;"48 11 J0";"48 11 J0";1
"Leverandørs artikkelnr";Norsk;"48 11 J1";"48 11 J1";1
"Leverandørs artikkelnr";Norsk;"48 11 J2";"48 11 J2";1
"Leverandørs artikkelnr";Norsk;"48 11 J3";"48 11 J3";1
"Leverandørs artikkelnr";Norsk;"48 11 J4";"48 11 J4";1
"Leverandørs artikkelnr";Norsk;"48 21 J11";"48 21 J11";1
"Leverandørs artikkelnr";Norsk;"48 21 J21";"48 21 J21";1
"Leverandørs artikkelnr";Norsk;"48 21 J31";"48 21 J31";1
"Leverandørs artikkelnr";Norsk;"48 21 J41";"48 21 J41";1
"Leverandørs artikkelnr";Norsk;48001083;48001083;1
"Leverandørs artikkelnr";Norsk;48001460;48001460;1
"Leverandørs artikkelnr";Norsk;48005021;48005021;1
"Leverandørs artikkelnr";Norsk;48005026;48005026;1
"Leverandørs artikkelnr";Norsk;48005027;48005027;1
"Leverandørs artikkelnr";Norsk;48005201;48005201;1
"Leverandørs artikkelnr";Norsk;48005202;48005202;1
"Leverandørs artikkelnr";Norsk;48005221;48005221;1
"Leverandørs artikkelnr";Norsk;48005226;48005226;1
"Leverandørs artikkelnr";Norsk;48005227;48005227;1
"Leverandørs artikkelnr";Norsk;48009028;48009028;1
"Leverandørs artikkelnr";Norsk;48091090;48091090;1
"Leverandørs artikkelnr";Norsk;48223100;48223100;1
"Leverandørs artikkelnr";Norsk;48223711;48223711;1
"Leverandørs artikkelnr";Norsk;48224044;48224044;1
"Leverandørs artikkelnr";Norsk;48225211;48225211;1
"Leverandørs artikkelnr";Norsk;48225360;48225360;1
"Leverandørs artikkelnr";Norsk;48225502;48225502;1
"Leverandørs artikkelnr";Norsk;48227706;48227706;1
"Leverandørs artikkelnr";Norsk;48228110;48228110;1
"Leverandørs artikkelnr";Norsk;48229001;48229001;1
"Leverandørs artikkelnr";Norsk;48229214;48229214;1
"Leverandørs artikkelnr";Norsk;48229711;48229711;1
"Leverandørs artikkelnr";Norsk;48229712;48229712;1
"Leverandørs artikkelnr";Norsk;48229713;48229713;1
"Leverandørs artikkelnr";Norsk;48229714;48229714;1
"Leverandørs artikkelnr";Norsk;48229731;48229731;1
"Leverandørs artikkelnr";Norsk;48229732;48229732;1
"Leverandørs artikkelnr";Norsk;48229733;48229733;1
"Leverandørs artikkelnr";Norsk;48229734;48229734;1
"Leverandørs artikkelnr";Norsk;48229917;48229917;1
"Leverandørs artikkelnr";Norsk;48251002;48251002;1
"Leverandørs artikkelnr";Norsk;48251122;48251122;1
"Leverandørs artikkelnr";Norsk;48251252;48251252;1
"Leverandørs artikkelnr";Norsk;48251372;48251372;1
"Leverandørs artikkelnr";Norsk;48284006;48284006;1
"Leverandørs artikkelnr";Norsk;48404215;48404215;1
"Leverandørs artikkelnr";Norsk;48404515;48404515;1
"Leverandørs artikkelnr";Norsk;48530155;48530155;1
"Leverandørs artikkelnr";Norsk;48894708;48894708;1
"Leverandørs artikkelnr";Norsk;48894712;48894712;1
"Leverandørs artikkelnr";Norsk;48894714;48894714;1
"Leverandørs artikkelnr";Norsk;48894719;48894719;1
"Leverandørs artikkelnr";Norsk;48894723;48894723;1
"Leverandørs artikkelnr";Norsk;48894760;48894760;1
"Leverandørs artikkelnr";Norsk;48894763;48894763;1
"Leverandørs artikkelnr";Norsk;48894764;48894764;1
"Leverandørs artikkelnr";Norsk;48899335;48899335;1
"Leverandørs artikkelnr";Norsk;48899399;48899399;1
"Leverandørs artikkelnr";Norsk;"49 11 A1";"49 11 A1";1
"Leverandørs artikkelnr";Norsk;"49 11 A2";"49 11 A2";1
"Leverandørs artikkelnr";Norsk;"49 11 A3";"49 11 A3";1
"Leverandørs artikkelnr";Norsk;"49 11 A4";"49 11 A4";1
"Leverandørs artikkelnr";Norsk;"49 21 A11";"49 21 A11";1
"Leverandørs artikkelnr";Norsk;"49 21 A21";"49 21 A21";1
"Leverandørs artikkelnr";Norsk;"49 21 A31";"49 21 A31";1
"Leverandørs artikkelnr";Norsk;"49 21 A41";"49 21 A41";1
"Leverandørs artikkelnr";Norsk;49162767;49162767;1
"Leverandørs artikkelnr";Norsk;49222231;49222231;1
"Leverandørs artikkelnr";Norsk;4931465230;4931465230;1
"Leverandørs artikkelnr";Norsk;4931465571;4931465571;1
"Leverandørs artikkelnr";Norsk;4932274651;4932274651;1
"Leverandørs artikkelnr";Norsk;4932339626;4932339626;1
"Leverandørs artikkelnr";Norsk;4932343274;4932343274;1
"Leverandørs artikkelnr";Norsk;4932343276;4932343276;1
"Leverandørs artikkelnr";Norsk;4932343734;4932343734;1
"Leverandørs artikkelnr";Norsk;4932343735;4932343735;1
"Leverandørs artikkelnr";Norsk;4932343737;4932343737;1
"Leverandørs artikkelnr";Norsk;4932343738;4932343738;1
"Leverandørs artikkelnr";Norsk;4932343743;4932343743;1
"Leverandørs artikkelnr";Norsk;4932343744;4932343744;1
"Leverandørs artikkelnr";Norsk;4932346079;4932346079;1
"Leverandørs artikkelnr";Norsk;4932352000;4932352000;1
"Leverandørs artikkelnr";Norsk;4932352007;4932352007;1
"Leverandørs artikkelnr";Norsk;4932352008;4932352008;1
"Leverandørs artikkelnr";Norsk;4932352009;4932352009;1
"Leverandørs artikkelnr";Norsk;4932352010;4932352010;1
"Leverandørs artikkelnr";Norsk;4932352011;4932352011;1
"Leverandørs artikkelnr";Norsk;4932352012;4932352012;1
"Leverandørs artikkelnr";Norsk;4932352016;4932352016;1
"Leverandørs artikkelnr";Norsk;4932352021;4932352021;1
"Leverandørs artikkelnr";Norsk;4932352022;4932352022;1
"Leverandørs artikkelnr";Norsk;4932352023;4932352023;1
"Leverandørs artikkelnr";Norsk;4932352025;4932352025;1
"Leverandørs artikkelnr";Norsk;4932352026;4932352026;1
"Leverandørs artikkelnr";Norsk;4932352027;4932352027;1
"Leverandørs artikkelnr";Norsk;4932352031;4932352031;1
"Leverandørs artikkelnr";Norsk;4932352032;4932352032;1
"Leverandørs artikkelnr";Norsk;4932352037;4932352037;1
"Leverandørs artikkelnr";Norsk;4932352374;4932352374;1
"Leverandørs artikkelnr";Norsk;4932352387;4932352387;1
"Leverandørs artikkelnr";Norsk;4932352388;4932352388;1
"Leverandørs artikkelnr";Norsk;4932352406;4932352406;1
"Leverandørs artikkelnr";Norsk;4932352471;4932352471;1
"Leverandørs artikkelnr";Norsk;4932352541;4932352541;1
"Leverandørs artikkelnr";Norsk;4932352543;4932352543;1
"Leverandørs artikkelnr";Norsk;4932352545;4932352545;1
"Leverandørs artikkelnr";Norsk;4932352559;4932352559;1
"Leverandørs artikkelnr";Norsk;4932352756;4932352756;1
"Leverandørs artikkelnr";Norsk;4932352757;4932352757;1
"Leverandørs artikkelnr";Norsk;4932352761;4932352761;1
"Leverandørs artikkelnr";Norsk;4932352765;4932352765;1
"Leverandørs artikkelnr";Norsk;4932352769;4932352769;1
"Leverandørs artikkelnr";Norsk;4932352773;4932352773;1
"Leverandørs artikkelnr";Norsk;4932352775;4932352775;1
"Leverandørs artikkelnr";Norsk;4932352779;4932352779;1
"Leverandørs artikkelnr";Norsk;4932352784;4932352784;1
"Leverandørs artikkelnr";Norsk;4932352786;4932352786;1
"Leverandørs artikkelnr";Norsk;4932352790;4932352790;1
"Leverandørs artikkelnr";Norsk;4932352833;4932352833;1
"Leverandørs artikkelnr";Norsk;4932352844;4932352844;1
"Leverandørs artikkelnr";Norsk;4932352918;4932352918;1
"Leverandørs artikkelnr";Norsk;4932352953;4932352953;1
"Leverandørs artikkelnr";Norsk;4932352959;4932352959;1
"Leverandørs artikkelnr";Norsk;4932356502;4932356502;1
"Leverandørs artikkelnr";Norsk;4932356504;4932356504;1
"Leverandørs artikkelnr";Norsk;4932363248;4932363248;1
"Leverandørs artikkelnr";Norsk;4932363249;4932363249;1
"Leverandørs artikkelnr";Norsk;4932363250;4932363250;1
"Leverandørs artikkelnr";Norsk;4932363251;4932363251;1
"Leverandørs artikkelnr";Norsk;4932363253;4932363253;1
"Leverandørs artikkelnr";Norsk;4932363256;4932363256;1
"Leverandørs artikkelnr";Norsk;4932363258;4932363258;1
"Leverandørs artikkelnr";Norsk;4932363262;4932363262;1
"Leverandørs artikkelnr";Norsk;4932363263;4932363263;1
"Leverandørs artikkelnr";Norsk;4932363264;4932363264;1
"Leverandørs artikkelnr";Norsk;4932363267;4932363267;1
"Leverandørs artikkelnr";Norsk;4932363268;4932363268;1
"Leverandørs artikkelnr";Norsk;4932363271;4932363271;1
"Leverandørs artikkelnr";Norsk;4932363272;4932363272;1
"Leverandørs artikkelnr";Norsk;4932363274;4932363274;1
"Leverandørs artikkelnr";Norsk;4932363276;4932363276;1
"Leverandørs artikkelnr";Norsk;4932363277;4932363277;1
"Leverandørs artikkelnr";Norsk;4932363278;4932363278;1
"Leverandørs artikkelnr";Norsk;4932363279;4932363279;1
"Leverandørs artikkelnr";Norsk;4932363281;4932363281;1
"Leverandørs artikkelnr";Norsk;4932363282;4932363282;1
"Leverandørs artikkelnr";Norsk;4932363283;4932363283;1
"Leverandørs artikkelnr";Norsk;4932363284;4932363284;1
"Leverandørs artikkelnr";Norsk;4932363285;4932363285;1
"Leverandørs artikkelnr";Norsk;4932363286;4932363286;1
"Leverandørs artikkelnr";Norsk;4932363681;4932363681;1
"Leverandørs artikkelnr";Norsk;4932363682;4932363682;1
"Leverandørs artikkelnr";Norsk;4932363683;4932363683;1
"Leverandørs artikkelnr";Norsk;4932363684;4932363684;1
"Leverandørs artikkelnr";Norsk;4932363685;4932363685;1
"Leverandørs artikkelnr";Norsk;4932363686;4932363686;1
"Leverandørs artikkelnr";Norsk;4932363687;4932363687;1
"Leverandørs artikkelnr";Norsk;4932363688;4932363688;1
"Leverandørs artikkelnr";Norsk;4932363689;4932363689;1
"Leverandørs artikkelnr";Norsk;4932363690;4932363690;1
"Leverandørs artikkelnr";Norsk;4932363691;4932363691;1
"Leverandørs artikkelnr";Norsk;4932363692;4932363692;1
"Leverandørs artikkelnr";Norsk;4932363693;4932363693;1
"Leverandørs artikkelnr";Norsk;4932363694;4932363694;1
"Leverandørs artikkelnr";Norsk;4932363695;4932363695;1
"Leverandørs artikkelnr";Norsk;4932367146;4932367146;1
"Leverandørs artikkelnr";Norsk;4932367740;4932367740;1
"Leverandørs artikkelnr";Norsk;4932367741;4932367741;1
"Leverandørs artikkelnr";Norsk;4932367742;4932367742;1
"Leverandørs artikkelnr";Norsk;4932367743;4932367743;1
"Leverandørs artikkelnr";Norsk;4932372533;4932372533;1
"Leverandørs artikkelnr";Norsk;4932373327;4932373327;1
"Leverandørs artikkelnr";Norsk;4932373345;4932373345;1
"Leverandørs artikkelnr";Norsk;4932373363;4932373363;1
"Leverandørs artikkelnr";Norsk;4932373364;4932373364;1
"Leverandørs artikkelnr";Norsk;4932373365;4932373365;1
"Leverandørs artikkelnr";Norsk;4932373366;4932373366;1
"Leverandørs artikkelnr";Norsk;4932373367;4932373367;1
"Leverandørs artikkelnr";Norsk;4932373368;4932373368;1
"Leverandørs artikkelnr";Norsk;4932373370;4932373370;1
"Leverandørs artikkelnr";Norsk;4932373371;4932373371;1
"Leverandørs artikkelnr";Norsk;4932373372;4932373372;1
"Leverandørs artikkelnr";Norsk;4932373373;4932373373;1
"Leverandørs artikkelnr";Norsk;4932373374;4932373374;1
"Leverandørs artikkelnr";Norsk;4932373380;4932373380;1
"Leverandørs artikkelnr";Norsk;4932373393;4932373393;1
"Leverandørs artikkelnr";Norsk;4932399332;4932399332;1
"Leverandørs artikkelnr";Norsk;4932399675;4932399675;1
"Leverandørs artikkelnr";Norsk;4932430062;4932430062;1
"Leverandørs artikkelnr";Norsk;4932430064;4932430064;1
"Leverandørs artikkelnr";Norsk;4932430065;4932430065;1
"Leverandørs artikkelnr";Norsk;4932430086;4932430086;1
"Leverandørs artikkelnr";Norsk;4932430100;4932430100;1
"Leverandørs artikkelnr";Norsk;4932430141;4932430141;1
"Leverandørs artikkelnr";Norsk;4932430142;4932430142;1
"Leverandørs artikkelnr";Norsk;4932430483;4932430483;1
"Leverandørs artikkelnr";Norsk;4932430554;4932430554;1
"Leverandørs artikkelnr";Norsk;4932430564;4932430564;1
"Leverandørs artikkelnr";Norsk;4932430850;4932430850;1
"Leverandørs artikkelnr";Norsk;4932430852;4932430852;1
"Leverandørs artikkelnr";Norsk;4932430860;4932430860;1
"Leverandørs artikkelnr";Norsk;4932430863;4932430863;1
"Leverandørs artikkelnr";Norsk;4932430868;4932430868;1
"Leverandørs artikkelnr";Norsk;4932430872;4932430872;1
"Leverandørs artikkelnr";Norsk;4932430874;4932430874;1
"Leverandørs artikkelnr";Norsk;4932430878;4932430878;1
"Leverandørs artikkelnr";Norsk;4932430879;4932430879;1
"Leverandørs artikkelnr";Norsk;4932430883;4932430883;1
"Leverandørs artikkelnr";Norsk;4932430885;4932430885;1
"Leverandørs artikkelnr";Norsk;4932430888;4932430888;1
"Leverandørs artikkelnr";Norsk;4932430891;4932430891;1
"Leverandørs artikkelnr";Norsk;4932430907;4932430907;1
"Leverandørs artikkelnr";Norsk;4932451079;4932451079;1
"Leverandørs artikkelnr";Norsk;4932451265;4932451265;1
"Leverandørs artikkelnr";Norsk;4932451356;4932451356;1
"Leverandørs artikkelnr";Norsk;4932451388;4932451388;1
"Leverandørs artikkelnr";Norsk;4932451395;4932451395;1
"Leverandørs artikkelnr";Norsk;4932451464;4932451464;1
"Leverandørs artikkelnr";Norsk;4932451568;4932451568;1
"Leverandørs artikkelnr";Norsk;4932451668;4932451668;1
"Leverandørs artikkelnr";Norsk;4932453385-B;4932453385-B;1
"Leverandørs artikkelnr";Norsk;4932453386-B;4932453386-B;1
"Leverandørs artikkelnr";Norsk;4932459061;4932459061;1
"Leverandørs artikkelnr";Norsk;4932459062;4932459062;1
"Leverandørs artikkelnr";Norsk;4932459063;4932459063;1
"Leverandørs artikkelnr";Norsk;4932459068;4932459068;1
"Leverandørs artikkelnr";Norsk;4932459069;4932459069;1
"Leverandørs artikkelnr";Norsk;4932459097;4932459097;1
"Leverandørs artikkelnr";Norsk;4932459347;4932459347;1
"Leverandørs artikkelnr";Norsk;4932459348;4932459348;1
"Leverandørs artikkelnr";Norsk;4932459349;4932459349;1
"Leverandørs artikkelnr";Norsk;4932464078;4932464078;1
"Leverandørs artikkelnr";Norsk;4932464079;4932464079;1
"Leverandørs artikkelnr";Norsk;4932464080;4932464080;1
"Leverandørs artikkelnr";Norsk;4932464081;4932464081;1
"Leverandørs artikkelnr";Norsk;4932464082;4932464082;1
"Leverandørs artikkelnr";Norsk;4932464083;4932464083;1
"Leverandørs artikkelnr";Norsk;4932464084;4932464084;1
"Leverandørs artikkelnr";Norsk;4932464086;4932464086;1
"Leverandørs artikkelnr";Norsk;4932464240;4932464240;1
"Leverandørs artikkelnr";Norsk;4932464244;4932464244;1
"Leverandørs artikkelnr";Norsk;4932464260;4932464260;1
"Leverandørs artikkelnr";Norsk;4932464712;4932464712;1
"Leverandørs artikkelnr";Norsk;4932464866;4932464866;1
"Leverandørs artikkelnr";Norsk;4932471064;4932471064;1
"Leverandørs artikkelnr";Norsk;4932471065;4932471065;1
"Leverandørs artikkelnr";Norsk;4932471069;4932471069;1
"Leverandørs artikkelnr";Norsk;4932471070;4932471070;1
"Leverandørs artikkelnr";Norsk;4932471130;4932471130;1
"Leverandørs artikkelnr";Norsk;4932471153;4932471153;1
"Leverandørs artikkelnr";Norsk;4932471274;4932471274;1
"Leverandørs artikkelnr";Norsk;4932471295;4932471295;1
"Leverandørs artikkelnr";Norsk;4932471311;4932471311;1
"Leverandørs artikkelnr";Norsk;4932471312;4932471312;1
"Leverandørs artikkelnr";Norsk;4932471316;4932471316;1
"Leverandørs artikkelnr";Norsk;4932471318;4932471318;1
"Leverandørs artikkelnr";Norsk;4932471319;4932471319;1
"Leverandørs artikkelnr";Norsk;4932471320;4932471320;1
"Leverandørs artikkelnr";Norsk;4932471321;4932471321;1
"Leverandørs artikkelnr";Norsk;4932471323;4932471323;1
"Leverandørs artikkelnr";Norsk;4932471324;4932471324;1
"Leverandørs artikkelnr";Norsk;4932471355;4932471355;1
"Leverandørs artikkelnr";Norsk;4932471380;4932471380;1
"Leverandørs artikkelnr";Norsk;4932471416;4932471416;1
"Leverandørs artikkelnr";Norsk;4932471417;4932471417;1
"Leverandørs artikkelnr";Norsk;4932471575;4932471575;1
"Leverandørs artikkelnr";Norsk;4932471584;4932471584;1
"Leverandørs artikkelnr";Norsk;4932471588;4932471588;1
"Leverandørs artikkelnr";Norsk;4932471614;4932471614;1
"Leverandørs artikkelnr";Norsk;4932471615;4932471615;1
"Leverandørs artikkelnr";Norsk;4932471616;4932471616;1
"Leverandørs artikkelnr";Norsk;4932471617;4932471617;1
"Leverandørs artikkelnr";Norsk;4932471622;4932471622;1
"Leverandørs artikkelnr";Norsk;4932471623;4932471623;1
"Leverandørs artikkelnr";Norsk;4932471624;4932471624;1
"Leverandørs artikkelnr";Norsk;4932471625;4932471625;1
"Leverandørs artikkelnr";Norsk;4932471626;4932471626;1
"Leverandørs artikkelnr";Norsk;4932471627;4932471627;1
"Leverandørs artikkelnr";Norsk;4932471638;4932471638;1
"Leverandørs artikkelnr";Norsk;4932471722;4932471722;1
"Leverandørs artikkelnr";Norsk;4932471723;4932471723;1
"Leverandørs artikkelnr";Norsk;4932471724;4932471724;1
"Leverandørs artikkelnr";Norsk;4932471771;4932471771;1
"Leverandørs artikkelnr";Norsk;4932471807;4932471807;1
"Leverandørs artikkelnr";Norsk;4932471822;4932471822;1
"Leverandørs artikkelnr";Norsk;4932471823;4932471823;1
"Leverandørs artikkelnr";Norsk;4932471868;4932471868;1
"Leverandørs artikkelnr";Norsk;4932471869;4932471869;1
"Leverandørs artikkelnr";Norsk;4932471885;4932471885;1
"Leverandørs artikkelnr";Norsk;4932471886;4932471886;1
"Leverandørs artikkelnr";Norsk;4932471895;4932471895;1
"Leverandørs artikkelnr";Norsk;4932471896;4932471896;1
"Leverandørs artikkelnr";Norsk;4932471897;4932471897;1
"Leverandørs artikkelnr";Norsk;4932471898;4932471898;1
"Leverandørs artikkelnr";Norsk;4932471899;4932471899;1
"Leverandørs artikkelnr";Norsk;4932471900;4932471900;1
"Leverandørs artikkelnr";Norsk;4932471906;4932471906;1
"Leverandørs artikkelnr";Norsk;4932471909;4932471909;1
"Leverandørs artikkelnr";Norsk;4932471912;4932471912;1
"Leverandørs artikkelnr";Norsk;4932471913;4932471913;1
"Leverandørs artikkelnr";Norsk;4932471914;4932471914;1
"Leverandørs artikkelnr";Norsk;4932472118;4932472118;1
"Leverandørs artikkelnr";Norsk;4932472124;4932472124;1
"Leverandørs artikkelnr";Norsk;4932472127;4932472127;1
"Leverandørs artikkelnr";Norsk;4932472128;4932472128;1
"Leverandørs artikkelnr";Norsk;4932472129;4932472129;1
"Leverandørs artikkelnr";Norsk;4932472130;4932472130;1
"Leverandørs artikkelnr";Norsk;4932472131;4932472131;1
"Leverandørs artikkelnr";Norsk;4932472170;4932472170;1
"Leverandørs artikkelnr";Norsk;4932472265;4932472265;1
"Leverandørs artikkelnr";Norsk;4932478123;4932478123;1
"Leverandørs artikkelnr";Norsk;4932478124;4932478124;1
"Leverandørs artikkelnr";Norsk;4932478125;4932478125;1
"Leverandørs artikkelnr";Norsk;4932478139;4932478139;1
"Leverandørs artikkelnr";Norsk;4932478161;4932478161;1
"Leverandørs artikkelnr";Norsk;4932478162;4932478162;1
"Leverandørs artikkelnr";Norsk;4932478548;4932478548;1
"Leverandørs artikkelnr";Norsk;4932478558;4932478558;1
"Leverandørs artikkelnr";Norsk;4932478626;4932478626;1
"Leverandørs artikkelnr";Norsk;4932478763;4932478763;1
"Leverandørs artikkelnr";Norsk;4932478764;4932478764;1
"Leverandørs artikkelnr";Norsk;4932478771;4932478771;1
"Leverandørs artikkelnr";Norsk;4932478801;4932478801;1
"Leverandørs artikkelnr";Norsk;4932478865;4932478865;1
"Leverandørs artikkelnr";Norsk;4932478866;4932478866;1
"Leverandørs artikkelnr";Norsk;4932478879;4932478879;1
"Leverandørs artikkelnr";Norsk;4932478900;4932478900;1
"Leverandørs artikkelnr";Norsk;4932478907;4932478907;1
"Leverandørs artikkelnr";Norsk;4932478909;4932478909;1
"Leverandørs artikkelnr";Norsk;4932478910;4932478910;1
"Leverandørs artikkelnr";Norsk;4932478911;4932478911;1
"Leverandørs artikkelnr";Norsk;4932478912;4932478912;1
"Leverandørs artikkelnr";Norsk;4932478927;4932478927;1
"Leverandørs artikkelnr";Norsk;4932478998;4932478998;1
"Leverandørs artikkelnr";Norsk;4932479008;4932479008;1
"Leverandørs artikkelnr";Norsk;4932479009;4932479009;1
"Leverandørs artikkelnr";Norsk;4932479010;4932479010;1
"Leverandørs artikkelnr";Norsk;4932479011;4932479011;1
"Leverandørs artikkelnr";Norsk;4932479069;4932479069;1
"Leverandørs artikkelnr";Norsk;4932479074;4932479074;1
"Leverandørs artikkelnr";Norsk;4932479075;4932479075;1
"Leverandørs artikkelnr";Norsk;4932479096;4932479096;1
"Leverandørs artikkelnr";Norsk;4932479465;4932479465;1
"Leverandørs artikkelnr";Norsk;4932479469;4932479469;1
"Leverandørs artikkelnr";Norsk;4932479480;4932479480;1
"Leverandørs artikkelnr";Norsk;4932479831;4932479831;1
"Leverandørs artikkelnr";Norsk;4932479853;4932479853;1
"Leverandørs artikkelnr";Norsk;4932492008;4932492008;1
"Leverandørs artikkelnr";Norsk;4932492009;4932492009;1
"Leverandørs artikkelnr";Norsk;4932492533;4932492533;1
"Leverandørs artikkelnr";Norsk;4932493868;4932493868;1
"Leverandørs artikkelnr";Norsk;4933409194;4933409194;1
"Leverandørs artikkelnr";Norsk;4933411565;4933411565;1
"Leverandørs artikkelnr";Norsk;4933411920;4933411920;1
"Leverandørs artikkelnr";Norsk;4933411925;4933411925;1
"Leverandørs artikkelnr";Norsk;4933416060;4933416060;1
"Leverandørs artikkelnr";Norsk;4933416550;4933416550;1
"Leverandørs artikkelnr";Norsk;4933416900;4933416900;1
"Leverandørs artikkelnr";Norsk;4933416976;4933416976;1
"Leverandørs artikkelnr";Norsk;4933417845;4933417845;1
"Leverandørs artikkelnr";Norsk;4933419134;4933419134;1
"Leverandørs artikkelnr";Norsk;4933427180;4933427180;1
"Leverandørs artikkelnr";Norsk;4933427183;4933427183;1
"Leverandørs artikkelnr";Norsk;4933427189;4933427189;1
"Leverandørs artikkelnr";Norsk;4933428120;4933428120;1
"Leverandørs artikkelnr";Norsk;4933428970;4933428970;1
"Leverandørs artikkelnr";Norsk;4933431170;4933431170;1
"Leverandørs artikkelnr";Norsk;4933431305;4933431305;1
"Leverandørs artikkelnr";Norsk;4933431615;4933431615;1
"Leverandørs artikkelnr";Norsk;4933433180;4933433180;1
"Leverandørs artikkelnr";Norsk;4933440435;4933440435;1
"Leverandørs artikkelnr";Norsk;4933440450;4933440450;1
"Leverandørs artikkelnr";Norsk;4933440490;4933440490;1
"Leverandørs artikkelnr";Norsk;4933440493;4933440493;1
"Leverandørs artikkelnr";Norsk;4933440615;4933440615;1
"Leverandørs artikkelnr";Norsk;4933441195;4933441195;1
"Leverandørs artikkelnr";Norsk;4933441305;4933441305;1
"Leverandørs artikkelnr";Norsk;4933441502;4933441502;1
"Leverandørs artikkelnr";Norsk;4933441655;4933441655;1
"Leverandørs artikkelnr";Norsk;4933441675;4933441675;1
"Leverandørs artikkelnr";Norsk;4933441680;4933441680;1
"Leverandørs artikkelnr";Norsk;4933441783;4933441783;1
"Leverandørs artikkelnr";Norsk;4933441910;4933441910;1
"Leverandørs artikkelnr";Norsk;4933441915;4933441915;1
"Leverandørs artikkelnr";Norsk;4933441930;4933441930;1
"Leverandørs artikkelnr";Norsk;4933441947;4933441947;1
"Leverandørs artikkelnr";Norsk;4933441950;4933441950;1
"Leverandørs artikkelnr";Norsk;4933441955;4933441955;1
"Leverandørs artikkelnr";Norsk;4933441985;4933441985;1
"Leverandørs artikkelnr";Norsk;4933443320;4933443320;1
"Leverandørs artikkelnr";Norsk;4933443530;4933443530;1
"Leverandørs artikkelnr";Norsk;4933443565;4933443565;1
"Leverandørs artikkelnr";Norsk;4933443590;4933443590;1
"Leverandørs artikkelnr";Norsk;4933443607;4933443607;1
"Leverandørs artikkelnr";Norsk;4933443940;4933443940;1
"Leverandørs artikkelnr";Norsk;4933446203;4933446203;1
"Leverandørs artikkelnr";Norsk;4933446960;4933446960;1
"Leverandørs artikkelnr";Norsk;4933447134;4933447134;1
"Leverandørs artikkelnr";Norsk;4933447135;4933447135;1
"Leverandørs artikkelnr";Norsk;4933447150;4933447150;1
"Leverandørs artikkelnr";Norsk;4933447275;4933447275;1
"Leverandørs artikkelnr";Norsk;4933447791;4933447791;1
"Leverandørs artikkelnr";Norsk;4933447836;4933447836;1
"Leverandørs artikkelnr";Norsk;4933447891;4933447891;1
"Leverandørs artikkelnr";Norsk;4933447899;4933447899;1
"Leverandørs artikkelnr";Norsk;4933447925;4933447925;1
"Leverandørs artikkelnr";Norsk;4933447935;4933447935;1
"Leverandørs artikkelnr";Norsk;4933451194;4933451194;1
"Leverandørs artikkelnr";Norsk;4933451204;4933451204;1
"Leverandørs artikkelnr";Norsk;4933451246;4933451246;1
"Leverandørs artikkelnr";Norsk;4933451247;4933451247;1
"Leverandørs artikkelnr";Norsk;4933451251;4933451251;1
"Leverandørs artikkelnr";Norsk;4933451262;4933451262;1
"Leverandørs artikkelnr";Norsk;4933451367;4933451367;1
"Leverandørs artikkelnr";Norsk;4933451381;4933451381;1
"Leverandørs artikkelnr";Norsk;4933451387;4933451387;1
"Leverandørs artikkelnr";Norsk;4933451391;4933451391;1
"Leverandørs artikkelnr";Norsk;4933451427;4933451427;1
"Leverandørs artikkelnr";Norsk;4933451429;4933451429;1
"Leverandørs artikkelnr";Norsk;4933451431;4933451431;1
"Leverandørs artikkelnr";Norsk;4933451549;4933451549;1
"Leverandørs artikkelnr";Norsk;4933451569;4933451569;1
"Leverandørs artikkelnr";Norsk;4933451570;4933451570;1
"Leverandørs artikkelnr";Norsk;4933451729;4933451729;1
"Leverandørs artikkelnr";Norsk;4933451902;4933451902;1
"Leverandørs artikkelnr";Norsk;4933451903;4933451903;1
"Leverandørs artikkelnr";Norsk;4933459155;4933459155;1
"Leverandørs artikkelnr";Norsk;4933459187;4933459187;1
"Leverandørs artikkelnr";Norsk;4933459189;4933459189;1
"Leverandørs artikkelnr";Norsk;4933459190;4933459190;1
"Leverandørs artikkelnr";Norsk;4933459192;4933459192;1
"Leverandørs artikkelnr";Norsk;4933459197;4933459197;1
"Leverandørs artikkelnr";Norsk;4933459198;4933459198;1
"Leverandørs artikkelnr";Norsk;4933459199;4933459199;1
"Leverandørs artikkelnr";Norsk;4933459201;4933459201;1
"Leverandørs artikkelnr";Norsk;4933459203;4933459203;1
"Leverandørs artikkelnr";Norsk;4933459209;4933459209;1
"Leverandørs artikkelnr";Norsk;4933459211;4933459211;1
"Leverandørs artikkelnr";Norsk;4933459213;4933459213;1
"Leverandørs artikkelnr";Norsk;4933459217;4933459217;1
"Leverandørs artikkelnr";Norsk;4933459276;4933459276;1
"Leverandørs artikkelnr";Norsk;4933459277;4933459277;1
"Leverandørs artikkelnr";Norsk;4933459278;4933459278;1
"Leverandørs artikkelnr";Norsk;4933459411;4933459411;1
"Leverandørs artikkelnr";Norsk;4933459429;4933459429;1
"Leverandørs artikkelnr";Norsk;4933459432;4933459432;1
"Leverandørs artikkelnr";Norsk;4933459433;4933459433;1
"Leverandørs artikkelnr";Norsk;4933459442;4933459442;1
"Leverandørs artikkelnr";Norsk;4933459619;4933459619;1
"Leverandørs artikkelnr";Norsk;4933459634;4933459634;1
"Leverandørs artikkelnr";Norsk;4933459635;4933459635;1
"Leverandørs artikkelnr";Norsk;4933459637;4933459637;1
"Leverandørs artikkelnr";Norsk;4933459695;4933459695;1
"Leverandørs artikkelnr";Norsk;4933459696;4933459696;1
"Leverandørs artikkelnr";Norsk;4933459726;4933459726;1
"Leverandørs artikkelnr";Norsk;4933459727;4933459727;1
"Leverandørs artikkelnr";Norsk;4933459729;4933459729;1
"Leverandørs artikkelnr";Norsk;4933459730;4933459730;1
"Leverandørs artikkelnr";Norsk;4933459732;4933459732;1
"Leverandørs artikkelnr";Norsk;4933459733;4933459733;1
"Leverandørs artikkelnr";Norsk;4933459760;4933459760;1
"Leverandørs artikkelnr";Norsk;4933459761;4933459761;1
"Leverandørs artikkelnr";Norsk;4933459771;4933459771;1
"Leverandørs artikkelnr";Norsk;4933459795;4933459795;1
"Leverandørs artikkelnr";Norsk;4933459796;4933459796;1
"Leverandørs artikkelnr";Norsk;4933459797;4933459797;1
"Leverandørs artikkelnr";Norsk;4933459798;4933459798;1
"Leverandørs artikkelnr";Norsk;4933459800;4933459800;1
"Leverandørs artikkelnr";Norsk;4933459804;4933459804;1
"Leverandørs artikkelnr";Norsk;4933459815;4933459815;1
"Leverandørs artikkelnr";Norsk;4933459816;4933459816;1
"Leverandørs artikkelnr";Norsk;4933459822;4933459822;1
"Leverandørs artikkelnr";Norsk;4933459825;4933459825;1
"Leverandørs artikkelnr";Norsk;4933459887;4933459887;1
"Leverandørs artikkelnr";Norsk;4933464029;4933464029;1
"Leverandørs artikkelnr";Norsk;4933464087;4933464087;1
"Leverandørs artikkelnr";Norsk;4933464090;4933464090;1
"Leverandørs artikkelnr";Norsk;4933464114;4933464114;1
"Leverandørs artikkelnr";Norsk;4933464120;4933464120;1
"Leverandørs artikkelnr";Norsk;4933464124;4933464124;1
"Leverandørs artikkelnr";Norsk;4933464134;4933464134;1
"Leverandørs artikkelnr";Norsk;4933464225;4933464225;1
"Leverandørs artikkelnr";Norsk;4933464227;4933464227;1
"Leverandørs artikkelnr";Norsk;4933464228;4933464228;1
"Leverandørs artikkelnr";Norsk;4933464261;4933464261;1
"Leverandørs artikkelnr";Norsk;4933464263;4933464263;1
"Leverandørs artikkelnr";Norsk;4933464266;4933464266;1
"Leverandørs artikkelnr";Norsk;4933464267;4933464267;1
"Leverandørs artikkelnr";Norsk;4933464316;4933464316;1
"Leverandørs artikkelnr";Norsk;4933464319;4933464319;1
"Leverandørs artikkelnr";Norsk;4933464340;4933464340;1
"Leverandørs artikkelnr";Norsk;4933464341;4933464341;1
"Leverandørs artikkelnr";Norsk;4933464342;4933464342;1
"Leverandørs artikkelnr";Norsk;4933464343;4933464343;1
"Leverandørs artikkelnr";Norsk;4933464344;4933464344;1
"Leverandørs artikkelnr";Norsk;4933464364;4933464364;1
"Leverandørs artikkelnr";Norsk;4933464365;4933464365;1
"Leverandørs artikkelnr";Norsk;4933464366;4933464366;1
"Leverandørs artikkelnr";Norsk;4933464367;4933464367;1
"Leverandørs artikkelnr";Norsk;4933464368;4933464368;1
"Leverandørs artikkelnr";Norsk;4933464404;4933464404;1
"Leverandørs artikkelnr";Norsk;4933464405;4933464405;1
"Leverandørs artikkelnr";Norsk;4933464476;4933464476;1
"Leverandørs artikkelnr";Norsk;4933464519;4933464519;1
"Leverandørs artikkelnr";Norsk;4933464524;4933464524;1
"Leverandørs artikkelnr";Norsk;4933464525;4933464525;1
"Leverandørs artikkelnr";Norsk;4933464526;4933464526;1
"Leverandørs artikkelnr";Norsk;4933464556;4933464556;1
"Leverandørs artikkelnr";Norsk;4933464589;4933464589;1
"Leverandørs artikkelnr";Norsk;4933464612;4933464612;1
"Leverandørs artikkelnr";Norsk;4933464615;4933464615;1
"Leverandørs artikkelnr";Norsk;4933464616;4933464616;1
"Leverandørs artikkelnr";Norsk;4933464618;4933464618;1
"Leverandørs artikkelnr";Norsk;4933464722;4933464722;1
"Leverandørs artikkelnr";Norsk;4933464723;4933464723;1
"Leverandørs artikkelnr";Norsk;4933464726;4933464726;1
"Leverandørs artikkelnr";Norsk;4933464799;4933464799;1
"Leverandørs artikkelnr";Norsk;4933464821;4933464821;1
"Leverandørs artikkelnr";Norsk;4933464839;4933464839;1
"Leverandørs artikkelnr";Norsk;4933464840;4933464840;1
"Leverandørs artikkelnr";Norsk;4933464841;4933464841;1
"Leverandørs artikkelnr";Norsk;4933464842;4933464842;1
"Leverandørs artikkelnr";Norsk;4933464843;4933464843;1
"Leverandørs artikkelnr";Norsk;4933464970;4933464970;1
"Leverandørs artikkelnr";Norsk;4933464972;4933464972;1
"Leverandørs artikkelnr";Norsk;4933464979;4933464979;1
"Leverandørs artikkelnr";Norsk;4933471052;4933471052;1
"Leverandørs artikkelnr";Norsk;4933471055;4933471055;1
"Leverandørs artikkelnr";Norsk;4933471057;4933471057;1
"Leverandørs artikkelnr";Norsk;4933471073;4933471073;1
"Leverandørs artikkelnr";Norsk;4933471205;4933471205;1
"Leverandørs artikkelnr";Norsk;4933471207;4933471207;1
"Leverandørs artikkelnr";Norsk;4933471209;4933471209;1
"Leverandørs artikkelnr";Norsk;4933471332;4933471332;1
"Leverandørs artikkelnr";Norsk;4933471404;4933471404;1
"Leverandørs artikkelnr";Norsk;4933471406;4933471406;1
"Leverandørs artikkelnr";Norsk;4933471407;4933471407;1
"Leverandørs artikkelnr";Norsk;4933471409;4933471409;1
"Leverandørs artikkelnr";Norsk;4933471435;4933471435;1
"Leverandørs artikkelnr";Norsk;4933471436;4933471436;1
"Leverandørs artikkelnr";Norsk;4933471438;4933471438;1
"Leverandørs artikkelnr";Norsk;4933471439;4933471439;1
"Leverandørs artikkelnr";Norsk;4933471494;4933471494;1
"Leverandørs artikkelnr";Norsk;4933471499;4933471499;1
"Leverandørs artikkelnr";Norsk;4933471500;4933471500;1
"Leverandørs artikkelnr";Norsk;4933471699;4933471699;1
"Leverandørs artikkelnr";Norsk;4933471700;4933471700;1
"Leverandørs artikkelnr";Norsk;4933471755;4933471755;1
"Leverandørs artikkelnr";Norsk;4933471756;4933471756;1
"Leverandørs artikkelnr";Norsk;4933471940;4933471940;1
"Leverandørs artikkelnr";Norsk;4933471978;4933471978;1
"Leverandørs artikkelnr";Norsk;4933471979;4933471979;1
"Leverandørs artikkelnr";Norsk;4933472071;4933472071;1
"Leverandørs artikkelnr";Norsk;4933472072;4933472072;1
"Leverandørs artikkelnr";Norsk;4933472111;4933472111;1
"Leverandørs artikkelnr";Norsk;4933472112;4933472112;1
"Leverandørs artikkelnr";Norsk;4933472114;4933472114;1
"Leverandørs artikkelnr";Norsk;4933472163;4933472163;1
"Leverandørs artikkelnr";Norsk;4933472166;4933472166;1
"Leverandørs artikkelnr";Norsk;4933472238;4933472238;1
"Leverandørs artikkelnr";Norsk;4933478091;4933478091;1
"Leverandørs artikkelnr";Norsk;4933478092;4933478092;1
"Leverandørs artikkelnr";Norsk;4933478100;4933478100;1
"Leverandørs artikkelnr";Norsk;4933478101;4933478101;1
"Leverandørs artikkelnr";Norsk;4933478102;4933478102;1
"Leverandørs artikkelnr";Norsk;4933478103;4933478103;1
"Leverandørs artikkelnr";Norsk;4933478113;4933478113;1
"Leverandørs artikkelnr";Norsk;4933478116;4933478116;1
"Leverandørs artikkelnr";Norsk;4933478118;4933478118;1
"Leverandørs artikkelnr";Norsk;4933478120;4933478120;1
"Leverandørs artikkelnr";Norsk;4933478226;4933478226;1
"Leverandørs artikkelnr";Norsk;4933478293;4933478293;1
"Leverandørs artikkelnr";Norsk;4933478296;4933478296;1
"Leverandørs artikkelnr";Norsk;4933478405;4933478405;1
"Leverandørs artikkelnr";Norsk;4933478428;4933478428;1
"Leverandørs artikkelnr";Norsk;4933478434;4933478434;1
"Leverandørs artikkelnr";Norsk;4933478437;4933478437;1
"Leverandørs artikkelnr";Norsk;4933478439;4933478439;1
"Leverandørs artikkelnr";Norsk;4933478443;4933478443;1
"Leverandørs artikkelnr";Norsk;4933478444;4933478444;1
"Leverandørs artikkelnr";Norsk;4933478446;4933478446;1
"Leverandørs artikkelnr";Norsk;4933478449;4933478449;1
"Leverandørs artikkelnr";Norsk;4933478450;4933478450;1
"Leverandørs artikkelnr";Norsk;4933478491;4933478491;1
"Leverandørs artikkelnr";Norsk;4933478586;4933478586;1
"Leverandørs artikkelnr";Norsk;4933478587;4933478587;1
"Leverandørs artikkelnr";Norsk;4933478884;4933478884;1
"Leverandørs artikkelnr";Norsk;4933478886;4933478886;1
"Leverandørs artikkelnr";Norsk;4933478888;4933478888;1
"Leverandørs artikkelnr";Norsk;4933478993;4933478993;1
"Leverandørs artikkelnr";Norsk;4933479153;4933479153;1
"Leverandørs artikkelnr";Norsk;4933479422;4933479422;1
"Leverandørs artikkelnr";Norsk;4933479426;4933479426;1
"Leverandørs artikkelnr";Norsk;4933479681;4933479681;1
"Leverandørs artikkelnr";Norsk;4933479763;4933479763;1
"Leverandørs artikkelnr";Norsk;49560505;49560505;1
"Leverandørs artikkelnr";Norsk;49560507;49560507;1
"Leverandørs artikkelnr";Norsk;49560509;49560509;1
"Leverandørs artikkelnr";Norsk;49560702;49560702;1
"Leverandørs artikkelnr";Norsk;49560704;49560704;1
"Leverandørs artikkelnr";Norsk;49560707;49560707;1
"Leverandørs artikkelnr";Norsk;49560708;49560708;1
"Leverandørs artikkelnr";Norsk;49560710;49560710;1
"Leverandørs artikkelnr";Norsk;49560712;49560712;1
"Leverandørs artikkelnr";Norsk;49560713;49560713;1
"Leverandørs artikkelnr";Norsk;49560717;49560717;1
"Leverandørs artikkelnr";Norsk;49560719;49560719;1
"Leverandørs artikkelnr";Norsk;49560720;49560720;1
"Leverandørs artikkelnr";Norsk;49560722;49560722;1
"Leverandørs artikkelnr";Norsk;49560724;49560724;1
"Leverandørs artikkelnr";Norsk;49560726;49560726;1
"Leverandørs artikkelnr";Norsk;49560727;49560727;1
"Leverandørs artikkelnr";Norsk;49560729;49560729;1
"Leverandørs artikkelnr";Norsk;49560731;49560731;1
"Leverandørs artikkelnr";Norsk;49560734;49560734;1
"Leverandørs artikkelnr";Norsk;49560737;49560737;1
"Leverandørs artikkelnr";Norsk;49560738;49560738;1
"Leverandørs artikkelnr";Norsk;49560739;49560739;1
"Leverandørs artikkelnr";Norsk;49560742;49560742;1
"Leverandørs artikkelnr";Norsk;49560744;49560744;1
"Leverandørs artikkelnr";Norsk;49560746;49560746;1
"Leverandørs artikkelnr";Norsk;49560748;49560748;1
"Leverandørs artikkelnr";Norsk;49560749;49560749;1
"Leverandørs artikkelnr";Norsk;49560807;49560807;1
"Leverandørs artikkelnr";Norsk;49567010;49567010;1
"Leverandørs artikkelnr";Norsk;49568000;49568000;1
"Leverandørs artikkelnr";Norsk;49568010;49568010;1
"Leverandørs artikkelnr";Norsk;49569100;49569100;1
"Leverandørs artikkelnr";Norsk;4LZE1;4LZE1;1
"Leverandørs artikkelnr";Norsk;5106.24;5106.24;1
"Leverandørs artikkelnr";Norsk;5106.27;5106.27;1
"Leverandørs artikkelnr";Norsk;5106.30;5106.30;1
"Leverandørs artikkelnr";Norsk;5106.32;5106.32;1
"Leverandørs artikkelnr";Norsk;5135999001;5135999001;1
"Leverandørs artikkelnr";Norsk;54PR55;54PR55;1
"Leverandørs artikkelnr";Norsk;59421305;59421305;1
"Leverandørs artikkelnr";Norsk;6080.14;6080.14;1
"Leverandørs artikkelnr";Norsk;6080.16;6080.16;1
"Leverandørs artikkelnr";Norsk;6080.18;6080.18;1
"Leverandørs artikkelnr";Norsk;6080.21;6080.21;1
"Leverandørs artikkelnr";Norsk;61DN98;61DN98;1
"Leverandørs artikkelnr";Norsk;6300.14;6300.14;1
"Leverandørs artikkelnr";Norsk;"64 12 115";"64 12 115";1
"Leverandørs artikkelnr";Norsk;"64 32 120 ESD";"64 32 120 ESD";1
"Leverandørs artikkelnr";Norsk;654987;654987;1
"Leverandørs artikkelnr";Norsk;"67 01 140";"67 01 140";1
"Leverandørs artikkelnr";Norsk;"67 05 160";"67 05 160";1
"Leverandørs artikkelnr";Norsk;6801200;6801200;1
"Leverandørs artikkelnr";Norsk;6960W-2;6960W-2;1
"Leverandørs artikkelnr";Norsk;6960W-6;6960W-6;1
"Leverandørs artikkelnr";Norsk;696EX-01;696EX-01;1
"Leverandørs artikkelnr";Norsk;696EX-02;696EX-02;1
"Leverandørs artikkelnr";Norsk;696EX-04;696EX-04;1
"Leverandørs artikkelnr";Norsk;696EX-06;696EX-06;1
"Leverandørs artikkelnr";Norsk;6973M;6973M;1
"Leverandørs artikkelnr";Norsk;"70 01 110";"70 01 110";1
"Leverandørs artikkelnr";Norsk;"70 01 125";"70 01 125";1
"Leverandørs artikkelnr";Norsk;"70 01 125 SB";"70 01 125 SB";1
"Leverandørs artikkelnr";Norsk;"70 01 160";"70 01 160";1
"Leverandørs artikkelnr";Norsk;"70 02 160";"70 02 160";1
"Leverandørs artikkelnr";Norsk;"70 06 140";"70 06 140";1
"Leverandørs artikkelnr";Norsk;"70 06 160";"70 06 160";1
"Leverandørs artikkelnr";Norsk;"71 01 160";"71 01 160";1
"Leverandørs artikkelnr";Norsk;"71 01 200";"71 01 200";1
"Leverandørs artikkelnr";Norsk;"71 01 250";"71 01 250";1
"Leverandørs artikkelnr";Norsk;"71 12 200";"71 12 200";1
"Leverandørs artikkelnr";Norsk;"71 22 200";"71 22 200";1
"Leverandørs artikkelnr";Norsk;"71 22 200 SB";"71 22 200 SB";1
"Leverandørs artikkelnr";Norsk;"71 31 200";"71 31 200";1
"Leverandørs artikkelnr";Norsk;"71 31 250";"71 31 250";1
"Leverandørs artikkelnr";Norsk;"71 32 200 T";"71 32 200 T";1
"Leverandørs artikkelnr";Norsk;"71 79 460";"71 79 460";1
"Leverandørs artikkelnr";Norsk;"71 79 610";"71 79 610";1
"Leverandørs artikkelnr";Norsk;"71 79 760";"71 79 760";1
"Leverandørs artikkelnr";Norsk;"71 79 910";"71 79 910";1
"Leverandørs artikkelnr";Norsk;"72 01 140";"72 01 140";1
"Leverandørs artikkelnr";Norsk;"72 11 160";"72 11 160";1
"Leverandørs artikkelnr";Norsk;"73 02 160";"73 02 160";1
"Leverandørs artikkelnr";Norsk;"73 05 160 T";"73 05 160 T";1
"Leverandørs artikkelnr";Norsk;"73 72 180 F";"73 72 180 F";1
"Leverandørs artikkelnr";Norsk;"74 01 140";"74 01 140";1
"Leverandørs artikkelnr";Norsk;"74 01 160";"74 01 160";1
"Leverandørs artikkelnr";Norsk;"74 01 160 SB";"74 01 160 SB";1
"Leverandørs artikkelnr";Norsk;"74 01 180";"74 01 180";1
"Leverandørs artikkelnr";Norsk;"74 01 200";"74 01 200";1
"Leverandørs artikkelnr";Norsk;"74 01 250";"74 01 250";1
"Leverandørs artikkelnr";Norsk;"74 02 140";"74 02 140";1
"Leverandørs artikkelnr";Norsk;"74 02 160";"74 02 160";1
"Leverandørs artikkelnr";Norsk;"74 02 180";"74 02 180";1
"Leverandørs artikkelnr";Norsk;"74 02 200";"74 02 200";1
"Leverandørs artikkelnr";Norsk;"74 02 250";"74 02 250";1
"Leverandørs artikkelnr";Norsk;"74 06 160";"74 06 160";1
"Leverandørs artikkelnr";Norsk;"74 06 180 SB";"74 06 180 SB";1
"Leverandørs artikkelnr";Norsk;"74 12 160";"74 12 160";1
"Leverandørs artikkelnr";Norsk;"74 12 180";"74 12 180";1
"Leverandørs artikkelnr";Norsk;"74 22 200 T";"74 22 200 T";1
"Leverandørs artikkelnr";Norsk;"76 01 125";"76 01 125";1
"Leverandørs artikkelnr";Norsk;"77 02 115";"77 02 115";1
"Leverandørs artikkelnr";Norsk;"77 22 115";"77 22 115";1
"Leverandørs artikkelnr";Norsk;"77 72 115 ESD";"77 72 115 ESD";1
"Leverandørs artikkelnr";Norsk;776EX-01;776EX-01;1
"Leverandørs artikkelnr";Norsk;776EX-04;776EX-04;1
"Leverandørs artikkelnr";Norsk;776EX-06;776EX-06;1
"Leverandørs artikkelnr";Norsk;7805DM-24;7805DM-24;1
"Leverandørs artikkelnr";Norsk;"79 22 120";"79 22 120";1
"Leverandørs artikkelnr";Norsk;"79 22 125";"79 22 125";1
"Leverandørs artikkelnr";Norsk;7993M0170;7993M0170;1
"Leverandørs artikkelnr";Norsk;"81 01 250";"81 01 250";1
"Leverandørs artikkelnr";Norsk;"81 11 250";"81 11 250";1
"Leverandørs artikkelnr";Norsk;"81 13 230 SB";"81 13 230 SB";1
"Leverandørs artikkelnr";Norsk;"81 13 250";"81 13 250";1
"Leverandørs artikkelnr";Norsk;"81 19 250";"81 19 250";1
"Leverandørs artikkelnr";Norsk;"81 19 250 V02";"81 19 250 V02";1
"Leverandørs artikkelnr";Norsk;8119230;8119230;1
"Leverandørs artikkelnr";Norsk;8150-1/2;8150-1/2;1
"Leverandørs artikkelnr";Norsk;8156-1/2;8156-1/2;1
"Leverandørs artikkelnr";Norsk;8157-24;8157-24;1
"Leverandørs artikkelnr";Norsk;8160W-10;8160W-10;1
"Leverandørs artikkelnr";Norsk;8160W-3;8160W-3;1
"Leverandørs artikkelnr";Norsk;8160W-5;8160W-5;1
"Leverandørs artikkelnr";Norsk;8167-1/2;8167-1/2;1
"Leverandørs artikkelnr";Norsk;"83 10 020";"83 10 020";1
"Leverandørs artikkelnr";Norsk;"83 10 030";"83 10 030";1
"Leverandørs artikkelnr";Norsk;"83 60 010";"83 60 010";1
"Leverandørs artikkelnr";Norsk;"83 60 015";"83 60 015";1
"Leverandørs artikkelnr";Norsk;8346;8346;1
"Leverandørs artikkelnr";Norsk;"85 01 250";"85 01 250";1
"Leverandørs artikkelnr";Norsk;"85 51 250 A";"85 51 250 A";1
"Leverandørs artikkelnr";Norsk;"85 51 250 C";"85 51 250 C";1
"Leverandørs artikkelnr";Norsk;"86 03 150";"86 03 150";1
"Leverandørs artikkelnr";Norsk;"86 03 180";"86 03 180";1
"Leverandørs artikkelnr";Norsk;"86 03 250";"86 03 250";1
"Leverandørs artikkelnr";Norsk;"86 03 300";"86 03 300";1
"Leverandørs artikkelnr";Norsk;"86 05 150";"86 05 150";1
"Leverandørs artikkelnr";Norsk;"87 01 125";"87 01 125";1
"Leverandørs artikkelnr";Norsk;"87 01 150";"87 01 150";1
"Leverandørs artikkelnr";Norsk;"87 01 180";"87 01 180";1
"Leverandørs artikkelnr";Norsk;"87 01 250";"87 01 250";1
"Leverandørs artikkelnr";Norsk;"87 01 300";"87 01 300";1
"Leverandørs artikkelnr";Norsk;"87 01 400";"87 01 400";1
"Leverandørs artikkelnr";Norsk;"87 01 400 SB";"87 01 400 SB";1
"Leverandørs artikkelnr";Norsk;"87 01 560";"87 01 560";1
"Leverandørs artikkelnr";Norsk;"87 02 180 T";"87 02 180 T";1
"Leverandørs artikkelnr";Norsk;"87 02 250 T";"87 02 250 T";1
"Leverandørs artikkelnr";Norsk;"87 03 125 BE BK";"87 03 125 BE BK";1
"Leverandørs artikkelnr";Norsk;"87 03 125 PE BK";"87 03 125 PE BK";1
"Leverandørs artikkelnr";Norsk;"87 41 250";"87 41 250";1
"Leverandørs artikkelnr";Norsk;"87 41 250 SB";"87 41 250 SB";1
"Leverandørs artikkelnr";Norsk;"87 51 250";"87 51 250";1
"Leverandørs artikkelnr";Norsk;"87 51 250 SB";"87 51 250 SB";1
"Leverandørs artikkelnr";Norsk;"88 02 300";"88 02 300";1
"Leverandørs artikkelnr";Norsk;"88 06 250";"88 06 250";1
"Leverandørs artikkelnr";Norsk;"88 06 250 SB";"88 06 250 SB";1
"Leverandørs artikkelnr";Norsk;8958;8958;1
"Leverandørs artikkelnr";Norsk;8961;8961;1
"Leverandørs artikkelnr";Norsk;8962;8962;1
"Leverandørs artikkelnr";Norsk;"90 20 185";"90 20 185";1
"Leverandørs artikkelnr";Norsk;"90 22 01 SB";"90 22 01 SB";1
"Leverandørs artikkelnr";Norsk;"90 22 02 SB";"90 22 02 SB";1
"Leverandørs artikkelnr";Norsk;"90 22 10 BK";"90 22 10 BK";1
"Leverandørs artikkelnr";Norsk;"90 70 220";"90 70 220";1
"Leverandørs artikkelnr";Norsk;"90 70 220 SB";"90 70 220 SB";1
"Leverandørs artikkelnr";Norsk;"91 92 180";"91 92 180";1
"Leverandørs artikkelnr";Norsk;91260109;91260109;1
"Leverandørs artikkelnr";Norsk;9131180;9131180;1
"Leverandørs artikkelnr";Norsk;"92 02 54";"92 02 54";1
"Leverandørs artikkelnr";Norsk;"92 23 05";"92 23 05";1
"Leverandørs artikkelnr";Norsk;"92 64 44";"92 64 44";1
"Leverandørs artikkelnr";Norsk;93640100;93640100;1
"Leverandørs artikkelnr";Norsk;"95 05 155 SB";"95 05 155 SB";1
"Leverandørs artikkelnr";Norsk;"95 11 165";"95 11 165";1
"Leverandørs artikkelnr";Norsk;"95 11 165 A";"95 11 165 A";1
"Leverandørs artikkelnr";Norsk;"95 11 165 SB";"95 11 165 SB";1
"Leverandørs artikkelnr";Norsk;"95 11 200";"95 11 200";1
"Leverandørs artikkelnr";Norsk;"95 16 165";"95 16 165";1
"Leverandørs artikkelnr";Norsk;"95 16 200";"95 16 200";1
"Leverandørs artikkelnr";Norsk;"95 22 165";"95 22 165";1
"Leverandørs artikkelnr";Norsk;"95 31 250";"95 31 250";1
"Leverandørs artikkelnr";Norsk;"95 31 280";"95 31 280";1
"Leverandørs artikkelnr";Norsk;"95 41 165";"95 41 165";1
"Leverandørs artikkelnr";Norsk;"95 62 160";"95 62 160";1
"Leverandørs artikkelnr";Norsk;"97 22 240 SB";"97 22 240 SB";1
"Leverandørs artikkelnr";Norsk;"97 33 01";"97 33 01";1
"Leverandørs artikkelnr";Norsk;"97 33 02";"97 33 02";1
"Leverandørs artikkelnr";Norsk;"97 39 09";"97 39 09";1
"Leverandørs artikkelnr";Norsk;"97 39 13";"97 39 13";1
"Leverandørs artikkelnr";Norsk;"97 51 10";"97 51 10";1
"Leverandørs artikkelnr";Norsk;"97 52 09";"97 52 09";1
"Leverandørs artikkelnr";Norsk;"97 52 36";"97 52 36";1
"Leverandørs artikkelnr";Norsk;"97 53 09";"97 53 09";1
"Leverandørs artikkelnr";Norsk;"97 53 09 SB";"97 53 09 SB";1
"Leverandørs artikkelnr";Norsk;"97 53 14";"97 53 14";1
"Leverandørs artikkelnr";Norsk;9799910;9799910;1
"Leverandørs artikkelnr";Norsk;"98 54";"98 54";1
"Leverandørs artikkelnr";Norsk;"98 55";"98 55";1
"Leverandørs artikkelnr";Norsk;"98 65 41";"98 65 41";1
"Leverandørs artikkelnr";Norsk;"98 65 42";"98 65 42";1
"Leverandørs artikkelnr";Norsk;"98 67 10";"98 67 10";1
"Leverandørs artikkelnr";Norsk;"98 99 15";"98 99 15";1
"Leverandørs artikkelnr";Norsk;989914;989914;1
"Leverandørs artikkelnr";Norsk;"99 01 200";"99 01 200";1
"Leverandørs artikkelnr";Norsk;"99 01 220";"99 01 220";1
"Leverandørs artikkelnr";Norsk;"99 01 220 SB";"99 01 220 SB";1
"Leverandørs artikkelnr";Norsk;"99 01 250";"99 01 250";1
"Leverandørs artikkelnr";Norsk;"99 01 300";"99 01 300";1
"Leverandørs artikkelnr";Norsk;"99 11 250";"99 11 250";1
"Leverandørs artikkelnr";Norsk;"99 11 300";"99 11 300";1
"Leverandørs artikkelnr";Norsk;"99 11 300 SB";"99 11 300 SB";1
"Leverandørs artikkelnr";Norsk;A13041;A13041;1
"Leverandørs artikkelnr";Norsk;A131340;A131340;1
"Leverandørs artikkelnr";Norsk;A131341;A131341;1
"Leverandørs artikkelnr";Norsk;A131342;A131342;1
"Leverandørs artikkelnr";Norsk;A131343;A131343;1
"Leverandørs artikkelnr";Norsk;A131344;A131344;1
"Leverandørs artikkelnr";Norsk;A131345;A131345;1
"Leverandørs artikkelnr";Norsk;A131346;A131346;1
"Leverandørs artikkelnr";Norsk;A131347;A131347;1
"Leverandørs artikkelnr";Norsk;A131348;A131348;1
"Leverandørs artikkelnr";Norsk;A131349;A131349;1
"Leverandørs artikkelnr";Norsk;A13134M;A13134M;1
"Leverandørs artikkelnr";Norsk;A131350;A131350;1
"Leverandørs artikkelnr";Norsk;A131351;A131351;1
"Leverandørs artikkelnr";Norsk;A131352;A131352;1
"Leverandørs artikkelnr";Norsk;A131353;A131353;1
"Leverandørs artikkelnr";Norsk;A131354;A131354;1
"Leverandørs artikkelnr";Norsk;A131355;A131355;1
"Leverandørs artikkelnr";Norsk;A131356;A131356;1
"Leverandørs artikkelnr";Norsk;A13136;A13136;1
"Leverandørs artikkelnr";Norsk;A13240;A13240;1
"Leverandørs artikkelnr";Norsk;A13245;A13245;1
"Leverandørs artikkelnr";Norsk;A13255;A13255;1
"Leverandørs artikkelnr";Norsk;A13265;A13265;1
"Leverandørs artikkelnr";Norsk;A13315;A13315;1
"Leverandørs artikkelnr";Norsk;A13316;A13316;1
"Leverandørs artikkelnr";Norsk;A13355;A13355;1
"Leverandørs artikkelnr";Norsk;A13356;A13356;1
"Leverandørs artikkelnr";Norsk;A13362;A13362;1
"Leverandørs artikkelnr";Norsk;A13366;A13366;1
"Leverandørs artikkelnr";Norsk;A13367;A13367;1
"Leverandørs artikkelnr";Norsk;A13548;A13548;1
"Leverandørs artikkelnr";Norsk;A13695;A13695;1
"Leverandørs artikkelnr";Norsk;A13798;A13798;1
"Leverandørs artikkelnr";Norsk;A13799;A13799;1
"Leverandørs artikkelnr";Norsk;A13800;A13800;1
"Leverandørs artikkelnr";Norsk;A13801;A13801;1
"Leverandørs artikkelnr";Norsk;A13802;A13802;1
"Leverandørs artikkelnr";Norsk;A13803;A13803;1
"Leverandørs artikkelnr";Norsk;A13804;A13804;1
"Leverandørs artikkelnr";Norsk;A13805;A13805;1
"Leverandørs artikkelnr";Norsk;A13806;A13806;1
"Leverandørs artikkelnr";Norsk;A13807;A13807;1
"Leverandørs artikkelnr";Norsk;A13808;A13808;1
"Leverandørs artikkelnr";Norsk;A13809;A13809;1
"Leverandørs artikkelnr";Norsk;A13810;A13810;1
"Leverandørs artikkelnr";Norsk;A13810-12P;A13810-12P;1
"Leverandørs artikkelnr";Norsk;A13811;A13811;1
"Leverandørs artikkelnr";Norsk;A13811-12P;A13811-12P;1
"Leverandørs artikkelnr";Norsk;A13812;A13812;1
"Leverandørs artikkelnr";Norsk;A13812-12P;A13812-12P;1
"Leverandørs artikkelnr";Norsk;A13813;A13813;1
"Leverandørs artikkelnr";Norsk;A13813-12P;A13813-12P;1
"Leverandørs artikkelnr";Norsk;A13814;A13814;1
"Leverandørs artikkelnr";Norsk;A13814-12P;A13814-12P;1
"Leverandørs artikkelnr";Norsk;A13815;A13815;1
"Leverandørs artikkelnr";Norsk;A13815-12P;A13815-12P;1
"Leverandørs artikkelnr";Norsk;A13816;A13816;1
"Leverandørs artikkelnr";Norsk;A13816-12P;A13816-12P;1
"Leverandørs artikkelnr";Norsk;A13817;A13817;1
"Leverandørs artikkelnr";Norsk;A13817-12P;A13817-12P;1
"Leverandørs artikkelnr";Norsk;A13818;A13818;1
"Leverandørs artikkelnr";Norsk;A13818-12P;A13818-12P;1
"Leverandørs artikkelnr";Norsk;A13819;A13819;1
"Leverandørs artikkelnr";Norsk;A13819-12P;A13819-12P;1
"Leverandørs artikkelnr";Norsk;A13821;A13821;1
"Leverandørs artikkelnr";Norsk;A13821-12P;A13821-12P;1
"Leverandørs artikkelnr";Norsk;A13822;A13822;1
"Leverandørs artikkelnr";Norsk;A13822-12P;A13822-12P;1
"Leverandørs artikkelnr";Norsk;A14330;A14330;1
"Leverandørs artikkelnr";Norsk;A14331;A14331;1
"Leverandørs artikkelnr";Norsk;A14332;A14332;1
"Leverandørs artikkelnr";Norsk;A14333;A14333;1
"Leverandørs artikkelnr";Norsk;A14334;A14334;1
"Leverandørs artikkelnr";Norsk;A14335;A14335;1
"Leverandørs artikkelnr";Norsk;A14336;A14336;1
"Leverandørs artikkelnr";Norsk;A14337;A14337;1
"Leverandørs artikkelnr";Norsk;A14338;A14338;1
"Leverandørs artikkelnr";Norsk;A14346;A14346;1
"Leverandørs artikkelnr";Norsk;A14347;A14347;1
"Leverandørs artikkelnr";Norsk;A14348;A14348;1
"Leverandørs artikkelnr";Norsk;A14349;A14349;1
"Leverandørs artikkelnr";Norsk;A14350;A14350;1
"Leverandørs artikkelnr";Norsk;A14351;A14351;1
"Leverandørs artikkelnr";Norsk;A14352;A14352;1
"Leverandørs artikkelnr";Norsk;A14353;A14353;1
"Leverandørs artikkelnr";Norsk;A14354;A14354;1
"Leverandørs artikkelnr";Norsk;A14355;A14355;1
"Leverandørs artikkelnr";Norsk;A14356;A14356;1
"Leverandørs artikkelnr";Norsk;A14357;A14357;1
"Leverandørs artikkelnr";Norsk;A14358;A14358;1
"Leverandørs artikkelnr";Norsk;A14359;A14359;1
"Leverandørs artikkelnr";Norsk;A14360;A14360;1
"Leverandørs artikkelnr";Norsk;A14361;A14361;1
"Leverandørs artikkelnr";Norsk;A14362;A14362;1
"Leverandørs artikkelnr";Norsk;A14410;A14410;1
"Leverandørs artikkelnr";Norsk;A14410-5;A14410-5;1
"Leverandørs artikkelnr";Norsk;A14411;A14411;1
"Leverandørs artikkelnr";Norsk;A14411-5;A14411-5;1
"Leverandørs artikkelnr";Norsk;A14412;A14412;1
"Leverandørs artikkelnr";Norsk;A14412-5;A14412-5;1
"Leverandørs artikkelnr";Norsk;A14413;A14413;1
"Leverandørs artikkelnr";Norsk;A14414;A14414;1
"Leverandørs artikkelnr";Norsk;A14415;A14415;1
"Leverandørs artikkelnr";Norsk;A14420;A14420;1
"Leverandørs artikkelnr";Norsk;A14421;A14421;1
"Leverandørs artikkelnr";Norsk;A14422;A14422;1
"Leverandørs artikkelnr";Norsk;A14423;A14423;1
"Leverandørs artikkelnr";Norsk;A14424;A14424;1
"Leverandørs artikkelnr";Norsk;A14425;A14425;1
"Leverandørs artikkelnr";Norsk;A14426;A14426;1
"Leverandørs artikkelnr";Norsk;A14427;A14427;1
"Leverandørs artikkelnr";Norsk;A14428;A14428;1
"Leverandørs artikkelnr";Norsk;A14429;A14429;1
"Leverandørs artikkelnr";Norsk;A14430;A14430;1
"Leverandørs artikkelnr";Norsk;A14431;A14431;1
"Leverandørs artikkelnr";Norsk;A14432;A14432;1
"Leverandørs artikkelnr";Norsk;A14435;A14435;1
"Leverandørs artikkelnr";Norsk;A14436;A14436;1
"Leverandørs artikkelnr";Norsk;A14437;A14437;1
"Leverandørs artikkelnr";Norsk;A14438;A14438;1
"Leverandørs artikkelnr";Norsk;A14439;A14439;1
"Leverandørs artikkelnr";Norsk;A14440;A14440;1
"Leverandørs artikkelnr";Norsk;A14441;A14441;1
"Leverandørs artikkelnr";Norsk;A14442;A14442;1
"Leverandørs artikkelnr";Norsk;A14448;A14448;1
"Leverandørs artikkelnr";Norsk;A14449;A14449;1
"Leverandørs artikkelnr";Norsk;A14450;A14450;1
"Leverandørs artikkelnr";Norsk;A14451;A14451;1
"Leverandørs artikkelnr";Norsk;A14452;A14452;1
"Leverandørs artikkelnr";Norsk;A14453;A14453;1
"Leverandørs artikkelnr";Norsk;A14454;A14454;1
"Leverandørs artikkelnr";Norsk;A14455;A14455;1
"Leverandørs artikkelnr";Norsk;A14457;A14457;1
"Leverandørs artikkelnr";Norsk;A14459;A14459;1
"Leverandørs artikkelnr";Norsk;A14460;A14460;1
"Leverandørs artikkelnr";Norsk;A14461;A14461;1
"Leverandørs artikkelnr";Norsk;A14462;A14462;1
"Leverandørs artikkelnr";Norsk;A14465;A14465;1
"Leverandørs artikkelnr";Norsk;A14466;A14466;1
"Leverandørs artikkelnr";Norsk;A14467;A14467;1
"Leverandørs artikkelnr";Norsk;A14468;A14468;1
"Leverandørs artikkelnr";Norsk;A14469;A14469;1
"Leverandørs artikkelnr";Norsk;A14470;A14470;1
"Leverandørs artikkelnr";Norsk;A14471;A14471;1
"Leverandørs artikkelnr";Norsk;A14472;A14472;1
"Leverandørs artikkelnr";Norsk;A14475;A14475;1
"Leverandørs artikkelnr";Norsk;A14476;A14476;1
"Leverandørs artikkelnr";Norsk;A14477;A14477;1
"Leverandørs artikkelnr";Norsk;A14478;A14478;1
"Leverandørs artikkelnr";Norsk;A14479;A14479;1
"Leverandørs artikkelnr";Norsk;A14480;A14480;1
"Leverandørs artikkelnr";Norsk;A14481;A14481;1
"Leverandørs artikkelnr";Norsk;A14482;A14482;1
"Leverandørs artikkelnr";Norsk;A14483;A14483;1
"Leverandørs artikkelnr";Norsk;A14484;A14484;1
"Leverandørs artikkelnr";Norsk;A14721;A14721;1
"Leverandørs artikkelnr";Norsk;A16002;A16002;1
"Leverandørs artikkelnr";Norsk;A2A;A2A;1
"Leverandørs artikkelnr";Norsk;A6710DZ-1/2;A6710DZ-1/2;1
"Leverandørs artikkelnr";Norsk;A6710DZ-1/4;A6710DZ-1/4;1
"Leverandørs artikkelnr";Norsk;A6710DZ-11/32;A6710DZ-11/32;1
"Leverandørs artikkelnr";Norsk;A6710DZ-3/16;A6710DZ-3/16;1
"Leverandørs artikkelnr";Norsk;A6710DZ-3/8;A6710DZ-3/8;1
"Leverandørs artikkelnr";Norsk;A6710DZ-5/16;A6710DZ-5/16;1
"Leverandørs artikkelnr";Norsk;A6710DZ-7/16;A6710DZ-7/16;1
"Leverandørs artikkelnr";Norsk;A6710DZ-7/32;A6710DZ-7/32;1
"Leverandørs artikkelnr";Norsk;A6710DZ-9/16;A6710DZ-9/16;1
"Leverandørs artikkelnr";Norsk;A6710DZ-9/32;A6710DZ-9/32;1
"Leverandørs artikkelnr";Norsk;A7410DZ-1/2;A7410DZ-1/2;1
"Leverandørs artikkelnr";Norsk;A7410DZ-11/16;A7410DZ-11/16;1
"Leverandørs artikkelnr";Norsk;A7410DZ-3/4;A7410DZ-3/4;1
"Leverandørs artikkelnr";Norsk;A7410DZ-3/8;A7410DZ-3/8;1
"Leverandørs artikkelnr";Norsk;A7410DZ-5/16;A7410DZ-5/16;1
"Leverandørs artikkelnr";Norsk;A7410DZ-5/8;A7410DZ-5/8;1
"Leverandørs artikkelnr";Norsk;A7410DZ-7/16;A7410DZ-7/16;1
"Leverandørs artikkelnr";Norsk;A7410DZ-9/16;A7410DZ-9/16;1
"Leverandørs artikkelnr";Norsk;AF01348;AF01348;1
"Leverandørs artikkelnr";Norsk;AF01349;AF01349;1
"Leverandørs artikkelnr";Norsk;AH18;AH18;1
"Leverandørs artikkelnr";Norsk;AH34RK;AH34RK;1
"Leverandørs artikkelnr";Norsk;AKC105;AKC105;1
"Leverandørs artikkelnr";Norsk;AKC108;AKC108;1
"Leverandørs artikkelnr";Norsk;AKC110;AKC110;1
"Leverandørs artikkelnr";Norsk;AKC111;AKC111;1
"Leverandørs artikkelnr";Norsk;AKC112;AKC112;1
"Leverandørs artikkelnr";Norsk;AKC113;AKC113;1
"Leverandørs artikkelnr";Norsk;AKC114;AKC114;1
"Leverandørs artikkelnr";Norsk;AKC115;AKC115;1
"Leverandørs artikkelnr";Norsk;AKC116;AKC116;1
"Leverandørs artikkelnr";Norsk;AKC117;AKC117;1
"Leverandørs artikkelnr";Norsk;AKC118;AKC118;1
"Leverandørs artikkelnr";Norsk;AKC119;AKC119;1
"Leverandørs artikkelnr";Norsk;AKC120;AKC120;1
"Leverandørs artikkelnr";Norsk;AKC121;AKC121;1
"Leverandørs artikkelnr";Norsk;AKC122;AKC122;1
"Leverandørs artikkelnr";Norsk;AKC124;AKC124;1
"Leverandørs artikkelnr";Norsk;AKC125;AKC125;1
"Leverandørs artikkelnr";Norsk;AKC126;AKC126;1
"Leverandørs artikkelnr";Norsk;AKC128;AKC128;1
"Leverandørs artikkelnr";Norsk;AKC129;AKC129;1
"Leverandørs artikkelnr";Norsk;AKC130;AKC130;1
"Leverandørs artikkelnr";Norsk;AKC131;AKC131;1
"Leverandørs artikkelnr";Norsk;AKC133;AKC133;1
"Leverandørs artikkelnr";Norsk;AKC134;AKC134;1
"Leverandørs artikkelnr";Norsk;AKC135;AKC135;1
"Leverandørs artikkelnr";Norsk;AKC136;AKC136;1
"Leverandørs artikkelnr";Norsk;AKC137;AKC137;1
"Leverandørs artikkelnr";Norsk;AKC138;AKC138;1
"Leverandørs artikkelnr";Norsk;AKC139;AKC139;1
"Leverandørs artikkelnr";Norsk;AKC141;AKC141;1
"Leverandørs artikkelnr";Norsk;AKC142;AKC142;1
"Leverandørs artikkelnr";Norsk;AKC143;AKC143;1
"Leverandørs artikkelnr";Norsk;AKC1438;AKC1438;1
"Leverandørs artikkelnr";Norsk;AKC144;AKC144;1
"Leverandørs artikkelnr";Norsk;AKC145;AKC145;1
"Leverandørs artikkelnr";Norsk;AKC146;AKC146;1
"Leverandørs artikkelnr";Norsk;AKC147;AKC147;1
"Leverandørs artikkelnr";Norsk;AKC148;AKC148;1
"Leverandørs artikkelnr";Norsk;AKC149;AKC149;1
"Leverandørs artikkelnr";Norsk;AKC150;AKC150;1
"Leverandørs artikkelnr";Norsk;AKC152;AKC152;1
"Leverandørs artikkelnr";Norsk;AKC153;AKC153;1
"Leverandørs artikkelnr";Norsk;AKC155;AKC155;1
"Leverandørs artikkelnr";Norsk;AKC156;AKC156;1
"Leverandørs artikkelnr";Norsk;AKC157;AKC157;1
"Leverandørs artikkelnr";Norsk;AKC161;AKC161;1
"Leverandørs artikkelnr";Norsk;AKC164;AKC164;1
"Leverandørs artikkelnr";Norsk;AKC168;AKC168;1
"Leverandørs artikkelnr";Norsk;AKC172;AKC172;1
"Leverandørs artikkelnr";Norsk;AKC177;AKC177;1
"Leverandørs artikkelnr";Norsk;AKC212;AKC212;1
"Leverandørs artikkelnr";Norsk;AKC213;AKC213;1
"Leverandørs artikkelnr";Norsk;AKC214;AKC214;1
"Leverandørs artikkelnr";Norsk;AKC215;AKC215;1
"Leverandørs artikkelnr";Norsk;AKC217;AKC217;1
"Leverandørs artikkelnr";Norsk;AKC219;AKC219;1
"Leverandørs artikkelnr";Norsk;AKC220;AKC220;1
"Leverandørs artikkelnr";Norsk;AKC222;AKC222;1
"Leverandørs artikkelnr";Norsk;AKC223;AKC223;1
"Leverandørs artikkelnr";Norsk;AKC224;AKC224;1
"Leverandørs artikkelnr";Norsk;AKC226;AKC226;1
"Leverandørs artikkelnr";Norsk;AKC227;AKC227;1
"Leverandørs artikkelnr";Norsk;AKC228;AKC228;1
"Leverandørs artikkelnr";Norsk;AKC229;AKC229;1
"Leverandørs artikkelnr";Norsk;AKC230;AKC230;1
"Leverandørs artikkelnr";Norsk;AKC238;AKC238;1
"Leverandørs artikkelnr";Norsk;AKC239;AKC239;1
"Leverandørs artikkelnr";Norsk;AKC240;AKC240;1
"Leverandørs artikkelnr";Norsk;AKC241;AKC241;1
"Leverandørs artikkelnr";Norsk;AKC242;AKC242;1
"Leverandørs artikkelnr";Norsk;AKC243;AKC243;1
"Leverandørs artikkelnr";Norsk;AKC244;AKC244;1
"Leverandørs artikkelnr";Norsk;AKC245;AKC245;1
"Leverandørs artikkelnr";Norsk;AKC246;AKC246;1
"Leverandørs artikkelnr";Norsk;AKC248;AKC248;1
"Leverandørs artikkelnr";Norsk;AKC250;AKC250;1
"Leverandørs artikkelnr";Norsk;AKC251;AKC251;1
"Leverandørs artikkelnr";Norsk;AKC252;AKC252;1
"Leverandørs artikkelnr";Norsk;AKC253;AKC253;1
"Leverandørs artikkelnr";Norsk;AKC254;AKC254;1
"Leverandørs artikkelnr";Norsk;AKC255;AKC255;1
"Leverandørs artikkelnr";Norsk;AKC256;AKC256;1
"Leverandørs artikkelnr";Norsk;AKC257;AKC257;1
"Leverandørs artikkelnr";Norsk;AKC258;AKC258;1
"Leverandørs artikkelnr";Norsk;AKC259;AKC259;1
"Leverandørs artikkelnr";Norsk;AKC260;AKC260;1
"Leverandørs artikkelnr";Norsk;AKC262;AKC262;1
"Leverandørs artikkelnr";Norsk;AKC300;AKC300;1
"Leverandørs artikkelnr";Norsk;AKC302;AKC302;1
"Leverandørs artikkelnr";Norsk;AKC303;AKC303;1
"Leverandørs artikkelnr";Norsk;AKC304;AKC304;1
"Leverandørs artikkelnr";Norsk;AKC305;AKC305;1
"Leverandørs artikkelnr";Norsk;AKC3812;AKC3812;1
"Leverandørs artikkelnr";Norsk;AKC3814;AKC3814;1
"Leverandørs artikkelnr";Norsk;AKC402;AKC402;1
"Leverandørs artikkelnr";Norsk;AKC404;AKC404;1
"Leverandørs artikkelnr";Norsk;AKC405;AKC405;1
"Leverandørs artikkelnr";Norsk;AKC501;AKC501;1
"Leverandørs artikkelnr";Norsk;AKC502;AKC502;1
"Leverandørs artikkelnr";Norsk;AKC503;AKC503;1
"Leverandørs artikkelnr";Norsk;AKC504;AKC504;1
"Leverandørs artikkelnr";Norsk;AKC505;AKC505;1
"Leverandørs artikkelnr";Norsk;AKC506;AKC506;1
"Leverandørs artikkelnr";Norsk;AKC507;AKC507;1
"Leverandørs artikkelnr";Norsk;AKC508;AKC508;1
"Leverandørs artikkelnr";Norsk;AKC509;AKC509;1
"Leverandørs artikkelnr";Norsk;AKC510;AKC510;1
"Leverandørs artikkelnr";Norsk;AKC511;AKC511;1
"Leverandørs artikkelnr";Norsk;AKC512;AKC512;1
"Leverandørs artikkelnr";Norsk;AKC513;AKC513;1
"Leverandørs artikkelnr";Norsk;AKC514;AKC514;1
"Leverandørs artikkelnr";Norsk;AKC515;AKC515;1
"Leverandørs artikkelnr";Norsk;AKC516;AKC516;1
"Leverandørs artikkelnr";Norsk;AKC517;AKC517;1
"Leverandørs artikkelnr";Norsk;AKC518;AKC518;1
"Leverandørs artikkelnr";Norsk;AKC519;AKC519;1
"Leverandørs artikkelnr";Norsk;AKC520;AKC520;1
"Leverandørs artikkelnr";Norsk;AKC521;AKC521;1
"Leverandørs artikkelnr";Norsk;AKC522;AKC522;1
"Leverandørs artikkelnr";Norsk;AKC523;AKC523;1
"Leverandørs artikkelnr";Norsk;AKC524;AKC524;1
"Leverandørs artikkelnr";Norsk;AKC525;AKC525;1
"Leverandørs artikkelnr";Norsk;AKC526;AKC526;1
"Leverandørs artikkelnr";Norsk;AKC527;AKC527;1
"Leverandørs artikkelnr";Norsk;AKC528;AKC528;1
"Leverandørs artikkelnr";Norsk;AKC529;AKC529;1
"Leverandørs artikkelnr";Norsk;AKC530;AKC530;1
"Leverandørs artikkelnr";Norsk;AKC531;AKC531;1
"Leverandørs artikkelnr";Norsk;AKC532;AKC532;1
"Leverandørs artikkelnr";Norsk;AKC533;AKC533;1
"Leverandørs artikkelnr";Norsk;AKC534;AKC534;1
"Leverandørs artikkelnr";Norsk;AKC535;AKC535;1
"Leverandørs artikkelnr";Norsk;AKC536;AKC536;1
"Leverandørs artikkelnr";Norsk;AKC541;AKC541;1
"Leverandørs artikkelnr";Norsk;AKC542;AKC542;1
"Leverandørs artikkelnr";Norsk;AN85086B;AN85086B;1
"Leverandørs artikkelnr";Norsk;AZDA210;AZDA210;1
"Leverandørs artikkelnr";Norsk;AZDA315;AZDA315;1
"Leverandørs artikkelnr";Norsk;AZDA315S;AZDA315S;1
"Leverandørs artikkelnr";Norsk;BBR201P67814;BBR201P67814;1
"Leverandørs artikkelnr";Norsk;BHVIS08115;BHVIS08115;1
"Leverandørs artikkelnr";Norsk;"BRUK F5212";"BRUK F5212";1
"Leverandørs artikkelnr";Norsk;BS2T09;BS2T09;1
"Leverandørs artikkelnr";Norsk;BS2T10;BS2T10;1
"Leverandørs artikkelnr";Norsk;BS2T15;BS2T15;1
"Leverandørs artikkelnr";Norsk;BS2T20;BS2T20;1
"Leverandørs artikkelnr";Norsk;BS2T25;BS2T25;1
"Leverandørs artikkelnr";Norsk;BS2T27;BS2T27;1
"Leverandørs artikkelnr";Norsk;BS2T30;BS2T30;1
"Leverandørs artikkelnr";Norsk;BS2T40;BS2T40;1
"Leverandørs artikkelnr";Norsk;DS2-04AC;DS2-04AC;1
"Leverandørs artikkelnr";Norsk;DS2-04C;DS2-04C;1
"Leverandørs artikkelnr";Norsk;DS2-05AC;DS2-05AC;1
"Leverandørs artikkelnr";Norsk;DS2-05C;DS2-05C;1
"Leverandørs artikkelnr";Norsk;DS2-06C;DS2-06C;1
"Leverandørs artikkelnr";Norsk;DS2-07C;DS2-07C;1
"Leverandørs artikkelnr";Norsk;DS2-08C;DS2-08C;1
"Leverandørs artikkelnr";Norsk;DS2-09C;DS2-09C;1
"Leverandørs artikkelnr";Norsk;DS2-10C;DS2-10C;1
"Leverandørs artikkelnr";Norsk;DS2-11C;DS2-11C;1
"Leverandørs artikkelnr";Norsk;DS2-12C;DS2-12C;1
"Leverandørs artikkelnr";Norsk;DS2-13C;DS2-13C;1
"Leverandørs artikkelnr";Norsk;DS2-14C;DS2-14C;1
"Leverandørs artikkelnr";Norsk;DS4-08;DS4-08;1
"Leverandørs artikkelnr";Norsk;DS4-09;DS4-09;1
"Leverandørs artikkelnr";Norsk;DS4-10-C;DS4-10-C;1
"Leverandørs artikkelnr";Norsk;DS4-11-C;DS4-11-C;1
"Leverandørs artikkelnr";Norsk;DS4-12-C;DS4-12-C;1
"Leverandørs artikkelnr";Norsk;DS4-13-C;DS4-13-C;1
"Leverandørs artikkelnr";Norsk;DS4-14-C;DS4-14-C;1
"Leverandørs artikkelnr";Norsk;DS4-15-C;DS4-15-C;1
"Leverandørs artikkelnr";Norsk;DS4-16-C;DS4-16-C;1
"Leverandørs artikkelnr";Norsk;DS4-17-C;DS4-17-C;1
"Leverandørs artikkelnr";Norsk;DS4-18-C;DS4-18-C;1
"Leverandørs artikkelnr";Norsk;DS4-19-C;DS4-19-C;1
"Leverandørs artikkelnr";Norsk;DS4-21-C;DS4-21-C;1
"Leverandørs artikkelnr";Norsk;DS4-22-C;DS4-22-C;1
"Leverandørs artikkelnr";Norsk;F081;F081;1
"Leverandørs artikkelnr";Norsk;F101;F101;1
"Leverandørs artikkelnr";Norsk;F121;F121;1
"Leverandørs artikkelnr";Norsk;FBIT90DE;FBIT90DE;1
"Leverandørs artikkelnr";Norsk;FM20;FM20;1
"Leverandørs artikkelnr";Norsk;FM21;FM21;1
"Leverandørs artikkelnr";Norsk;FM22;FM22;1
"Leverandørs artikkelnr";Norsk;FM6;FM6;1
"Leverandørs artikkelnr";Norsk;FM7;FM7;1
"Leverandørs artikkelnr";Norsk;FU26B;FU26B;1
"Leverandørs artikkelnr";Norsk;FU28B;FU28B;1
"Leverandørs artikkelnr";Norsk;FU30A;FU30A;1
"Leverandørs artikkelnr";Norsk;FU32A;FU32A;1
"Leverandørs artikkelnr";Norsk;FXK11;FXK11;1
"Leverandørs artikkelnr";Norsk;GFAT1E;GFAT1E;1
"Leverandørs artikkelnr";Norsk;GSAF1F;GSAF1F;1
"Leverandørs artikkelnr";Norsk;GTA3;GTA3;1
"Leverandørs artikkelnr";Norsk;H34;H34;1
"Leverandørs artikkelnr";Norsk;ICK-14;ICK-14;1
"Leverandørs artikkelnr";Norsk;"IKKE I BRUK";"IKKE I BRUK";1
"Leverandørs artikkelnr";Norsk;IM320;IM320;1
"Leverandørs artikkelnr";Norsk;IM340;IM340;1
"Leverandørs artikkelnr";Norsk;IM360;IM360;1
"Leverandørs artikkelnr";Norsk;IM380;IM380;1
"Leverandørs artikkelnr";Norsk;IM400;IM400;1
"Leverandørs artikkelnr";Norsk;IM420H;IM420H;1
"Leverandørs artikkelnr";Norsk;IM440;IM440;1
"Leverandørs artikkelnr";Norsk;IM460;IM460;1
"Leverandørs artikkelnr";Norsk;IMXL312;IMXL312;1
"Leverandørs artikkelnr";Norsk;"IN 19 L 10-140";"IN 19 L 10-140";1
"Leverandørs artikkelnr";Norsk;"IN 19 L 12-140";"IN 19 L 12-140";1
"Leverandørs artikkelnr";Norsk;"IN 19 L 5-90";"IN 19 L 5-90";1
"Leverandørs artikkelnr";Norsk;"IN 19 L 6-90";"IN 19 L 6-90";1
"Leverandørs artikkelnr";Norsk;"IN 19 L 7-100";"IN 19 L 7-100";1
"Leverandørs artikkelnr";Norsk;"IN 19 L 8-90";"IN 19 L 8-90";1
"Leverandørs artikkelnr";Norsk;"IN 20 3";"IN 20 3";1
"Leverandørs artikkelnr";Norsk;"IN 20 4";"IN 20 4";1
"Leverandørs artikkelnr";Norsk;"IN 20 5";"IN 20 5";1
"Leverandørs artikkelnr";Norsk;"IN 20 6";"IN 20 6";1
"Leverandørs artikkelnr";Norsk;"IN 20 8";"IN 20 8";1
"Leverandørs artikkelnr";Norsk;"IN 30 10";"IN 30 10";1
"Leverandørs artikkelnr";Norsk;"IN 30 4";"IN 30 4";1
"Leverandørs artikkelnr";Norsk;"IN 30 5";"IN 30 5";1
"Leverandørs artikkelnr";Norsk;"IN 30 6";"IN 30 6";1
"Leverandørs artikkelnr";Norsk;"IN 30 7";"IN 30 7";1
"Leverandørs artikkelnr";Norsk;"IN 30 8";"IN 30 8";1
"Leverandørs artikkelnr";Norsk;IS4-13;IS4-13;1
"Leverandørs artikkelnr";Norsk;IS4-15;IS4-15;1
"Leverandørs artikkelnr";Norsk;IS4-17;IS4-17;1
"Leverandørs artikkelnr";Norsk;IS4-36;IS4-36;1
"Leverandørs artikkelnr";Norsk;IS4-804M;IS4-804M;1
"Leverandørs artikkelnr";Norsk;IS4-804MP;IS4-804MP;1
"Leverandørs artikkelnr";Norsk;IS4-805M;IS4-805M;1
"Leverandørs artikkelnr";Norsk;IS4-805MP;IS4-805MP;1
"Leverandørs artikkelnr";Norsk;IS4-806M;IS4-806M;1
"Leverandørs artikkelnr";Norsk;IS4-806MP;IS4-806MP;1
"Leverandørs artikkelnr";Norsk;IS4-807MP;IS4-807MP;1
"Leverandørs artikkelnr";Norsk;IS4-808M;IS4-808M;1
"Leverandørs artikkelnr";Norsk;IS4-808MP;IS4-808MP;1
"Leverandørs artikkelnr";Norsk;IS4-809M;IS4-809M;1
"Leverandørs artikkelnr";Norsk;IS4-809MP;IS4-809MP;1
"Leverandørs artikkelnr";Norsk;IS4-810M;IS4-810M;1
"Leverandørs artikkelnr";Norsk;IS4-810MP;IS4-810MP;1
"Leverandørs artikkelnr";Norsk;IS4-812M;IS4-812M;1
"Leverandørs artikkelnr";Norsk;IS4-812MP;IS4-812MP;1
"Leverandørs artikkelnr";Norsk;IS4-813MP;IS4-813MP;1
"Leverandørs artikkelnr";Norsk;IS4-814M;IS4-814M;1
"Leverandørs artikkelnr";Norsk;IS4-814MP;IS4-814MP;1
"Leverandørs artikkelnr";Norsk;IS4-816M;IS4-816M;1
"Leverandørs artikkelnr";Norsk;IS4-818M;IS4-818M;1
"Leverandørs artikkelnr";Norsk;IS6-41;IS6-41;1
"Leverandørs artikkelnr";Norsk;IS6-43;IS6-43;1
"Leverandørs artikkelnr";Norsk;IS8-39;IS8-39;1
"Leverandørs artikkelnr";Norsk;ISD6-36;ISD6-36;1
"Leverandørs artikkelnr";Norsk;ISD6-41;ISD6-41;1
"Leverandørs artikkelnr";Norsk;ISD6-46;ISD6-46;1
"Leverandørs artikkelnr";Norsk;ISD6-49;ISD6-49;1
"Leverandørs artikkelnr";Norsk;ISD8-30I;ISD8-30I;1
"Leverandørs artikkelnr";Norsk;ISD8-32;ISD8-32;1
"Leverandørs artikkelnr";Norsk;ISD8-65;ISD8-65;1
"Leverandørs artikkelnr";Norsk;ISH4-04;ISH4-04;1
"Leverandørs artikkelnr";Norsk;ISH4-05;ISH4-05;1
"Leverandørs artikkelnr";Norsk;ISH4-06;ISH4-06;1
"Leverandørs artikkelnr";Norsk;ISH4-08;ISH4-08;1
"Leverandørs artikkelnr";Norsk;ISH6-17I;ISH6-17I;1
"Leverandørs artikkelnr";Norsk;ISH6-27;ISH6-27;1
"Leverandørs artikkelnr";Norsk;IST4-19;IST4-19;1
"Leverandørs artikkelnr";Norsk;"ITX 20 T10";"ITX 20 T10";1
"Leverandørs artikkelnr";Norsk;"ITX 20 T15";"ITX 20 T15";1
"Leverandørs artikkelnr";Norsk;"ITX 20 T20";"ITX 20 T20";1
"Leverandørs artikkelnr";Norsk;"ITX 20 T25";"ITX 20 T25";1
"Leverandørs artikkelnr";Norsk;"ITX 20 T27";"ITX 20 T27";1
"Leverandørs artikkelnr";Norsk;"ITX 20 T30";"ITX 20 T30";1
"Leverandørs artikkelnr";Norsk;"ITX 20 T40";"ITX 20 T40";1
"Leverandørs artikkelnr";Norsk;"ITX 20 T9";"ITX 20 T9";1
"Leverandørs artikkelnr";Norsk;"ITX 30 T20";"ITX 30 T20";1
"Leverandørs artikkelnr";Norsk;"ITX 30 T25";"ITX 30 T25";1
"Leverandørs artikkelnr";Norsk;"ITX 30 T27";"ITX 30 T27";1
"Leverandørs artikkelnr";Norsk;"ITX 30 T30";"ITX 30 T30";1
"Leverandørs artikkelnr";Norsk;"ITX 30 T40";"ITX 30 T40";1
"Leverandørs artikkelnr";Norsk;"ITX 30 T45";"ITX 30 T45";1
"Leverandørs artikkelnr";Norsk;"ITX 30 T50";"ITX 30 T50";1
"Leverandørs artikkelnr";Norsk;"ITX K19 T30";"ITX K19 T30";1
"Leverandørs artikkelnr";Norsk;"ITX K19 T40";"ITX K19 T40";1
"Leverandørs artikkelnr";Norsk;"ITX K19 T45";"ITX K19 T45";1
"Leverandørs artikkelnr";Norsk;"ITX K19 T50";"ITX K19 T50";1
"Leverandørs artikkelnr";Norsk;"ITX K19 T55";"ITX K19 T55";1
"Leverandørs artikkelnr";Norsk;"ITX K19 T60";"ITX K19 T60";1
"Leverandørs artikkelnr";Norsk;J.1/2F;J.1/2F;1
"Leverandørs artikkelnr";Norsk;J.1/2LA;J.1/2LA;1
"Leverandørs artikkelnr";Norsk;J.1/4LA;J.1/4LA;1
"Leverandørs artikkelnr";Norsk;J.11;J.11;1
"Leverandørs artikkelnr";Norsk;J.11/16F;J.11/16F;1
"Leverandørs artikkelnr";Norsk;J.11/16LA;J.11/16LA;1
"Leverandørs artikkelnr";Norsk;J.12;J.12;1
"Leverandørs artikkelnr";Norsk;J.13;J.13;1
"Leverandørs artikkelnr";Norsk;J.13/16LA;J.13/16LA;1
"Leverandørs artikkelnr";Norsk;J.13H;J.13H;1
"Leverandørs artikkelnr";Norsk;J.13HLA;J.13HLA;1
"Leverandørs artikkelnr";Norsk;J.14;J.14;1
"Leverandørs artikkelnr";Norsk;J.14H;J.14H;1
"Leverandørs artikkelnr";Norsk;J.15H;J.15H;1
"Leverandørs artikkelnr";Norsk;J.15HLA;J.15HLA;1
"Leverandørs artikkelnr";Norsk;J.16HLA;J.16HLA;1
"Leverandørs artikkelnr";Norsk;J.17HLA;J.17HLA;1
"Leverandørs artikkelnr";Norsk;J.18HLA;J.18HLA;1
"Leverandørs artikkelnr";Norsk;J.19HLA;J.19HLA;1
"Leverandørs artikkelnr";Norsk;J.217;J.217;1
"Leverandørs artikkelnr";Norsk;J.3/4F;J.3/4F;1
"Leverandørs artikkelnr";Norsk;J.3/4LA;J.3/4LA;1
"Leverandørs artikkelnr";Norsk;J.3/8F;J.3/8F;1
"Leverandørs artikkelnr";Norsk;J.3/8LA;J.3/8LA;1
"Leverandørs artikkelnr";Norsk;J.5/16LA;J.5/16LA;1
"Leverandørs artikkelnr";Norsk;J.5/8F;J.5/8F;1
"Leverandørs artikkelnr";Norsk;J.5/8LA;J.5/8LA;1
"Leverandørs artikkelnr";Norsk;J.7/16F;J.7/16F;1
"Leverandørs artikkelnr";Norsk;J.7/16LA;J.7/16LA;1
"Leverandørs artikkelnr";Norsk;J.9/16F;J.9/16F;1
"Leverandørs artikkelnr";Norsk;J.9/16LA;J.9/16LA;1
"Leverandørs artikkelnr";Norsk;J.HLA;J.HLA;1
"Leverandørs artikkelnr";Norsk;JL.161;JL.161;1
"Leverandørs artikkelnr";Norsk;K6650-1/2-1P;K6650-1/2-1P;1
"Leverandørs artikkelnr";Norsk;KC100;KC100;1
"Leverandørs artikkelnr";Norsk;KC1000;KC1000;1
"Leverandørs artikkelnr";Norsk;KC103;KC103;1
"Leverandørs artikkelnr";Norsk;KC1034;KC1034;1
"Leverandørs artikkelnr";Norsk;KC106;KC106;1
"Leverandørs artikkelnr";Norsk;KC1234;KC1234;1
"Leverandørs artikkelnr";Norsk;KC323;KC323;1
"Leverandørs artikkelnr";Norsk;KC326;KC326;1
"Leverandørs artikkelnr";Norsk;KC3410;KC3410;1
"Leverandørs artikkelnr";Norsk;KC3412;KC3412;1
"Leverandørs artikkelnr";Norsk;NH13;NH13;1
"Leverandørs artikkelnr";Norsk;NH14;NH14;1
"Leverandørs artikkelnr";Norsk;NH15;NH15;1
"Leverandørs artikkelnr";Norsk;NH16;NH16;1
"Leverandørs artikkelnr";Norsk;NH38;NH38;1
"Leverandørs artikkelnr";Norsk;NH39;NH39;1
"Leverandørs artikkelnr";Norsk;NH41;NH41;1
"Leverandørs artikkelnr";Norsk;NH9;NH9;1
"Leverandørs artikkelnr";Norsk;NK.19LA;NK.19LA;1
"Leverandørs artikkelnr";Norsk;NK.42LA;NK.42LA;1
"Leverandørs artikkelnr";Norsk;"PB 1120/0-60";"PB 1120/0-60";1
"Leverandørs artikkelnr";Norsk;"PB 1120/00-50";"PB 1120/00-50";1
"Leverandørs artikkelnr";Norsk;"PB 1120/1-70";"PB 1120/1-70";1
"Leverandørs artikkelnr";Norsk;"PB 1121/0-65";"PB 1121/0-65";1
"Leverandørs artikkelnr";Norsk;"PB 1121/00-60";"PB 1121/00-60";1
"Leverandørs artikkelnr";Norsk;"PB 1121/1-70";"PB 1121/1-70";1
"Leverandørs artikkelnr";Norsk;"PB 1122/0-65";"PB 1122/0-65";1
"Leverandørs artikkelnr";Norsk;"PB 1122/1-70";"PB 1122/1-70";1
"Leverandørs artikkelnr";Norsk;"PB 1123/0,71";"PB 1123/0,71";1
"Leverandørs artikkelnr";Norsk;"PB 1123/0,89";"PB 1123/0,89";1
"Leverandørs artikkelnr";Norsk;"PB 1123/1,27";"PB 1123/1,27";1
"Leverandørs artikkelnr";Norsk;"PB 1123/1,5";"PB 1123/1,5";1
"Leverandørs artikkelnr";Norsk;"PB 1123/2,5";"PB 1123/2,5";1
"Leverandørs artikkelnr";Norsk;"PB 1123/3";"PB 1123/3";1
"Leverandørs artikkelnr";Norsk;"PB 1124/10";"PB 1124/10";1
"Leverandørs artikkelnr";Norsk;"PB 1124/15";"PB 1124/15";1
"Leverandørs artikkelnr";Norsk;"PB 1124/5";"PB 1124/5";1
"Leverandørs artikkelnr";Norsk;"PB 1124/6";"PB 1124/6";1
"Leverandørs artikkelnr";Norsk;"PB 1124/7";"PB 1124/7";1
"Leverandørs artikkelnr";Norsk;"PB 1124/8";"PB 1124/8";1
"Leverandørs artikkelnr";Norsk;"PB 1124/9";"PB 1124/9";1
"Leverandørs artikkelnr";Norsk;"PB 1207.5-150";"PB 1207.5-150";1
"Leverandørs artikkelnr";Norsk;"PB 121.000-40";"PB 121.000-40";1
"Leverandørs artikkelnr";Norsk;"PB 1212 L RB";"PB 1212 L RB";1
"Leverandørs artikkelnr";Norsk;"PB 1212 RB";"PB 1212 RB";1
"Leverandørs artikkelnr";Norsk;"PB 129.0,8-40";"PB 129.0,8-40";1
"Leverandørs artikkelnr";Norsk;"PB 138/4";"PB 138/4";1
"Leverandørs artikkelnr";Norsk;"PB 138/5";"PB 138/5";1
"Leverandørs artikkelnr";Norsk;"PB 138/6";"PB 138/6";1
"Leverandørs artikkelnr";Norsk;"PB 1441/CS";"PB 1441/CS";1
"Leverandørs artikkelnr";Norsk;"PB 1445/CS";"PB 1445/CS";1
"Leverandørs artikkelnr";Norsk;"PB 160.0-80";"PB 160.0-80";1
"Leverandørs artikkelnr";Norsk;"PB 186 M";"PB 186 M";1
"Leverandørs artikkelnr";Norsk;"PB 198/2";"PB 198/2";1
"Leverandørs artikkelnr";Norsk;"PB 198/3";"PB 198/3";1
"Leverandørs artikkelnr";Norsk;"PB 199/2";"PB 199/2";1
"Leverandørs artikkelnr";Norsk;"PB 199/3";"PB 199/3";1
"Leverandørs artikkelnr";Norsk;"PB 204.5-100";"PB 204.5-100";1
"Leverandørs artikkelnr";Norsk;"PB 204.6-100";"PB 204.6-100";1
"Leverandørs artikkelnr";Norsk;"PB 207 L/4,5";"PB 207 L/4,5";1
"Leverandørs artikkelnr";Norsk;"PB 207 L/5,5";"PB 207 L/5,5";1
"Leverandørs artikkelnr";Norsk;"PB 207.L 10-200";"PB 207.L 10-200";1
"Leverandørs artikkelnr";Norsk;"PB 207.L 3-100";"PB 207.L 3-100";1
"Leverandørs artikkelnr";Norsk;"PB 207.L 4-150";"PB 207.L 4-150";1
"Leverandørs artikkelnr";Norsk;"PB 207.L 5-150";"PB 207.L 5-150";1
"Leverandørs artikkelnr";Norsk;"PB 207.L 6-150";"PB 207.L 6-150";1
"Leverandørs artikkelnr";Norsk;"PB 207.L 7-150";"PB 207.L 7-150";1
"Leverandørs artikkelnr";Norsk;"PB 207.L 8-150";"PB 207.L 8-150";1
"Leverandørs artikkelnr";Norsk;"PB 207.LT 3-100";"PB 207.LT 3-100";1
"Leverandørs artikkelnr";Norsk;"PB 207.LT 4-150";"PB 207.LT 4-150";1
"Leverandørs artikkelnr";Norsk;"PB 207.LT 5-150";"PB 207.LT 5-150";1
"Leverandørs artikkelnr";Norsk;"PB 207.LT 6-150";"PB 207.LT 6-150";1
"Leverandørs artikkelnr";Norsk;"PB 207.LT 8-150";"PB 207.LT 8-150";1
"Leverandørs artikkelnr";Norsk;"PB 207.LT10-200";"PB 207.LT10-200";1
"Leverandørs artikkelnr";Norsk;"PB 212 L-HWG-10";"PB 212 L-HWG-10";1
"Leverandørs artikkelnr";Norsk;"PB 212 ZLHC-12";"PB 212 ZLHC-12";1
"Leverandørs artikkelnr";Norsk;"PB 212.1,5";"PB 212.1,5";1
"Leverandørs artikkelnr";Norsk;"PB 212.2";"PB 212.2";1
"Leverandørs artikkelnr";Norsk;"PB 212.5";"PB 212.5";1
"Leverandørs artikkelnr";Norsk;"PB 212.H-10";"PB 212.H-10";1
"Leverandørs artikkelnr";Norsk;"PB 212.LH-10 CN";"PB 212.LH-10 CN";1
"Leverandørs artikkelnr";Norsk;"PB 212.LR 10";"PB 212.LR 10";1
"Leverandørs artikkelnr";Norsk;"PB 212.LR 2,5";"PB 212.LR 2,5";1
"Leverandørs artikkelnr";Norsk;"PB 212.LR 3";"PB 212.LR 3";1
"Leverandørs artikkelnr";Norsk;"PB 212.LR 4";"PB 212.LR 4";1
"Leverandørs artikkelnr";Norsk;"PB 212.LR 5";"PB 212.LR 5";1
"Leverandørs artikkelnr";Norsk;"PB 212.LR 8";"PB 212.LR 8";1
"Leverandørs artikkelnr";Norsk;"PB 212.LR H-10";"PB 212.LR H-10";1
"Leverandørs artikkelnr";Norsk;"PB 215 D2,5";"PB 215 D2,5";1
"Leverandørs artikkelnr";Norsk;"PB 215 D3";"PB 215 D3";1
"Leverandørs artikkelnr";Norsk;"PB 215 G2,5";"PB 215 G2,5";1
"Leverandørs artikkelnr";Norsk;"PB 215 G3";"PB 215 G3";1
"Leverandørs artikkelnr";Norsk;"PB 215 G4";"PB 215 G4";1
"Leverandørs artikkelnr";Norsk;"PB 215 G5";"PB 215 G5";1
"Leverandørs artikkelnr";Norsk;"PB 215 G6";"PB 215 G6";1
"Leverandørs artikkelnr";Norsk;"PB 215 T10";"PB 215 T10";1
"Leverandørs artikkelnr";Norsk;"PB 215 T15";"PB 215 T15";1
"Leverandørs artikkelnr";Norsk;"PB 215 T20";"PB 215 T20";1
"Leverandørs artikkelnr";Norsk;"PB 215 T25";"PB 215 T25";1
"Leverandørs artikkelnr";Norsk;"PB 215 T30";"PB 215 T30";1
"Leverandørs artikkelnr";Norsk;"PB 215 T6";"PB 215 T6";1
"Leverandørs artikkelnr";Norsk;"PB 215 T7";"PB 215 T7";1
"Leverandørs artikkelnr";Norsk;"PB 215 T8";"PB 215 T8";1
"Leverandørs artikkelnr";Norsk;"PB 215 T9";"PB 215 T9";1
"Leverandørs artikkelnr";Norsk;"PB 215.c 2";"PB 215.c 2";1
"Leverandørs artikkelnr";Norsk;"PB 215.C 3";"PB 215.C 3";1
"Leverandørs artikkelnr";Norsk;"PB 215.C 4";"PB 215.C 4";1
"Leverandørs artikkelnr";Norsk;"PB 215.C 5";"PB 215.C 5";1
"Leverandørs artikkelnr";Norsk;"PB 215.M-180";"PB 215.M-180";1
"Leverandørs artikkelnr";Norsk;"PB 215.PH 0";"PB 215.PH 0";1
"Leverandørs artikkelnr";Norsk;"PB 215.PH 1";"PB 215.PH 1";1
"Leverandørs artikkelnr";Norsk;"PB 215.PH 2";"PB 215.PH 2";1
"Leverandørs artikkelnr";Norsk;"PB 215.PZ 0";"PB 215.PZ 0";1
"Leverandørs artikkelnr";Norsk;"PB 215.PZ 1";"PB 215.PZ 1";1
"Leverandørs artikkelnr";Norsk;"PB 215.PZ 2";"PB 215.PZ 2";1
"Leverandørs artikkelnr";Norsk;"PB 215.V 1/4";"PB 215.V 1/4";1
"Leverandørs artikkelnr";Norsk;"PB 2212.LH-10 CN";"PB 2212.LH-10 CN";1
"Leverandørs artikkelnr";Norsk;"PB 2222.L 1,5";"PB 2222.L 1,5";1
"Leverandørs artikkelnr";Norsk;"PB 2222.L 10";"PB 2222.L 10";1
"Leverandørs artikkelnr";Norsk;"PB 2222.L 2";"PB 2222.L 2";1
"Leverandørs artikkelnr";Norsk;"PB 2222.L 2,5";"PB 2222.L 2,5";1
"Leverandørs artikkelnr";Norsk;"PB 2222.L 3";"PB 2222.L 3";1
"Leverandørs artikkelnr";Norsk;"PB 2222.L 4";"PB 2222.L 4";1
"Leverandørs artikkelnr";Norsk;"PB 2222.L 5";"PB 2222.L 5";1
"Leverandørs artikkelnr";Norsk;"PB 2222.L 6";"PB 2222.L 6";1
"Leverandørs artikkelnr";Norsk;"PB 2222.L 8";"PB 2222.L 8";1
"Leverandørs artikkelnr";Norsk;"PB 225 M-80";"PB 225 M-80";1
"Leverandørs artikkelnr";Norsk;"PB 225.T 30";"PB 225.T 30";1
"Leverandørs artikkelnr";Norsk;"PB 225.T 40";"PB 225.T 40";1
"Leverandørs artikkelnr";Norsk;"PB 225.T 45";"PB 225.T 45";1
"Leverandørs artikkelnr";Norsk;"PB 2411.10";"PB 2411.10";1
"Leverandørs artikkelnr";Norsk;"PB 254 A-40";"PB 254 A-40";1
"Leverandørs artikkelnr";Norsk;"PB 255.MR-80";"PB 255.MR-80";1
"Leverandørs artikkelnr";Norsk;"PB 2756.Men L BLACK";"PB 2756.Men L BLACK";1
"Leverandørs artikkelnr";Norsk;"PB 2756.Men XL BLACK";"PB 2756.Men XL BLACK";1
"Leverandørs artikkelnr";Norsk;"PB 300.A 4";"PB 300.A 4";1
"Leverandørs artikkelnr";Norsk;"PB 300.A 5";"PB 300.A 5";1
"Leverandørs artikkelnr";Norsk;"PB 300.B 4";"PB 300.B 4";1
"Leverandørs artikkelnr";Norsk;"PB 300.B 5";"PB 300.B 5";1
"Leverandørs artikkelnr";Norsk;"PB 300.B 6";"PB 300.B 6";1
"Leverandørs artikkelnr";Norsk;"PB 303.1";"PB 303.1";1
"Leverandørs artikkelnr";Norsk;"PB 303.2";"PB 303.2";1
"Leverandørs artikkelnr";Norsk;"PB 303.3";"PB 303.3";1
"Leverandørs artikkelnr";Norsk;"PB 303.4";"PB 303.4";1
"Leverandørs artikkelnr";Norsk;"PB 303.5";"PB 303.5";1
"Leverandørs artikkelnr";Norsk;"PB 303.6";"PB 303.6";1
"Leverandørs artikkelnr";Norsk;"PB 303.7";"PB 303.7";1
"Leverandørs artikkelnr";Norsk;"PB 304.2";"PB 304.2";1
"Leverandørs artikkelnr";Norsk;"PB 304.3";"PB 304.3";1
"Leverandørs artikkelnr";Norsk;"PB 407/10";"PB 407/10";1
"Leverandørs artikkelnr";Norsk;"PB 407/15";"PB 407/15";1
"Leverandørs artikkelnr";Norsk;"PB 407/20";"PB 407/20";1
"Leverandørs artikkelnr";Norsk;"PB 407/25";"PB 407/25";1
"Leverandørs artikkelnr";Norsk;"PB 407/6";"PB 407/6";1
"Leverandørs artikkelnr";Norsk;"PB 407/7";"PB 407/7";1
"Leverandørs artikkelnr";Norsk;"PB 407/8";"PB 407/8";1
"Leverandørs artikkelnr";Norsk;"PB 407/9";"PB 407/9";1
"Leverandørs artikkelnr";Norsk;"PB 410.H 6-45";"PB 410.H 6-45";1
"Leverandørs artikkelnr";Norsk;"PB 411/BH 6-25";"PB 411/BH 6-25";1
"Leverandørs artikkelnr";Norsk;"PB 450.M";"PB 450.M";1
"Leverandørs artikkelnr";Norsk;"PB 451.M";"PB 451.M";1
"Leverandørs artikkelnr";Norsk;"PB 455 M";"PB 455 M";1
"Leverandørs artikkelnr";Norsk;"PB 470.Black CN";"PB 470.Black CN";1
"Leverandørs artikkelnr";Norsk;"PB 470.Purple CN";"PB 470.Purple CN";1
"Leverandørs artikkelnr";Norsk;"PB 500";"PB 500";1
"Leverandørs artikkelnr";Norsk;"PB 5100.0-80/2,5";"PB 5100.0-80/2,5";1
"Leverandørs artikkelnr";Norsk;"PB 5100.1-100/3";"PB 5100.1-100/3";1
"Leverandørs artikkelnr";Norsk;"PB 5100.2-100/3,5";"PB 5100.2-100/3,5";1
"Leverandørs artikkelnr";Norsk;"PB 5100.3-100/4";"PB 5100.3-100/4";1
"Leverandørs artikkelnr";Norsk;"PB 5100.4-125/5,5";"PB 5100.4-125/5,5";1
"Leverandørs artikkelnr";Norsk;"PB 5100.SL 2-100/3.5";"PB 5100.SL 2-100/3.5";1
"Leverandørs artikkelnr";Norsk;"PB 5100.SL 3-100/4";"PB 5100.SL 3-100/4";1
"Leverandørs artikkelnr";Norsk;"PB 5100.SL 4-125/5.5";"PB 5100.SL 4-125/5.5";1
"Leverandørs artikkelnr";Norsk;"PB 513";"PB 513";1
"Leverandørs artikkelnr";Norsk;"PB 515";"PB 515";1
"Leverandørs artikkelnr";Norsk;"PB 5180.1-80";"PB 5180.1-80";1
"Leverandørs artikkelnr";Norsk;"PB 5180.2-100";"PB 5180.2-100";1
"Leverandørs artikkelnr";Norsk;"PB 5180.SL 1-80";"PB 5180.SL 1-80";1
"Leverandørs artikkelnr";Norsk;"PB 5180.SL 2-100";"PB 5180.SL 2-100";1
"Leverandørs artikkelnr";Norsk;"PB 5190.0-60";"PB 5190.0-60";1
"Leverandørs artikkelnr";Norsk;"PB 5190.1-80";"PB 5190.1-80";1
"Leverandørs artikkelnr";Norsk;"PB 5190.2-100";"PB 5190.2-100";1
"Leverandørs artikkelnr";Norsk;"PB 5190.3-150";"PB 5190.3-150";1
"Leverandørs artikkelnr";Norsk;"PB 5192.2-100";"PB 5192.2-100";1
"Leverandørs artikkelnr";Norsk;"PB 5400.10-70";"PB 5400.10-70";1
"Leverandørs artikkelnr";Norsk;"PB 5400.15-80";"PB 5400.15-80";1
"Leverandørs artikkelnr";Norsk;"PB 5400.20-100";"PB 5400.20-100";1
"Leverandørs artikkelnr";Norsk;"PB 5400.25-125";"PB 5400.25-125";1
"Leverandørs artikkelnr";Norsk;"PB 5400.27-125";"PB 5400.27-125";1
"Leverandørs artikkelnr";Norsk;"PB 5400.30-130";"PB 5400.30-130";1
"Leverandørs artikkelnr";Norsk;"PB 5400.40-150";"PB 5400.40-150";1
"Leverandørs artikkelnr";Norsk;"PB 5552.CBB E/S";"PB 5552.CBB E/S";1
"Leverandørs artikkelnr";Norsk;"PB 6460";"PB 6460";1
"Leverandørs artikkelnr";Norsk;"PB 6460 BLK";"PB 6460 BLK";1
"Leverandørs artikkelnr";Norsk;"PB 6460 BLUE";"PB 6460 BLUE";1
"Leverandørs artikkelnr";Norsk;"PB 6460 POS COL";"PB 6460 POS COL";1
"Leverandørs artikkelnr";Norsk;"PB 6460 YEL";"PB 6460 YEL";1
"Leverandørs artikkelnr";Norsk;"PB 671.10-120";"PB 671.10-120";1
"Leverandørs artikkelnr";Norsk;"PB 671.6-110";"PB 671.6-110";1
"Leverandørs artikkelnr";Norsk;"PB 7675.3-80 BL";"PB 7675.3-80 BL";1
"Leverandørs artikkelnr";Norsk;"PB 7676.3-80 BL";"PB 7676.3-80 BL";1
"Leverandørs artikkelnr";Norsk;"PB 7678.3-80 BL";"PB 7678.3-80 BL";1
"Leverandørs artikkelnr";Norsk;"PB 7679.3-80 BL";"PB 7679.3-80 BL";1
"Leverandørs artikkelnr";Norsk;"PB 7680.CN";"PB 7680.CN";1
"Leverandørs artikkelnr";Norsk;"PB 8100.0-80";"PB 8100.0-80";1
"Leverandørs artikkelnr";Norsk;"PB 8100.00-70";"PB 8100.00-70";1
"Leverandørs artikkelnr";Norsk;"PB 8100.1-90";"PB 8100.1-90";1
"Leverandørs artikkelnr";Norsk;"PB 8100.2-100";"PB 8100.2-100";1
"Leverandørs artikkelnr";Norsk;"PB 8100.2-150";"PB 8100.2-150";1
"Leverandørs artikkelnr";Norsk;"PB 8100.2-200";"PB 8100.2-200";1
"Leverandørs artikkelnr";Norsk;"PB 8100.3-120";"PB 8100.3-120";1
"Leverandørs artikkelnr";Norsk;"PB 8100.3-300";"PB 8100.3-300";1
"Leverandørs artikkelnr";Norsk;"PB 8100.4-140";"PB 8100.4-140";1
"Leverandørs artikkelnr";Norsk;"PB 8100.5-160";"PB 8100.5-160";1
"Leverandørs artikkelnr";Norsk;"PB 8100.5-300";"PB 8100.5-300";1
"Leverandørs artikkelnr";Norsk;"PB 8100.5-400";"PB 8100.5-400";1
"Leverandørs artikkelnr";Norsk;"PB 8100.6-180";"PB 8100.6-180";1
"Leverandørs artikkelnr";Norsk;"PB 8102.5-160";"PB 8102.5-160";1
"Leverandørs artikkelnr";Norsk;"PB 8102.6-180";"PB 8102.6-180";1
"Leverandørs artikkelnr";Norsk;"PB 8102.D 3-80";"PB 8102.D 3-80";1
"Leverandørs artikkelnr";Norsk;"PB 8102.D 4-100";"PB 8102.D 4-100";1
"Leverandørs artikkelnr";Norsk;"PB 8102.D 5-150";"PB 8102.D 5-150";1
"Leverandørs artikkelnr";Norsk;"PB 8123/2-80 ESD";"PB 8123/2-80 ESD";1
"Leverandørs artikkelnr";Norsk;"PB 8128.3,0-80";"PB 8128.3,0-80";1
"Leverandørs artikkelnr";Norsk;"PB 8135.2-30";"PB 8135.2-30";1
"Leverandørs artikkelnr";Norsk;"PB 8135.3-30";"PB 8135.3-30";1
"Leverandørs artikkelnr";Norsk;"PB 8135.4-30";"PB 8135.4-30";1
"Leverandørs artikkelnr";Norsk;"PB 8135.5-30";"PB 8135.5-30";1
"Leverandørs artikkelnr";Norsk;"PB 8135.6-30";"PB 8135.6-30";1
"Leverandørs artikkelnr";Norsk;"PB 8190.0-100";"PB 8190.0-100";1
"Leverandørs artikkelnr";Norsk;"PB 8190.0-60";"PB 8190.0-60";1
"Leverandørs artikkelnr";Norsk;"PB 8190.1-130";"PB 8190.1-130";1
"Leverandørs artikkelnr";Norsk;"PB 8190.1-80";"PB 8190.1-80";1
"Leverandørs artikkelnr";Norsk;"PB 8190.2-100/6";"PB 8190.2-100/6";1
"Leverandørs artikkelnr";Norsk;"PB 8190.2-200/7";"PB 8190.2-200/7";1
"Leverandørs artikkelnr";Norsk;"PB 8190.2-250/7";"PB 8190.2-250/7";1
"Leverandørs artikkelnr";Norsk;"PB 8190.2-300/7";"PB 8190.2-300/7";1
"Leverandørs artikkelnr";Norsk;"PB 8190.2-400/7";"PB 8190.2-400/7";1
"Leverandørs artikkelnr";Norsk;"PB 8190.3-150";"PB 8190.3-150";1
"Leverandørs artikkelnr";Norsk;"PB 8192.0-60";"PB 8192.0-60";1
"Leverandørs artikkelnr";Norsk;"PB 8192.1-80";"PB 8192.1-80";1
"Leverandørs artikkelnr";Norsk;"PB 8192.2-100";"PB 8192.2-100";1
"Leverandørs artikkelnr";Norsk;"PB 8192.3-150";"PB 8192.3-150";1
"Leverandørs artikkelnr";Norsk;"PB 8192.S 3-150";"PB 8192.S 3-150";1
"Leverandørs artikkelnr";Norsk;"PB 8192.S 4-200";"PB 8192.S 4-200";1
"Leverandørs artikkelnr";Norsk;"PB 8193.2-100";"PB 8193.2-100";1
"Leverandørs artikkelnr";Norsk;"PB 8193.3-150";"PB 8193.3-150";1
"Leverandørs artikkelnr";Norsk;"PB 8193.4-200";"PB 8193.4-200";1
"Leverandørs artikkelnr";Norsk;"PB 8193.D 1-80";"PB 8193.D 1-80";1
"Leverandørs artikkelnr";Norsk;"PB 8193.D 2-100";"PB 8193.D 2-100";1
"Leverandørs artikkelnr";Norsk;"PB 8193.D 3-150";"PB 8193.D 3-150";1
"Leverandørs artikkelnr";Norsk;"PB 8194.1-30";"PB 8194.1-30";1
"Leverandørs artikkelnr";Norsk;"PB 8194.2-35";"PB 8194.2-35";1
"Leverandørs artikkelnr";Norsk;"PB 8195.0-25";"PB 8195.0-25";1
"Leverandørs artikkelnr";Norsk;"PB 8195.1-30";"PB 8195.1-30";1
"Leverandørs artikkelnr";Norsk;"PB 8195.2-35";"PB 8195.2-35";1
"Leverandørs artikkelnr";Norsk;"PB 8195.3-40";"PB 8195.3-40";1
"Leverandørs artikkelnr";Norsk;"PB 8200.4-70";"PB 8200.4-70";1
"Leverandørs artikkelnr";Norsk;"PB 8200.5";"PB 8200.5";1
"Leverandørs artikkelnr";Norsk;"PB 8200.5,5";"PB 8200.5,5";1
"Leverandørs artikkelnr";Norsk;"PB 8200.6";"PB 8200.6";1
"Leverandørs artikkelnr";Norsk;"PB 8200.7-100";"PB 8200.7-100";1
"Leverandørs artikkelnr";Norsk;"PB 8200.S 10-160";"PB 8200.S 10-160";1
"Leverandørs artikkelnr";Norsk;"PB 8200.S 11-180";"PB 8200.S 11-180";1
"Leverandørs artikkelnr";Norsk;"PB 8200.S 12-190";"PB 8200.S 12-190";1
"Leverandørs artikkelnr";Norsk;"PB 8200.S 13-200";"PB 8200.S 13-200";1
"Leverandørs artikkelnr";Norsk;"PB 8200.S 8-120";"PB 8200.S 8-120";1
"Leverandørs artikkelnr";Norsk;"PB 8200.S 9-140";"PB 8200.S 9-140";1
"Leverandørs artikkelnr";Norsk;"PB 8206.S1,5-70";"PB 8206.S1,5-70";1
"Leverandørs artikkelnr";Norsk;"PB 8206.S2,5-90";"PB 8206.S2,5-90";1
"Leverandørs artikkelnr";Norsk;"PB 8206.S2-80";"PB 8206.S2-80";1
"Leverandørs artikkelnr";Norsk;"PB 8206.S3-100";"PB 8206.S3-100";1
"Leverandørs artikkelnr";Norsk;"PB 8206.S4-120";"PB 8206.S4-120";1
"Leverandørs artikkelnr";Norsk;"PB 8206.S5-140";"PB 8206.S5-140";1
"Leverandørs artikkelnr";Norsk;"PB 8206.S6-160";"PB 8206.S6-160";1
"Leverandørs artikkelnr";Norsk;"PB 8206.S8-180";"PB 8206.S8-180";1
"Leverandørs artikkelnr";Norsk;"PB 8215.A";"PB 8215.A";1
"Leverandørs artikkelnr";Norsk;"PB 8215.A ESD";"PB 8215.A ESD";1
"Leverandørs artikkelnr";Norsk;"PB 8215.ESD";"PB 8215.ESD";1
"Leverandørs artikkelnr";Norsk;"PB 8215/BOX";"PB 8215/BOX";1
"Leverandørs artikkelnr";Norsk;"PB 8263.CBB E/S";"PB 8263.CBB E/S";1
"Leverandørs artikkelnr";Norsk;"PB 8314 A 60";"PB 8314 A 60";1
"Leverandørs artikkelnr";Norsk;"PB 8315 A 1,0";"PB 8315 A 1,0";1
"Leverandørs artikkelnr";Norsk;"PB 8315 A 2,0";"PB 8315 A 2,0";1
"Leverandørs artikkelnr";Norsk;"PB 8315 A 3,0";"PB 8315 A 3,0";1
"Leverandørs artikkelnr";Norsk;"PB 8315 A 5,0";"PB 8315 A 5,0";1
"Leverandørs artikkelnr";Norsk;"PB 8317.A 180-2";"PB 8317.A 180-2";1
"Leverandørs artikkelnr";Norsk;"PB 8320 B2";"PB 8320 B2";1
"Leverandørs artikkelnr";Norsk;"PB 8320 B3";"PB 8320 B3";1
"Leverandørs artikkelnr";Norsk;"PB 8320A0,4-2,5";"PB 8320A0,4-2,5";1
"Leverandørs artikkelnr";Norsk;"PB 8320A1,0-5,0";"PB 8320A1,0-5,0";1
"Leverandørs artikkelnr";Norsk;"PB 8320A10-80";"PB 8320A10-80";1
"Leverandørs artikkelnr";Norsk;"PB 8325 B1";"PB 8325 B1";1
"Leverandørs artikkelnr";Norsk;"PB 8400.10-70";"PB 8400.10-70";1
"Leverandørs artikkelnr";Norsk;"PB 8400.15-80";"PB 8400.15-80";1
"Leverandørs artikkelnr";Norsk;"PB 8400.20-100";"PB 8400.20-100";1
"Leverandørs artikkelnr";Norsk;"PB 8400.25-120";"PB 8400.25-120";1
"Leverandørs artikkelnr";Norsk;"PB 8400.27-125";"PB 8400.27-125";1
"Leverandørs artikkelnr";Norsk;"PB 8400.3-40";"PB 8400.3-40";1
"Leverandørs artikkelnr";Norsk;"PB 8400.30-130";"PB 8400.30-130";1
"Leverandørs artikkelnr";Norsk;"PB 8400.4-40";"PB 8400.4-40";1
"Leverandørs artikkelnr";Norsk;"PB 8400.40-140";"PB 8400.40-140";1
"Leverandørs artikkelnr";Norsk;"PB 8400.5-50";"PB 8400.5-50";1
"Leverandørs artikkelnr";Norsk;"PB 8400.6-50";"PB 8400.6-50";1
"Leverandørs artikkelnr";Norsk;"PB 8400.7-50";"PB 8400.7-50";1
"Leverandørs artikkelnr";Norsk;"PB 8400.8-60";"PB 8400.8-60";1
"Leverandørs artikkelnr";Norsk;"PB 8400.9-60";"PB 8400.9-60";1
"Leverandørs artikkelnr";Norsk;"PB 8400.B 10-70";"PB 8400.B 10-70";1
"Leverandørs artikkelnr";Norsk;"PB 8400.B 15-80";"PB 8400.B 15-80";1
"Leverandørs artikkelnr";Norsk;"PB 8400.B 20-100";"PB 8400.B 20-100";1
"Leverandørs artikkelnr";Norsk;"PB 8400.B 25-120";"PB 8400.B 25-120";1
"Leverandørs artikkelnr";Norsk;"PB 8400.B 27-125";"PB 8400.B 27-125";1
"Leverandørs artikkelnr";Norsk;"PB 8400.B 30-130";"PB 8400.B 30-130";1
"Leverandørs artikkelnr";Norsk;"PB 8400.B 40-140";"PB 8400.B 40-140";1
"Leverandørs artikkelnr";Norsk;"PB 8451.10-100 M";"PB 8451.10-100 M";1
"Leverandørs artikkelnr";Norsk;"PB 8451.10-30 M";"PB 8451.10-30 M";1
"Leverandørs artikkelnr";Norsk;"PB 8452.M-10";"PB 8452.M-10";1
"Leverandørs artikkelnr";Norsk;"PB 8453";"PB 8453";1
"Leverandørs artikkelnr";Norsk;"PB 8463.CBB E/S";"PB 8463.CBB E/S";1
"Leverandørs artikkelnr";Norsk;"PB 850 BC";"PB 850 BC";1
"Leverandørs artikkelnr";Norsk;"PB 850.B CN";"PB 850.B CN";1
"Leverandørs artikkelnr";Norsk;"PB 8510.R-100";"PB 8510.R-100";1
"Leverandørs artikkelnr";Norsk;"PB 9320 M 1,0-5,0 Nm";"PB 9320 M 1,0-5,0 Nm";1
"Leverandørs artikkelnr";Norsk;"PB 9320.M 1.0-5.0 Nm";"PB 9320.M 1.0-5.0 Nm";1
"Leverandørs artikkelnr";Norsk;"PB 9325.A 3,4-16 Nm";"PB 9325.A 3,4-16 Nm";1
"Leverandørs artikkelnr";Norsk;"PB 9325.Set A1";"PB 9325.Set A1";1
"Leverandørs artikkelnr";Norsk;"PB 9516.RED";"PB 9516.RED";1
"Leverandørs artikkelnr";Norsk;"PB 970.C6 and E6";"PB 970.C6 and E6";1
"Leverandørs artikkelnr";Norsk;"PB C6.135/1";"PB C6.135/1";1
"Leverandørs artikkelnr";Norsk;"PB C6.135/2";"PB C6.135/2";1
"Leverandørs artikkelnr";Norsk;"PB C6.135/3";"PB C6.135/3";1
"Leverandørs artikkelnr";Norsk;"PB C6.135/4";"PB C6.135/4";1
"Leverandørs artikkelnr";Norsk;"PB C6.135/5";"PB C6.135/5";1
"Leverandørs artikkelnr";Norsk;"PB C6.135/6";"PB C6.135/6";1
"Leverandørs artikkelnr";Norsk;"PB C6.185/1";"PB C6.185/1";1
"Leverandørs artikkelnr";Norsk;"PB C6.185/2";"PB C6.185/2";1
"Leverandørs artikkelnr";Norsk;"PB C6.185/3";"PB C6.185/3";1
"Leverandørs artikkelnr";Norsk;"PB C6.187/1/4";"PB C6.187/1/4";1
"Leverandørs artikkelnr";Norsk;"PB C6.187/10";"PB C6.187/10";1
"Leverandørs artikkelnr";Norsk;"PB C6.187/6";"PB C6.187/6";1
"Leverandørs artikkelnr";Norsk;"PB C6.187/8";"PB C6.187/8";1
"Leverandørs artikkelnr";Norsk;"PB C6.190/0";"PB C6.190/0";1
"Leverandørs artikkelnr";Norsk;"PB C6.190/1";"PB C6.190/1";1
"Leverandørs artikkelnr";Norsk;"PB C6.190/2";"PB C6.190/2";1
"Leverandørs artikkelnr";Norsk;"PB C6.190/3";"PB C6.190/3";1
"Leverandørs artikkelnr";Norsk;"PB C6.190/4";"PB C6.190/4";1
"Leverandørs artikkelnr";Norsk;"PB C6.192/0";"PB C6.192/0";1
"Leverandørs artikkelnr";Norsk;"PB C6.192/1";"PB C6.192/1";1
"Leverandørs artikkelnr";Norsk;"PB C6.192/2";"PB C6.192/2";1
"Leverandørs artikkelnr";Norsk;"PB C6.192/3";"PB C6.192/3";1
"Leverandørs artikkelnr";Norsk;"PB C6.192/4";"PB C6.192/4";1
"Leverandørs artikkelnr";Norsk;"PB C6.210/1,5";"PB C6.210/1,5";1
"Leverandørs artikkelnr";Norsk;"PB C6.210/2";"PB C6.210/2";1
"Leverandørs artikkelnr";Norsk;"PB C6.210/2,5";"PB C6.210/2,5";1
"Leverandørs artikkelnr";Norsk;"PB C6.210/3";"PB C6.210/3";1
"Leverandørs artikkelnr";Norsk;"PB C6.210/4";"PB C6.210/4";1
"Leverandørs artikkelnr";Norsk;"PB C6.210/5";"PB C6.210/5";1
"Leverandørs artikkelnr";Norsk;"PB C6.210/6";"PB C6.210/6";1
"Leverandørs artikkelnr";Norsk;"PB C6.213Z-1/16";"PB C6.213Z-1/16";1
"Leverandørs artikkelnr";Norsk;"PB C6.213Z-1/4";"PB C6.213Z-1/4";1
"Leverandørs artikkelnr";Norsk;"PB C6.213Z-1/8";"PB C6.213Z-1/8";1
"Leverandørs artikkelnr";Norsk;"PB C6.213Z-3/16";"PB C6.213Z-3/16";1
"Leverandørs artikkelnr";Norsk;"PB C6.213Z-3/32";"PB C6.213Z-3/32";1
"Leverandørs artikkelnr";Norsk;"PB C6.213Z-5/32";"PB C6.213Z-5/32";1
"Leverandørs artikkelnr";Norsk;"PB C6.213Z-5/64";"PB C6.213Z-5/64";1
"Leverandørs artikkelnr";Norsk;"PB C6.213Z-7/32";"PB C6.213Z-7/32";1
"Leverandørs artikkelnr";Norsk;"PB C6.213Z-7/64";"PB C6.213Z-7/64";1
"Leverandørs artikkelnr";Norsk;"PB C6.213Z-9/64";"PB C6.213Z-9/64";1
"Leverandørs artikkelnr";Norsk;"PB C6.400/10";"PB C6.400/10";1
"Leverandørs artikkelnr";Norsk;"PB C6.400/15";"PB C6.400/15";1
"Leverandørs artikkelnr";Norsk;"PB C6.400/15 CN";"PB C6.400/15 CN";1
"Leverandørs artikkelnr";Norsk;"PB C6.400/20";"PB C6.400/20";1
"Leverandørs artikkelnr";Norsk;"PB C6.400/20 CN";"PB C6.400/20 CN";1
"Leverandørs artikkelnr";Norsk;"PB C6.400/25";"PB C6.400/25";1
"Leverandørs artikkelnr";Norsk;"PB C6.400/25 CN";"PB C6.400/25 CN";1
"Leverandørs artikkelnr";Norsk;"PB C6.400/27";"PB C6.400/27";1
"Leverandørs artikkelnr";Norsk;"PB C6.400/30";"PB C6.400/30";1
"Leverandørs artikkelnr";Norsk;"PB C6.400/40";"PB C6.400/40";1
"Leverandørs artikkelnr";Norsk;"PB C6.400/9";"PB C6.400/9";1
"Leverandørs artikkelnr";Norsk;"PB C6.400B/10";"PB C6.400B/10";1
"Leverandørs artikkelnr";Norsk;"PB C6.400B/15";"PB C6.400B/15";1
"Leverandørs artikkelnr";Norsk;"PB C6.400B/20";"PB C6.400B/20";1
"Leverandørs artikkelnr";Norsk;"PB C6.400B/25";"PB C6.400B/25";1
"Leverandørs artikkelnr";Norsk;"PB C6.400B/27";"PB C6.400B/27";1
"Leverandørs artikkelnr";Norsk;"PB C6.400B/30";"PB C6.400B/30";1
"Leverandørs artikkelnr";Norsk;"PB C6.400B/40";"PB C6.400B/40";1
"Leverandørs artikkelnr";Norsk;"PB C6.400B/8";"PB C6.400B/8";1
"Leverandørs artikkelnr";Norsk;"PB C6.400B/9";"PB C6.400B/9";1
"Leverandørs artikkelnr";Norsk;"PB C6.992";"PB C6.992";1
"Leverandørs artikkelnr";Norsk;"PB C6L.190/1-80";"PB C6L.190/1-80";1
"Leverandørs artikkelnr";Norsk;"PB C6L.190/2-80";"PB C6L.190/2-80";1
"Leverandørs artikkelnr";Norsk;"PB C6L.192/1-80";"PB C6L.192/1-80";1
"Leverandørs artikkelnr";Norsk;"PB C6L.192/2-80";"PB C6L.192/2-80";1
"Leverandørs artikkelnr";Norsk;"PB C6L.400/10-80";"PB C6L.400/10-80";1
"Leverandørs artikkelnr";Norsk;"PB C6L.400/15-80";"PB C6L.400/15-80";1
"Leverandørs artikkelnr";Norsk;"PB C6L.400/20-80";"PB C6L.400/20-80";1
"Leverandørs artikkelnr";Norsk;"PB C6L.400/25-80";"PB C6L.400/25-80";1
"Leverandørs artikkelnr";Norsk;"PB C6L.400/30-80";"PB C6L.400/30-80";1
"Leverandørs artikkelnr";Norsk;"PB C6L.400/40-80";"PB C6L.400/40-80";1
"Leverandørs artikkelnr";Norsk;"PB E6.100/3";"PB E6.100/3";1
"Leverandørs artikkelnr";Norsk;"PB E6.100/4";"PB E6.100/4";1
"Leverandørs artikkelnr";Norsk;"PB E6.100/5";"PB E6.100/5";1
"Leverandørs artikkelnr";Norsk;"PB E6.106/2";"PB E6.106/2";1
"Leverandørs artikkelnr";Norsk;"PB E6.106/3";"PB E6.106/3";1
"Leverandørs artikkelnr";Norsk;"PB E6.190/1";"PB E6.190/1";1
"Leverandørs artikkelnr";Norsk;"PB E6.190/2";"PB E6.190/2";1
"Leverandørs artikkelnr";Norsk;"PB E6.190/3";"PB E6.190/3";1
"Leverandørs artikkelnr";Norsk;"PB E6.400/10";"PB E6.400/10";1
"Leverandørs artikkelnr";Norsk;"PB E6.400/10-50";"PB E6.400/10-50";1
"Leverandørs artikkelnr";Norsk;"PB E6.400/15";"PB E6.400/15";1
"Leverandørs artikkelnr";Norsk;"PB E6.400/15-50";"PB E6.400/15-50";1
"Leverandørs artikkelnr";Norsk;"PB E6.400/20";"PB E6.400/20";1
"Leverandørs artikkelnr";Norsk;"PB E6.400/20-50";"PB E6.400/20-50";1
"Leverandørs artikkelnr";Norsk;"PB E6.400/25";"PB E6.400/25";1
"Leverandørs artikkelnr";Norsk;"PB E6.400/25-50";"PB E6.400/25-50";1
"Leverandørs artikkelnr";Norsk;"PB E6.400/27";"PB E6.400/27";1
"Leverandørs artikkelnr";Norsk;"PB E6.400/30";"PB E6.400/30";1
"Leverandørs artikkelnr";Norsk;"PB E6.400/40";"PB E6.400/40";1
"Leverandørs artikkelnr";Norsk;"PB E6.400/6-50";"PB E6.400/6-50";1
"Leverandørs artikkelnr";Norsk;"PB E6.400/7-50";"PB E6.400/7-50";1
"Leverandørs artikkelnr";Norsk;"PB E6.400/8-50";"PB E6.400/8-50";1
"Leverandørs artikkelnr";Norsk;"PB E6.400/9-50";"PB E6.400/9-50";1
"Leverandørs artikkelnr";Norsk;"PB E6.401/10";"PB E6.401/10";1
"Leverandørs artikkelnr";Norsk;"PB E6.401/15";"PB E6.401/15";1
"Leverandørs artikkelnr";Norsk;"PB E6.401/20";"PB E6.401/20";1
"Leverandørs artikkelnr";Norsk;"PB E6.401/25";"PB E6.401/25";1
"Leverandørs artikkelnr";Norsk;"PB E6.401/5";"PB E6.401/5";1
"Leverandørs artikkelnr";Norsk;"PB E6.401/6";"PB E6.401/6";1
"Leverandørs artikkelnr";Norsk;"PB E6.401/7";"PB E6.401/7";1
"Leverandørs artikkelnr";Norsk;"PB E6.401/8";"PB E6.401/8";1
"Leverandørs artikkelnr";Norsk;"PB E6.401/9";"PB E6.401/9";1
"Leverandørs artikkelnr";Norsk;"PB E6.989";"PB E6.989";1
"Leverandørs artikkelnr";Norsk;"PB E6L.190/1";"PB E6L.190/1";1
"Leverandørs artikkelnr";Norsk;"PB E6L.190/2";"PB E6L.190/2";1
"Leverandørs artikkelnr";Norsk;"PB E6L.190/3";"PB E6L.190/3";1
"Leverandørs artikkelnr";Norsk;"PB E6L.400/10";"PB E6L.400/10";1
"Leverandørs artikkelnr";Norsk;"PB E6L.400/15";"PB E6L.400/15";1
"Leverandørs artikkelnr";Norsk;"PB E6L.400/20";"PB E6L.400/20";1
"Leverandørs artikkelnr";Norsk;"PB E6L.400/25";"PB E6L.400/25";1
"Leverandørs artikkelnr";Norsk;"PB E6L.400/30";"PB E6L.400/30";1
"Leverandørs artikkelnr";Norsk;"PB E6L.400/40";"PB E6L.400/40";1
"Leverandørs artikkelnr";Norsk;PIP1219AF;PIP1219AF;1
"Leverandørs artikkelnr";Norsk;PIP1224MM;PIP1224MM;1
"Leverandørs artikkelnr";Norsk;PIP1413AF;PIP1413AF;1
"Leverandørs artikkelnr";Norsk;PIP1415MM;PIP1415MM;1
"Leverandørs artikkelnr";Norsk;PIP1422MM-P1060;PIP1422MM-P1060;1
"Leverandørs artikkelnr";Norsk;PIP3813AF;PIP3813AF;1
"Leverandørs artikkelnr";Norsk;PIP3819MM;PIP3819MM;1
"Leverandørs artikkelnr";Norsk;R.209;R.209;1
"Leverandørs artikkelnr";Norsk;R.210;R.210;1
"Leverandørs artikkelnr";Norsk;r.pe;r.pe;1
"Leverandørs artikkelnr";Norsk;RH125EX;RH125EX;1
"Leverandørs artikkelnr";Norsk;RIBE10;RIBE10;1
"Leverandørs artikkelnr";Norsk;RKNH13;RKNH13;1
"Leverandørs artikkelnr";Norsk;RKNH14;RKNH14;1
"Leverandørs artikkelnr";Norsk;RKNH15;RKNH15;1
"Leverandørs artikkelnr";Norsk;RKNH16;RKNH16;1
"Leverandørs artikkelnr";Norsk;RKNH37;RKNH37;1
"Leverandørs artikkelnr";Norsk;RKNH38;RKNH38;1
"Leverandørs artikkelnr";Norsk;RKNH41;RKNH41;1
"Leverandørs artikkelnr";Norsk;RKNH9;RKNH9;1
"Leverandørs artikkelnr";Norsk;RL.NANO1;RL.NANO1;1
"Leverandørs artikkelnr";Norsk;RSRK-12;RSRK-12;1
"Leverandørs artikkelnr";Norsk;S.10H;S.10H;1
"Leverandørs artikkelnr";Norsk;S.13;S.13;1
"Leverandørs artikkelnr";Norsk;S.13H;S.13H;1
"Leverandørs artikkelnr";Norsk;S.13HLA;S.13HLA;1
"Leverandørs artikkelnr";Norsk;S.14H;S.14H;1
"Leverandørs artikkelnr";Norsk;S.15H;S.15H;1
"Leverandørs artikkelnr";Norsk;S.15HLA;S.15HLA;1
"Leverandørs artikkelnr";Norsk;S.16H;S.16H;1
"Leverandørs artikkelnr";Norsk;S.16HLA;S.16HLA;1
"Leverandørs artikkelnr";Norsk;S.17;S.17;1
"Leverandørs artikkelnr";Norsk;S.17H;S.17H;1
"Leverandørs artikkelnr";Norsk;S.17HLA;S.17HLA;1
"Leverandørs artikkelnr";Norsk;S.18H;S.18H;1
"Leverandørs artikkelnr";Norsk;S.18HLA;S.18HLA;1
"Leverandørs artikkelnr";Norsk;S.19;S.19;1
"Leverandørs artikkelnr";Norsk;S.19H;S.19H;1
"Leverandørs artikkelnr";Norsk;S.19LA;S.19LA;1
"Leverandørs artikkelnr";Norsk;S.21H;S.21H;1
"Leverandørs artikkelnr";Norsk;S.21HLA;S.21HLA;1
"Leverandørs artikkelnr";Norsk;S.21LA;S.21LA;1
"Leverandørs artikkelnr";Norsk;S.22H;S.22H;1
"Leverandørs artikkelnr";Norsk;S.230;S.230;1
"Leverandørs artikkelnr";Norsk;S.24;S.24;1
"Leverandørs artikkelnr";Norsk;S.240A;S.240A;1
"Leverandørs artikkelnr";Norsk;S.24H;S.24H;1
"Leverandørs artikkelnr";Norsk;S.26H;S.26H;1
"Leverandørs artikkelnr";Norsk;S.30H;S.30H;1
"Leverandørs artikkelnr";Norsk;S.32H;S.32H;1
"Leverandørs artikkelnr";Norsk;S138;S138;1
"Leverandørs artikkelnr";Norsk;S910;S910;1
"Leverandørs artikkelnr";Norsk;SA4-3;SA4-3;1
"Leverandørs artikkelnr";Norsk;SA4-3-C;SA4-3-C;1
"Leverandørs artikkelnr";Norsk;SB6962L;SB6962L;1
"Leverandørs artikkelnr";Norsk;SDD3-08;SDD3-08;1
"Leverandørs artikkelnr";Norsk;SDD3-09;SDD3-09;1
"Leverandørs artikkelnr";Norsk;SDD3-20;SDD3-20;1
"Leverandørs artikkelnr";Norsk;SDD3-21;SDD3-21;1
"Leverandørs artikkelnr";Norsk;SDD3-22;SDD3-22;1
"Leverandørs artikkelnr";Norsk;SDH4-17;SDH4-17;1
"Leverandørs artikkelnr";Norsk;SDH4-19;SDH4-19;1
"Leverandørs artikkelnr";Norsk;SDH6-25I;SDH6-25I;1
"Leverandørs artikkelnr";Norsk;SDH6-29I;SDH6-29I;1
"Leverandørs artikkelnr";Norsk;SDH6-34;SDH6-34;1
"Leverandørs artikkelnr";Norsk;SFE2-6;SFE2-6;1
"Leverandørs artikkelnr";Norsk;SHBB24;SHBB24;1
"Leverandørs artikkelnr";Norsk;SHW6-19;SHW6-19;1
"Leverandørs artikkelnr";Norsk;SK4M14;SK4M14;1
"Leverandørs artikkelnr";Norsk;SL.161;SL.161;1
"Leverandørs artikkelnr";Norsk;SPLINE10;SPLINE10;1
"Leverandørs artikkelnr";Norsk;SRES306;SRES306;1
"Leverandørs artikkelnr";Norsk;SS2-03C;SS2-03C;1
"Leverandørs artikkelnr";Norsk;SS2-04AC;SS2-04AC;1
"Leverandørs artikkelnr";Norsk;SS2-04C;SS2-04C;1
"Leverandørs artikkelnr";Norsk;SS2-05AC;SS2-05AC;1
"Leverandørs artikkelnr";Norsk;SS2-05C;SS2-05C;1
"Leverandørs artikkelnr";Norsk;SS2-06C;SS2-06C;1
"Leverandørs artikkelnr";Norsk;SS2-07C;SS2-07C;1
"Leverandørs artikkelnr";Norsk;SS2-08C;SS2-08C;1
"Leverandørs artikkelnr";Norsk;SS2-08I;SS2-08I;1
"Leverandørs artikkelnr";Norsk;SS2-09C;SS2-09C;1
"Leverandørs artikkelnr";Norsk;SS2-10C;SS2-10C;1
"Leverandørs artikkelnr";Norsk;SS2-11C;SS2-11C;1
"Leverandørs artikkelnr";Norsk;SS2-12C;SS2-12C;1
"Leverandørs artikkelnr";Norsk;SS2-13C;SS2-13C;1
"Leverandørs artikkelnr";Norsk;SS2-14C;SS2-14C;1
"Leverandørs artikkelnr";Norsk;SS2-16I;SS2-16I;1
"Leverandørs artikkelnr";Norsk;SS3-06-C;SS3-06-C;1
"Leverandørs artikkelnr";Norsk;SS3-06E;SS3-06E;1
"Leverandørs artikkelnr";Norsk;SS3-07-C;SS3-07-C;1
"Leverandørs artikkelnr";Norsk;SS3-07E;SS3-07E;1
"Leverandørs artikkelnr";Norsk;SS3-08-C;SS3-08-C;1
"Leverandørs artikkelnr";Norsk;SS3-08E;SS3-08E;1
"Leverandørs artikkelnr";Norsk;SS3-09-C;SS3-09-C;1
"Leverandørs artikkelnr";Norsk;SS3-10-C;SS3-10-C;1
"Leverandørs artikkelnr";Norsk;SS3-10E;SS3-10E;1
"Leverandørs artikkelnr";Norsk;SS3-11-C;SS3-11-C;1
"Leverandørs artikkelnr";Norsk;SS3-11E;SS3-11E;1
"Leverandørs artikkelnr";Norsk;SS3-12-C;SS3-12-C;1
"Leverandørs artikkelnr";Norsk;SS3-12E;SS3-12E;1
"Leverandørs artikkelnr";Norsk;SS3-13-C;SS3-13-C;1
"Leverandørs artikkelnr";Norsk;SS3-14-C;SS3-14-C;1
"Leverandørs artikkelnr";Norsk;SS3-14E;SS3-14E;1
"Leverandørs artikkelnr";Norsk;SS3-15-C;SS3-15-C;1
"Leverandørs artikkelnr";Norsk;SS3-16-C;SS3-16-C;1
"Leverandørs artikkelnr";Norsk;SS3-16E;SS3-16E;1
"Leverandørs artikkelnr";Norsk;SS3-17-C;SS3-17-C;1
"Leverandørs artikkelnr";Norsk;SS3-18-C;SS3-18-C;1
"Leverandørs artikkelnr";Norsk;SS3-18E;SS3-18E;1
"Leverandørs artikkelnr";Norsk;SS3-19-C;SS3-19-C;1
"Leverandørs artikkelnr";Norsk;SS3-20-C;SS3-20-C;1
"Leverandørs artikkelnr";Norsk;SS3-20E;SS3-20E;1
"Leverandørs artikkelnr";Norsk;SS3-21-C;SS3-21-C;1
"Leverandørs artikkelnr";Norsk;SS3-22-C;SS3-22-C;1
"Leverandørs artikkelnr";Norsk;SS4-08-C;SS4-08-C;1
"Leverandørs artikkelnr";Norsk;SS4-09-C;SS4-09-C;1
"Leverandørs artikkelnr";Norsk;SS4-10-C;SS4-10-C;1
"Leverandørs artikkelnr";Norsk;SS4-10E;SS4-10E;1
"Leverandørs artikkelnr";Norsk;SS4-11-C;SS4-11-C;1
"Leverandørs artikkelnr";Norsk;SS4-11E;SS4-11E;1
"Leverandørs artikkelnr";Norsk;SS4-12-C;SS4-12-C;1
"Leverandørs artikkelnr";Norsk;SS4-12E;SS4-12E;1
"Leverandørs artikkelnr";Norsk;SS4-13-C;SS4-13-C;1
"Leverandørs artikkelnr";Norsk;SS4-14-C;SS4-14-C;1
"Leverandørs artikkelnr";Norsk;SS4-14E;SS4-14E;1
"Leverandørs artikkelnr";Norsk;SS4-15-C;SS4-15-C;1
"Leverandørs artikkelnr";Norsk;SS4-16-C;SS4-16-C;1
"Leverandørs artikkelnr";Norsk;SS4-16E;SS4-16E;1
"Leverandørs artikkelnr";Norsk;SS4-17-C;SS4-17-C;1
"Leverandørs artikkelnr";Norsk;SS4-18-C;SS4-18-C;1
"Leverandørs artikkelnr";Norsk;SS4-18E;SS4-18E;1
"Leverandørs artikkelnr";Norsk;SS4-19-C;SS4-19-C;1
"Leverandørs artikkelnr";Norsk;SS4-20-C;SS4-20-C;1
"Leverandørs artikkelnr";Norsk;SS4-20E;SS4-20E;1
"Leverandørs artikkelnr";Norsk;SS4-21-C;SS4-21-C;1
"Leverandørs artikkelnr";Norsk;SS4-22-C;SS4-22-C;1
"Leverandørs artikkelnr";Norsk;SS4-22E;SS4-22E;1
"Leverandørs artikkelnr";Norsk;SS4-23-C;SS4-23-C;1
"Leverandørs artikkelnr";Norsk;SS4-24-C;SS4-24-C;1
"Leverandørs artikkelnr";Norsk;SS4-24E;SS4-24E;1
"Leverandørs artikkelnr";Norsk;SS4-25-C;SS4-25-C;1
"Leverandørs artikkelnr";Norsk;SS4-26-C;SS4-26-C;1
"Leverandørs artikkelnr";Norsk;SS4-27-C;SS4-27-C;1
"Leverandørs artikkelnr";Norsk;SS4-28-C;SS4-28-C;1
"Leverandørs artikkelnr";Norsk;SS4-29-C;SS4-29-C;1
"Leverandørs artikkelnr";Norsk;SS4-30-C;SS4-30-C;1
"Leverandørs artikkelnr";Norsk;SS4-32-C;SS4-32-C;1
"Leverandørs artikkelnr";Norsk;SSE2-02-C;SSE2-02-C;1
"Leverandørs artikkelnr";Norsk;SSE2-06-C;SSE2-06-C;1
"Leverandørs artikkelnr";Norsk;SSE4-03-C;SSE4-03-C;1
"Leverandørs artikkelnr";Norsk;SSE4-05-C;SSE4-05-C;1
"Leverandørs artikkelnr";Norsk;SSP4-10I-C;SSP4-10I-C;1
"Leverandørs artikkelnr";Norsk;SSP4-13I-C;SSP4-13I-C;1
"Leverandørs artikkelnr";Norsk;SST8-22;SST8-22;1
"Leverandørs artikkelnr";Norsk;STMMD10;STMMD10;1
"Leverandørs artikkelnr";Norsk;STMMD11;STMMD11;1
"Leverandørs artikkelnr";Norsk;STMMD12;STMMD12;1
"Leverandørs artikkelnr";Norsk;STMMD13;STMMD13;1
"Leverandørs artikkelnr";Norsk;STMMD5.5;STMMD5.5;1
"Leverandørs artikkelnr";Norsk;STMMD6;STMMD6;1
"Leverandørs artikkelnr";Norsk;STMMD7;STMMD7;1
"Leverandørs artikkelnr";Norsk;STMMD8;STMMD8;1
"Leverandørs artikkelnr";Norsk;STMMD9;STMMD9;1
"Leverandørs artikkelnr";Norsk;SUJ2-C;SUJ2-C;1
"Leverandørs artikkelnr";Norsk;SUJ3-C;SUJ3-C;1
"Leverandørs artikkelnr";Norsk;SUJ4-C;SUJ4-C;1
"Leverandørs artikkelnr";Norsk;SWE3-06-C;SWE3-06-C;1
"Leverandørs artikkelnr";Norsk;SWE3-10-C;SWE3-10-C;1
"Leverandørs artikkelnr";Norsk;SWE4-10-C;SWE4-10-C;1
"Leverandørs artikkelnr";Norsk;TM4CSA;TM4CSA;1
"Leverandørs artikkelnr";Norsk;TMCO8;TMCO8;1
"Leverandørs artikkelnr";Norsk;TMMD11;TMMD11;1
"Leverandørs artikkelnr";Norsk;TMMD12;TMMD12;1
"Leverandørs artikkelnr";Norsk;TMMD13;TMMD13;1
"Leverandørs artikkelnr";Norsk;TMMD9;TMMD9;1
"Leverandørs artikkelnr";Norsk;TMRX10;TMRX10;1
"Leverandørs artikkelnr";Norsk;TMRX8;TMRX8;1
"Leverandørs artikkelnr";Norsk;TMU8B;TMU8B;1
"Leverandørs artikkelnr";Norsk;"TX 20 E10";"TX 20 E10";1
"Leverandørs artikkelnr";Norsk;"TX 20 E4";"TX 20 E4";1
"Leverandørs artikkelnr";Norsk;"TX 20 E5";"TX 20 E5";1
"Leverandørs artikkelnr";Norsk;"TX 20 E6";"TX 20 E6";1
"Leverandørs artikkelnr";Norsk;"TX 20 E7";"TX 20 E7";1
"Leverandørs artikkelnr";Norsk;"TX 20 E8";"TX 20 E8";1
"Leverandørs artikkelnr";Norsk;TZ2;TZ2;1
"Leverandørs artikkelnr";Norsk;U02341032;U02341032;1
"Leverandørs artikkelnr";Norsk;U02350138;U02350138;1
"Leverandørs artikkelnr";Norsk;U02352114;U02352114;1
"Leverandørs artikkelnr";Norsk;U02450107;U02450107;1
"Leverandørs artikkelnr";Norsk;U02850703;U02850703;1
"Leverandørs artikkelnr";Norsk;U02850704;U02850704;1
"Leverandørs artikkelnr";Norsk;VGCJ07;VGCJ07;1
"Leverandørs artikkelnr";Norsk;VGCJ10;VGCJ10;1
"Leverandørs artikkelnr";Norsk;W027962;W027962;1
"Leverandørs artikkelnr";Norsk;WB305;WB305;1
"Leverandørs artikkelnr";Norsk;WB32;WB32;1
"Leverandørs artikkelnr";Norsk;WB36;WB36;1
"Leverandørs artikkelnr";Norsk;WB415;WB415;1
"Leverandørs artikkelnr";Norsk;WB417;WB417;1
"Leverandørs artikkelnr";Norsk;WB419;WB419;1
"Leverandørs artikkelnr";Norsk;ZDA16;ZDA16;1
"Leverandørs artikkelnr";Norsk;ZDA410;ZDA410;1
"Leverandørs artikkelnr";Norsk;ZDA518;ZDA518;1
Lokk;Norsk;Klar;Klar;1
Lokk;Norsk;Sort;Sort;1
Lumen;Norsk;1200;1200;120
Lumen;Norsk;150;150;1
Lumen;Norsk;2500;2500;250
Lumen;Norsk;400;400;40
Lumen;Norsk;4500;4500;450
Lumen;Norsk;480;480;48
Lumen;Norsk;500;500;50
Lumen;Norsk;600;600;60
Lumen;Norsk;800;800;80
Maskiner;Norsk;Elektroverktøy;Elektroverktøy;1
Maskiner;Norsk;Trykkluft;Trykkluft;1
Materiale;Norsk;Aluminium;Aluminium;1
Materiale;Norsk;Fiber;Fiber;1
Materiale;Norsk;Filt;Filt;1
Materiale;Norsk;Gummi;Gummi;1
Materiale;Norsk;"Gummi sort";"Gummi sort";1
Materiale;Norsk;"Gummi sort m/fot";"Gummi sort m/fot";1
Materiale;Norsk;"Nylon hvit";"Nylon hvit";1
Materiale;Norsk;"Plastikk rød";"Plastikk rød";1
Materiale;Norsk;Polyuretan;Polyuretan;1
Materiale;Norsk;"Superplastikk hvit";"Superplastikk hvit";1
Materiale;Norsk;"TPE-mid grå";"TPE-mid grå";1
Materiale;Norsk;"TPE-soft blå";"TPE-soft blå";1
Moment;Norsk;"0,1-0,34 N·m";"0,1-0,34 N·m";1
Moment;Norsk;"0,3-1,2 N·m";"0,3-1,2 N·m";1
Moment;Norsk;"0,3-6,0 N·m";"0,3-6,0 N·m";1
Moment;Norsk;"0,90-1,5 N·m";"0,90-1,5 N·m";1
Moment;Norsk;"1,2-3,0 N·m";"1,2-3,0 N·m";1
Moment;Norsk;"1,7-3,5 N·m";"1,7-3,5 N·m";1
Moment;Norsk;"1-5 NM";"1-5 NM";1
Moment;Norsk;"10-50 Nm";"10-50 Nm";10
Moment;Norsk;"100 Nm";"100 Nm";100
Moment;Norsk;"1000 Nm";"1000 Nm";210
Moment;Norsk;"110 Nm";"110 Nm";110
Moment;Norsk;"12-60 NM";"12-60 NM";11
Moment;Norsk;"120 Nm";"120 Nm";120
Moment;Norsk;"135 Nm";"135 Nm";135
Moment;Norsk;"14 IN-OZ";"14 IN-OZ";14
Moment;Norsk;"150-700 NM";"150-700 NM";136
Moment;Norsk;"16 IN-OZ";"16 IN-OZ";16
Moment;Norsk;"190 Nm";"190 Nm";190
Moment;Norsk;"2,5-25 Nm";"2,5-25 Nm";3
Moment;Norsk;"2-12 N·m";"2-12 N·m";2
Moment;Norsk;"20-100 Nm";"20-100 Nm";19
Moment;Norsk;"20-110 Nm";"20-110 Nm";20
Moment;Norsk;"200-1000 N·m";"200-1000 N·m";200
Moment;Norsk;"200-1000 Nm";"200-1000 Nm";200
Moment;Norsk;"2000 Nm";"2000 Nm";2000
Moment;Norsk;"240 Nm";"240 Nm";150
Moment;Norsk;30-180Nm;30-180Nm;30
Moment;Norsk;"3000 Nm";"3000 Nm";3000
Moment;Norsk;"40-200 Nm";"40-200 Nm";40
Moment;Norsk;"5-29 Nm";"5-29 Nm";5
Moment;Norsk;"6-30 Nm";"6-30 Nm";6
Moment;Norsk;"60-300 Nm";"60-300 Nm";60
Moment;Norsk;"6000 Nm";"6000 Nm";6000
Moment;Norsk;"75 Nm";"75 Nm";75
Moment;Norsk;"80-400 Nm";"80-400 Nm";80
Moment;Norsk;"90 Nm";"90 Nm";90
"Overgang fra - til";Norsk;"1"" til 1-1/2""";"1"" til 1-1/2""";50
"Overgang fra - til";Norsk;"1"" til 3/4""";"1"" til 3/4""";40
"Overgang fra - til";Norsk;"1/2"" til 3/4""";"1/2"" til 3/4""";20
"Overgang fra - til";Norsk;"1/2"" til 3/8""";"1/2"" til 3/8""";15
"Overgang fra - til";Norsk;"1/4"" til 1/2""";"1/4"" til 1/2""";3
"Overgang fra - til";Norsk;"1/4"" til 3/8""";"1/4"" til 3/8""";1
"Overgang fra - til";Norsk;"3/4"" til 1""";"3/4"" til 1""";35
"Overgang fra - til";Norsk;"3/4"" til 1/2""";"3/4"" til 1/2""";30
"Overgang fra - til";Norsk;"3/8"" til 1/2""";"3/8"" til 1/2""";10
"Overgang fra - til";Norsk;"3/8"" til 1/4""";"3/8"" til 1/4""";5
Referanseprosjekter;Norsk;Containere;Containere;1
Referanseprosjekter;Norsk;Gaveartikler;Gaveartikler;1
Referanseprosjekter;Norsk;Kundecase;Kundecase;1
Referanseprosjekter;Norsk;Lasermerking;Lasermerking;1
Referanseprosjekter;Norsk;"Medium kofferter";"Medium kofferter";1
Referanseprosjekter;Norsk;"Små kofferter";"Små kofferter";1
Referanseprosjekter;Norsk;Softcase;Softcase;1
Referanseprosjekter;Norsk;Transportkasser;Transportkasser;1
Referanseprosjekter;Norsk;Verksteder;Verksteder;1
Referanseprosjekter;Norsk;Verktøysett;Verktøysett;1
Referanseprosjekter;Norsk;Verktøyvogner;Verktøyvogner;1
Referanseprosjekter;Norsk;Våpenkofferter;Våpenkofferter;1
"Segment Tykkelse";Norsk;"3.2 mm";"3.2 mm";32
"Segment Tykkelse";Norsk;"3.5 mm";"3.5 mm";35
"Segment Tykkelse";Norsk;"3.6 mm";"3.6 mm";36
"Segment Tykkelse";Norsk;"3.7 mm";"3.7 mm";37
"Segment Tykkelse";Norsk;"3.8 mm";"3.8 mm";38
"Segment Tykkelse";Norsk;"4 mm";"4 mm";40
"Segment Tykkelse";Norsk;"4.1 mm";"4.1 mm";41
"Segment Tykkelse";Norsk;"4.5 mm";"4.5 mm";45
Size;Norsk;"Sheet .071"" (+/-.009"") x 21.375"" x 20""";"Sheet .071"" (+/-.009"") x 21.375"" x 20""";1
Size;Norsk;"Sheet .100"" (+/-.009"") x 36"" x 20""";"Sheet .100"" (+/-.009"") x 36"" x 20""";1
Size;Norsk;"Sheet .100"" (+/-.009"") x 36"" x 96""";"Sheet .100"" (+/-.009"") x 36"" x 96""";1
Size;Norsk;"Sheet .160"" (+/-.009"") x 48"" x 40""";"Sheet .160"" (+/-.009"") x 48"" x 40""";1
Size;Norsk;"Sheet .160"" (+/-.014"") x 48"" x 72""";"Sheet .160"" (+/-.014"") x 48"" x 72""";1
Spennvidde;Norsk;0-100mm;0-100mm;100
Spennvidde;Norsk;0-110mm;0-110mm;110
Spennvidde;Norsk;0-13mm;0-13mm;13
Spennvidde;Norsk;0-19mm;0-19mm;19
Spennvidde;Norsk;0-20mm;0-20mm;20
Spennvidde;Norsk;0-23mm;0-23mm;23
Spennvidde;Norsk;0-24mm;0-24mm;24
Spennvidde;Norsk;0-27mm;0-27mm;27
Spennvidde;Norsk;0-29mm;0-29mm;29
Spennvidde;Norsk;0-30mm;0-30mm;30
Spennvidde;Norsk;0-31mm;0-31mm;31
Spennvidde;Norsk;0-32mm;0-32mm;32
Spennvidde;Norsk;0-34mm;0-34mm;34
Spennvidde;Norsk;0-35mm;0-35mm;35
Spennvidde;Norsk;0-38mm;0-38mm;38
Spennvidde;Norsk;0-39mm;0-39mm;39
Spennvidde;Norsk;0-40mm;0-40mm;40
Spennvidde;Norsk;0-42mm;0-42mm;42
Spennvidde;Norsk;0-43mm;0-43mm;43
Spennvidde;Norsk;0-44mm;0-44mm;44
Spennvidde;Norsk;0-45mm;0-45mm;45
Spennvidde;Norsk;0-46mm;0-46mm;46
Spennvidde;Norsk;0-51mm;0-51mm;51
Spennvidde;Norsk;0-52mm;0-52mm;52
Spennvidde;Norsk;0-53mm;0-53mm;53
Spennvidde;Norsk;0-60mm;0-60mm;60
Spennvidde;Norsk;0-62mm;0-62mm;62
Spennvidde;Norsk;0-63mm;0-63mm;63
Spennvidde;Norsk;0-65mm;0-65mm;65
Spennvidde;Norsk;0-68mm;0-68mm;68
Spennvidde;Norsk;0-70mm;0-70mm;70
Spennvidde;Norsk;0-76mm;0-76mm;76
Spennvidde;Norsk;0-78mm;0-78mm;78
Spennvidde;Norsk;0-90mm;0-90mm;90
Stjernetegn;Norsk;{40};{40};1
STR;Norsk;044;044;44
STR;Norsk;046;046;46
STR;Norsk;048;048;48
STR;Norsk;050;050;50
STR;Norsk;052;052;52
STR;Norsk;100;100;1000
STR;Norsk;104;104;1040
STR;Norsk;108;108;1080
STR;Norsk;112;112;1120
STR;Norsk;116;116;1160
STR;Norsk;120;120;1200
STR;Norsk;124;124;1240
STR;Norsk;128;128;1
STR;Norsk;144;144;1
STR;Norsk;146;146;1460
STR;Norsk;148;148;1480
STR;Norsk;150;150;1500
STR;Norsk;152;152;1520
STR;Norsk;154;154;1540
STR;Norsk;156;156;1560
STR;Norsk;158;158;1580
STR;Norsk;160;160;1600
STR;Norsk;162;162;1620
STR;Norsk;164;164;1
STR;Norsk;18;18;180
STR;Norsk;19;19;190
STR;Norsk;192;192;1920
STR;Norsk;196;196;1960
STR;Norsk;20;20;200
STR;Norsk;200;200;2000
STR;Norsk;204;204;2040
STR;Norsk;208;208;2080
STR;Norsk;21;21;210
STR;Norsk;212;212;2120
STR;Norsk;22;22;220
STR;Norsk;250;250;2500
STR;Norsk;252;252;2520
STR;Norsk;254;254;2540
STR;Norsk;256;256;2560
STR;Norsk;258;258;2580
STR;Norsk;32;32;320
STR;Norsk;34;34;340
STR;Norsk;35;35;1
STR;Norsk;35-36;35-36;1
STR;Norsk;35-38;35-38;1
STR;Norsk;36;36;360
STR;Norsk;37;37;370
STR;Norsk;37-38;37-38;1
STR;Norsk;38;38;380
STR;Norsk;39;39;390
STR;Norsk;39-40;39-40;1
STR;Norsk;39-42;39-42;391
STR;Norsk;40;40;400
STR;Norsk;41;41;410
STR;Norsk;41-42;41-42;1
STR;Norsk;42;42;420
STR;Norsk;43;43;430
STR;Norsk;43-44;43-44;1
STR;Norsk;43-46;43-46;431
STR;Norsk;44;44;440
STR;Norsk;45;45;450
STR;Norsk;45-46;45-46;1
STR;Norsk;46;46;460
STR;Norsk;47;47;470
STR;Norsk;47-48;47-48;1
STR;Norsk;47-49;47-49;1
STR;Norsk;48;48;480
STR;Norsk;49;49;1
STR;Norsk;50;50;500
STR;Norsk;52;52;520
STR;Norsk;54;54;540
STR;Norsk;56;56;560
STR;Norsk;58;58;580
STR;Norsk;60;60;600
STR;Norsk;62;62;620
STR;Norsk;64;64;640
STR;Norsk;76;76;760
STR;Norsk;80;80;800
STR;Norsk;84;84;840
STR;Norsk;88;88;880
STR;Norsk;92;92;920
STR;Norsk;96;96;960
STR;Norsk;L;L;5
STR;Norsk;L/XL;L/XL;6
STR;Norsk;M;M;4
STR;Norsk;M/L;M/L;4
STR;Norsk;S;S;2
STR;Norsk;S/M;S/M;3
STR;Norsk;XL;XL;8
STR;Norsk;XL/XXL;XL/XXL;7
STR;Norsk;XS;XS;1
STR;Norsk;XS/S;XS/S;1
STR;Norsk;XXL;XXL;9
STR;Norsk;XXXL;XXXL;10
STR;Norsk;XXXL/XXXXL;XXXL/XXXXL;10
Størrelse;Norsk;"0,8mm HVLP";"0,8mm HVLP";800
Størrelse;Norsk;"1,3mm HVLP";"1,3mm HVLP";810
Størrelse;Norsk;"1,6mm HVLP";"1,6mm HVLP";820
Størrelse;Norsk;"1,8mm HVLP";"1,8mm HVLP";830
Størrelse;Norsk;1.5mm;1.5mm;1
Størrelse;Norsk;10;10;930
Størrelse;Norsk;"10 OZ";"10 OZ";742
Størrelse;Norsk;10/L;10/L;1
Størrelse;Norsk;1000gr;1000gr;670
Størrelse;Norsk;10x330mm;10x330mm;1
Størrelse;Norsk;11;11;940
Størrelse;Norsk;11/XL;11/XL;1
Størrelse;Norsk;1140gr;1140gr;680
Størrelse;Norsk;12;12;1200
Størrelse;Norsk;"12 OZ";"12 OZ";745
Størrelse;Norsk;12/XXL;12/XXL;1
Størrelse;Norsk;1250gr;1250gr;690
Størrelse;Norsk;1300gr;1300gr;700
Størrelse;Norsk;13x457mm;13x457mm;50
Størrelse;Norsk;14;14;1
Størrelse;Norsk;1500gr;1500gr;710
Størrelse;Norsk;1590gr;1590gr;720
Størrelse;Norsk;"16 OZ";"16 OZ";750
Størrelse;Norsk;18T;18T;870
Størrelse;Norsk;"2.0 sekskant";"2.0 sekskant";1
Størrelse;Norsk;2.4mm;2.4mm;1
Størrelse;Norsk;"2.5 sekskant";"2.5 sekskant";1
Størrelse;Norsk;"20 OZ";"20 OZ";760
Størrelse;Norsk;2000gr;2000gr;730
Størrelse;Norsk;225gr;225gr;550
Størrelse;Norsk;239gr;239gr;560
Størrelse;Norsk;24T;24T;860
Størrelse;Norsk;250X60+60MM;250X60+60MM;1
Størrelse;Norsk;"3.0 sekskant";"3.0 sekskant";1
Størrelse;Norsk;3.0mm;3.0mm;1
Størrelse;Norsk;300gr;300gr;570
Størrelse;Norsk;300X70+70MM;300X70+70MM;1
Størrelse;Norsk;"32 OZ";"32 OZ";800
Størrelse;Norsk;32T;32T;850
Størrelse;Norsk;330gr;330gr;580
Størrelse;Norsk;340gr;340gr;590
Størrelse;Norsk;350gr;350gr;600
Størrelse;Norsk;"4.0 sekskant";"4.0 sekskant";1
Størrelse;Norsk;4.0mm;4.0mm;1
Størrelse;Norsk;499gr;499gr;610
Størrelse;Norsk;"5.0 sekskant";"5.0 sekskant";1
Størrelse;Norsk;500gr;500gr;620
Størrelse;Norsk;"591 ml";"591 ml";1
Størrelse;Norsk;597gr;597gr;630
Størrelse;Norsk;6;6;6
Størrelse;Norsk;"6.0 sekskant";"6.0 sekskant";1
Størrelse;Norsk;650gr;650gr;640
Størrelse;Norsk;7;7;900
Størrelse;Norsk;755gr;755gr;645
Størrelse;Norsk;8;8;910
Størrelse;Norsk;"8 OZ";"8 OZ";740
Størrelse;Norsk;8/S;8/S;1
Størrelse;Norsk;800gr;800gr;650
Størrelse;Norsk;"887 ml";"887 ml";1
Størrelse;Norsk;9;9;920
Størrelse;Norsk;9/M;9/M;1
Størrelse;Norsk;900gr;900gr;660
Størrelse;Norsk;E10;E10;220
Størrelse;Norsk;E11;E11;230
Størrelse;Norsk;E12;E12;240
Størrelse;Norsk;E14;E14;250
Størrelse;Norsk;E16;E16;260
Størrelse;Norsk;E18;E18;270
Størrelse;Norsk;E20;E20;280
Størrelse;Norsk;E22;E22;300
Størrelse;Norsk;E24;E24;320
Størrelse;Norsk;E4;E4;160
Størrelse;Norsk;E5;E5;170
Størrelse;Norsk;E6;E6;180
Størrelse;Norsk;E7;E7;190
Størrelse;Norsk;E8;E8;200
Størrelse;Norsk;"L 16-19mm (5/8"" - 3/4"")";"L 16-19mm (5/8"" - 3/4"")";16
Størrelse;Norsk;L/XL;L/XL;10001
Størrelse;Norsk;"M 13-16mm (1/2"" - 5/8"")";"M 13-16mm (1/2"" - 5/8"")";13
Størrelse;Norsk;M/L;M/L;10000
Størrelse;Norsk;M10;M10;480
Størrelse;Norsk;M10-30;M10-30;1
Størrelse;Norsk;M10-60;M10-60;1
Størrelse;Norsk;M10-M12;M10-M12;10
Størrelse;Norsk;M11;M11;485
Størrelse;Norsk;M11-M14;M11-M14;980
Størrelse;Norsk;M12;M12;490
Størrelse;Norsk;M12-40;M12-40;1
Størrelse;Norsk;M12-M16;M12-M16;12
Størrelse;Norsk;M13;M13;495
Størrelse;Norsk;M14;M14;500
Størrelse;Norsk;M14-M18;M14-M18;990
Størrelse;Norsk;M15;M15;505
Størrelse;Norsk;M16;M16;510
Størrelse;Norsk;M16-M20;M16-M20;16
Størrelse;Norsk;M17;M17;515
Størrelse;Norsk;M18;M18;520
Størrelse;Norsk;M18-M24;M18-M24;1000
Størrelse;Norsk;M19;M19;521
Størrelse;Norsk;M20;M20;522
Størrelse;Norsk;M20-M24;M20-M24;20
Størrelse;Norsk;M21;M21;523
Størrelse;Norsk;M22;M22;524
Størrelse;Norsk;M24;M24;525
Størrelse;Norsk;M27;M27;526
Størrelse;Norsk;M3;M3;458
Størrelse;Norsk;M3-30;M3-30;1
Størrelse;Norsk;M3-M6;M3-M6;950
Størrelse;Norsk;M30;M30;527
Størrelse;Norsk;M32;M32;528
Størrelse;Norsk;M4;M4;459
Størrelse;Norsk;M4-30;M4-30;1
Størrelse;Norsk;M4-40;M4-40;1
Størrelse;Norsk;M4.5;M4.5;460
Størrelse;Norsk;M5;M5;461
Størrelse;Norsk;M5-30;M5-30;1
Størrelse;Norsk;M5-40;M5-40;1
Størrelse;Norsk;M5-M6;M5-M6;5
Størrelse;Norsk;M5.5;M5.5;465
Størrelse;Norsk;M6;M6;470
Størrelse;Norsk;M6-30;M6-30;1
Størrelse;Norsk;M6-45;M6-45;1
Størrelse;Norsk;M6-M8;M6-M8;960
Størrelse;Norsk;M7;M7;473
Størrelse;Norsk;M8;M8;475
Størrelse;Norsk;M8-30;M8-30;1
Størrelse;Norsk;M8-55;M8-55;1
Størrelse;Norsk;M8-M10;M8-M10;8
Størrelse;Norsk;M8-M11;M8-M11;970
Størrelse;Norsk;M9;M9;479
Størrelse;Norsk;NR10;NR10;2000
Størrelse;Norsk;NR6;NR6;1980
Størrelse;Norsk;NR8;NR8;1990
Størrelse;Norsk;PH0;PH0;340
Størrelse;Norsk;PH00;PH00;339
Størrelse;Norsk;PH000;PH000;338
Størrelse;Norsk;PH1;PH1;350
Størrelse;Norsk;"PH1 Sekskant";"PH1 Sekskant";389
Størrelse;Norsk;"PH1 slim";"PH1 slim";1
Størrelse;Norsk;PH2;PH2;360
Størrelse;Norsk;"PH2 Sekskant";"PH2 Sekskant";390
Størrelse;Norsk;"PH2 slim";"PH2 slim";2
Størrelse;Norsk;PH3;PH3;370
Størrelse;Norsk;"PH3 Sekskant";"PH3 Sekskant";391
Størrelse;Norsk;PH4;PH4;380
Størrelse;Norsk;PZ0;PZ0;400
Størrelse;Norsk;PZ1;PZ1;410
Størrelse;Norsk;PZ1/RETT;PZ1/RETT;450
Størrelse;Norsk;PZ2;PZ2;420
Størrelse;Norsk;PZ2/RETT;PZ2/RETT;460
Størrelse;Norsk;PZ3;PZ3;430
Størrelse;Norsk;PZ4;PZ4;440
Størrelse;Norsk;"S 10-13mm (7/16"" - 1/2"")";"S 10-13mm (7/16"" - 1/2"")";10
Størrelse;Norsk;S/M;S/M;9999
Størrelse;Norsk;TX10;TX10;10
Størrelse;Norsk;TX15;TX15;20
Størrelse;Norsk;TX20;TX20;30
Størrelse;Norsk;TX25;TX25;40
Størrelse;Norsk;TX27;TX27;50
Størrelse;Norsk;TX3;TX3;3
Størrelse;Norsk;TX30;TX30;60
Størrelse;Norsk;TX35;TX35;65
Størrelse;Norsk;TX4;TX4;4
Størrelse;Norsk;TX40;TX40;70
Størrelse;Norsk;TX45;TX45;80
Størrelse;Norsk;TX5;TX5;5
Størrelse;Norsk;TX50;TX50;90
Størrelse;Norsk;TX55;TX55;100
Størrelse;Norsk;TX6;TX6;6
Størrelse;Norsk;TX60;TX60;110
Størrelse;Norsk;TX7;TX7;7
Størrelse;Norsk;TX70;TX70;120
Størrelse;Norsk;TX8;TX8;8
Størrelse;Norsk;TX9;TX9;9
Størrelse;Norsk;"XL 19-24mm (3/4"" - 15/16"")";"XL 19-24mm (3/4"" - 15/16"")";19
Størrelse;Norsk;"XS 7-10mm (1/4"" - 3/8"")";"XS 7-10mm (1/4"" - 3/8"")";7
Størrelse;Norsk;"XXL 24-32mm (15/16"" - 1-1/4"")";"XXL 24-32mm (15/16"" - 1-1/4"")";24
"Størrelse mm";Norsk;"0,3 x 2mm";"0,3 x 2mm";3
"Størrelse mm";Norsk;"0,4 x 2,5 x 50mm";"0,4 x 2,5 x 50mm";4
"Størrelse mm";Norsk;"0,4 x 2,5mm";"0,4 x 2,5mm";4
"Størrelse mm";Norsk;"0,4 x 3mm";"0,4 x 3mm";4
"Størrelse mm";Norsk;"0,5 mm";"0,5 mm";5
"Størrelse mm";Norsk;"0,5 x 3,0 x 80mm";"0,5 x 3,0 x 80mm";5
"Størrelse mm";Norsk;"0,5 x 3,5mm";"0,5 x 3,5mm";5
"Størrelse mm";Norsk;"0,5 x 3mm";"0,5 x 3mm";5
"Størrelse mm";Norsk;"0,5 x 4mm";"0,5 x 4mm";301
"Størrelse mm";Norsk;"0,6 x 3,5 x 100mm";"0,6 x 3,5 x 100mm";6
"Størrelse mm";Norsk;"0,6 x 3,5 x 125mm";"0,6 x 3,5 x 125mm";6
"Størrelse mm";Norsk;"0,6 x 3,5 x 25mm";"0,6 x 3,5 x 25mm";6
"Størrelse mm";Norsk;"0,6 x 3,5mm";"0,6 x 3,5mm";635
"Størrelse mm";Norsk;"0,6 x 4mm";"0,6 x 4mm";640
"Størrelse mm";Norsk;"0,7 mm";"0,7 mm";7
"Størrelse mm";Norsk;0,71mm;0,71mm;7
"Størrelse mm";Norsk;"0,8 x 4,0 x 100mm";"0,8 x 4,0 x 100mm";8
"Størrelse mm";Norsk;"0,8 x 4,0 x 150mm";"0,8 x 4,0 x 150mm";8
"Størrelse mm";Norsk;"0,8 x 4,0 x 24,5mm";"0,8 x 4,0 x 24,5mm";8
"Størrelse mm";Norsk;"0,8 x 4,0 x 300mm";"0,8 x 4,0 x 300mm";8
"Størrelse mm";Norsk;"0,8 x 4,5mm";"0,8 x 4,5mm";845
"Størrelse mm";Norsk;"0,8 x 4mm";"0,8 x 4mm";840
"Størrelse mm";Norsk;"0,8 x 5,5mm";"0,8 x 5,5mm";855
"Størrelse mm";Norsk;0,89mm;0,89mm;8
"Størrelse mm";Norsk;0,8mm;0,8mm;8
"Størrelse mm";Norsk;"1 x 5,5mm";"1 x 5,5mm";1055
"Størrelse mm";Norsk;"1 x 6,5mm";"1 x 6,5mm";1065
"Størrelse mm";Norsk;"1,0 x 5,5 x 125mm";"1,0 x 5,5 x 125mm";10
"Størrelse mm";Norsk;"1,0 x 5,5 x 200mm";"1,0 x 5,5 x 200mm";10
"Størrelse mm";Norsk;"1,0 x 5,5 x 24,5mm";"1,0 x 5,5 x 24,5mm";10
"Størrelse mm";Norsk;"1,0 x 5,5 x 300mm";"1,0 x 5,5 x 300mm";10
"Størrelse mm";Norsk;"1,2 x 6,5mm";"1,2 x 6,5mm";70
"Størrelse mm";Norsk;"1,2 x 7mm";"1,2 x 7mm";1270
"Størrelse mm";Norsk;"1,2 x 8mm";"1,2 x 8mm";1280
"Størrelse mm";Norsk;1,27mm;1,27mm;12
"Størrelse mm";Norsk;1,2mm;1,2mm;12
"Størrelse mm";Norsk;"1,5 x 5,5mm";"1,5 x 5,5mm";1555
"Størrelse mm";Norsk;1,5mm;1,5mm;15
"Størrelse mm";Norsk;"1,6 x 10mm";"1,6 x 10mm";1610
"Størrelse mm";Norsk;"1,6 x 8mm";"1,6 x 8mm";80
"Størrelse mm";Norsk;"1,6 x 9mm";"1,6 x 9mm";1690
"Størrelse mm";Norsk;1,6mm;1,6mm;16
"Størrelse mm";Norsk;"10 x 115mm";"10 x 115mm";1150
"Størrelse mm";Norsk;"10 X 11mm";"10 X 11mm";105
"Størrelse mm";Norsk;"10 x 133mm";"10 x 133mm";1330
"Størrelse mm";Norsk;"10 x 13mm";"10 x 13mm";106
"Størrelse mm";Norsk;"10 x 165mm";"10 x 165mm";1650
"Størrelse mm";Norsk;"10 x 215mm";"10 x 215mm";2150
"Størrelse mm";Norsk;"10 x 230mm";"10 x 230mm";2300
"Størrelse mm";Norsk;"10 x 460mm";"10 x 460mm";4600
"Størrelse mm";Norsk;10,5mm;10,5mm;110
"Størrelse mm";Norsk;10-25mm;10-25mm;250
"Størrelse mm";Norsk;10-40mm;10-40mm;400
"Størrelse mm";Norsk;10-54mm;10-54mm;10
"Størrelse mm";Norsk;1000mm;1000mm;10000
"Størrelse mm";Norsk;100mm;100mm;1000
"Størrelse mm";Norsk;102mm;102mm;1020
"Størrelse mm";Norsk;105mm;105mm;1050
"Størrelse mm";Norsk;108mm;108mm;1080
"Størrelse mm";Norsk;10mm;10mm;100
"Størrelse mm";Norsk;"11 X 13mm";"11 X 13mm";107
"Størrelse mm";Norsk;11,5mm;11,5mm;115
"Størrelse mm";Norsk;11-17mm;11-17mm;17
"Størrelse mm";Norsk;111mm;111mm;1110
"Størrelse mm";Norsk;112mm;112mm;1120
"Størrelse mm";Norsk;114mm;114mm;1140
"Størrelse mm";Norsk;11mm;11mm;110
"Størrelse mm";Norsk;"12 X 13mm";"12 X 13mm";124
"Størrelse mm";Norsk;"12 X 14mm";"12 X 14mm";125
"Størrelse mm";Norsk;"12 x 151mm";"12 x 151mm";1510
"Størrelse mm";Norsk;"12 x 160mm";"12 x 160mm";1600
"Størrelse mm";Norsk;"12 x 210mm";"12 x 210mm";2100
"Størrelse mm";Norsk;"12 x 230mm";"12 x 230mm";2300
"Størrelse mm";Norsk;"12 x 460mm";"12 x 460mm";4600
"Størrelse mm";Norsk;12,5mm;12,5mm;125
"Størrelse mm";Norsk;12-25mm;12-25mm;250
"Størrelse mm";Norsk;120-180mm;120-180mm;9218
"Størrelse mm";Norsk;120mm;120mm;120
"Størrelse mm";Norsk;121mm;121mm;1210
"Størrelse mm";Norsk;"125 x 1,0mm";"125 x 1,0mm";125
"Størrelse mm";Norsk;"125 x 1,6mm";"125 x 1,6mm";125
"Størrelse mm";Norsk;127mm;127mm;1270
"Størrelse mm";Norsk;12mm;12mm;120
"Størrelse mm";Norsk;"13 X 15mm";"13 X 15mm";135
"Størrelse mm";Norsk;13-20mm;13-20mm;20
"Størrelse mm";Norsk;133mm;133mm;1330
"Størrelse mm";Norsk;13mm;13mm;130
"Størrelse mm";Norsk;"14 X 15mm";"14 X 15mm";145
"Størrelse mm";Norsk;"14 X 17mm";"14 X 17mm";126
"Størrelse mm";Norsk;"14 x 210mm";"14 x 210mm";2100
"Størrelse mm";Norsk;"14 x 230mm";"14 x 230mm";2300
"Størrelse mm";Norsk;"14 x 460mm";"14 x 460mm";4600
"Størrelse mm";Norsk;14,5mm;14,5mm;142
"Størrelse mm";Norsk;140mm;140mm;1400
"Størrelse mm";Norsk;14mm;14mm;140
"Størrelse mm";Norsk;15,5mm;15,5mm;152
"Størrelse mm";Norsk;15-24mm;15-24mm;24
"Størrelse mm";Norsk;15-32mm;15-32mm;320
"Størrelse mm";Norsk;15-35mm;15-35mm;1535
"Størrelse mm";Norsk;150mm;150mm;1500
"Størrelse mm";Norsk;152mm;152mm;1520
"Størrelse mm";Norsk;15mm;15mm;150
"Størrelse mm";Norsk;"16 X 17mm";"16 X 17mm";165
"Størrelse mm";Norsk;"16 x 18mm";"16 x 18mm";166
"Størrelse mm";Norsk;"16 x 210mm";"16 x 210mm";2100
"Størrelse mm";Norsk;"16 x 230mm";"16 x 230mm";2300
"Størrelse mm";Norsk;"16 x 340mm";"16 x 340mm";3400
"Størrelse mm";Norsk;"16 x 460mm";"16 x 460mm";4600
"Størrelse mm";Norsk;"16 x 540mm";"16 x 540mm";5400
"Størrelse mm";Norsk;16,5mm;16,5mm;162
"Størrelse mm";Norsk;160mm;160mm;1600
"Størrelse mm";Norsk;168mm;168mm;1680
"Størrelse mm";Norsk;16mm;16mm;160
"Størrelse mm";Norsk;"17 + 19mm";"17 + 19mm";175
"Størrelse mm";Norsk;"17 x 19mm";"17 x 19mm";190
"Størrelse mm";Norsk;17,5mm;17,5mm;172
"Størrelse mm";Norsk;17-49mm;17-49mm;490
"Størrelse mm";Norsk;17-70mm;17-70mm;70
"Størrelse mm";Norsk;177mm;177mm;1770
"Størrelse mm";Norsk;17mm;17mm;170
"Størrelse mm";Norsk;"18 X 19mm";"18 X 19mm";185
"Størrelse mm";Norsk;"18 x 230mm";"18 x 230mm";2300
"Størrelse mm";Norsk;"18 x 250mm";"18 x 250mm";2500
"Størrelse mm";Norsk;"18 x 460mm";"18 x 460mm";4600
"Størrelse mm";Norsk;"18 x 540mm";"18 x 540mm";5400
"Størrelse mm";Norsk;18,5mm;18,5mm;182
"Størrelse mm";Norsk;180mm;180mm;1800
"Størrelse mm";Norsk;18mm;18mm;180
"Størrelse mm";Norsk;"19 + 21mm";"19 + 21mm";195
"Størrelse mm";Norsk;"19 X 22mm";"19 X 22mm";127
"Størrelse mm";Norsk;19,5mm;19,5mm;192
"Størrelse mm";Norsk;19-28mm;19-28mm;28
"Størrelse mm";Norsk;19-60mm;19-60mm;60
"Størrelse mm";Norsk;19mm;19mm;190
"Størrelse mm";Norsk;1mm;1mm;10
"Størrelse mm";Norsk;"2 x 0,6mm";"2 x 0,6mm";206
"Størrelse mm";Norsk;"2 x 12mm";"2 x 12mm";2012
"Størrelse mm";Norsk;"2,4 mm";"2,4 mm";24
"Størrelse mm";Norsk;"2,4 x 0,6mm";"2,4 x 0,6mm";206
"Størrelse mm";Norsk;"2,5 x 14mm";"2,5 x 14mm";2514
"Størrelse mm";Norsk;"2,5 x 4mm";"2,5 x 4mm";25
"Størrelse mm";Norsk;2,5mm;2,5mm;25
"Størrelse mm";Norsk;"20 x 22mm";"20 x 22mm";220
"Størrelse mm";Norsk;"20 x 230mm";"20 x 230mm";2300
"Størrelse mm";Norsk;"20 x 250mm";"20 x 250mm";2500
"Størrelse mm";Norsk;"20 x 460mm";"20 x 460mm";4600
"Størrelse mm";Norsk;"20 x 520mm";"20 x 520mm";5200
"Størrelse mm";Norsk;20,5mm;20,5mm;202
"Størrelse mm";Norsk;200mm;200mm;2000
"Størrelse mm";Norsk;20mm;20mm;200
"Størrelse mm";Norsk;"21 X 24mm";"21 X 24mm";222
"Størrelse mm";Norsk;21,5mm;21,5mm;212
"Størrelse mm";Norsk;210mm;210mm;2100
"Størrelse mm";Norsk;21mm;21mm;210
"Størrelse mm";Norsk;"22 x 230mm";"22 x 230mm";2300
"Størrelse mm";Norsk;"22 X 24mm";"22 X 24mm";225
"Størrelse mm";Norsk;"22 x 250mm";"22 x 250mm";2500
"Størrelse mm";Norsk;"22 x 460mm";"22 x 460mm";4600
"Størrelse mm";Norsk;"22 x 520mm";"22 x 520mm";5200
"Størrelse mm";Norsk;22,5mm;22,5mm;222
"Størrelse mm";Norsk;22-32mm;22-32mm;32
"Størrelse mm";Norsk;225mm;225mm;2250
"Størrelse mm";Norsk;22mm;22mm;220
"Størrelse mm";Norsk;23,5mm;23,5mm;232
"Størrelse mm";Norsk;23mm;23mm;230
"Størrelse mm";Norsk;"24 x 230mm";"24 x 230mm";2300
"Størrelse mm";Norsk;"24 X 27mm";"24 X 27mm";241
"Størrelse mm";Norsk;"24 x 460mm";"24 x 460mm";4600
"Størrelse mm";Norsk;"24 x 520mm";"24 x 520mm";5200
"Størrelse mm";Norsk;24,5mm;24,5mm;242
"Størrelse mm";Norsk;24mm;24mm;240
"Størrelse mm";Norsk;"25 x 520mm";"25 x 520mm";5200
"Størrelse mm";Norsk;25,5mm;25,5mm;252
"Størrelse mm";Norsk;250mm;250mm;2500
"Størrelse mm";Norsk;25mm;25mm;250
"Størrelse mm";Norsk;"26 x 230mm";"26 x 230mm";2300
"Størrelse mm";Norsk;"26 x 460mm";"26 x 460mm";4600
"Størrelse mm";Norsk;26,5mm;26,5mm;262
"Størrelse mm";Norsk;26-38mm;26-38mm;38
"Størrelse mm";Norsk;26mm;26mm;260
"Størrelse mm";Norsk;27,5mm;27,5mm;272
"Størrelse mm";Norsk;27mm;27mm;270
"Størrelse mm";Norsk;"28 x 230mm";"28 x 230mm";2300
"Størrelse mm";Norsk;"28 x 460mm";"28 x 460mm";4600
"Størrelse mm";Norsk;"28 x 570mm";"28 x 570mm";5700
"Størrelse mm";Norsk;28,5mm;28,5mm;282
"Størrelse mm";Norsk;"280 x 25mm";"280 x 25mm";250
"Størrelse mm";Norsk;280mm;280mm;2800
"Størrelse mm";Norsk;28mm;28mm;280
"Størrelse mm";Norsk;29,5mm;29,5mm;292
"Størrelse mm";Norsk;29mm;29mm;290
"Størrelse mm";Norsk;2mm;2mm;20
"Størrelse mm";Norsk;"3 x 0,8mm";"3 x 0,8mm";308
"Størrelse mm";Norsk;"3 x 2mm";"3 x 2mm";30
"Størrelse mm";Norsk;"3 x 5mm";"3 x 5mm";30
"Størrelse mm";Norsk;"3 x 61mm";"3 x 61mm";61
"Størrelse mm";Norsk;"3,2 mm";"3,2 mm";32
"Størrelse mm";Norsk;3,2mm;3,2mm;32
"Størrelse mm";Norsk;3,3mm;3,3mm;40
"Størrelse mm";Norsk;3,5mm;3,5mm;35
"Størrelse mm";Norsk;"30 x 230mm";"30 x 230mm";2300
"Størrelse mm";Norsk;"30 X 32mm";"30 X 32mm";301
"Størrelse mm";Norsk;"30 x 460mm";"30 x 460mm";4600
"Størrelse mm";Norsk;"30 x 570mm";"30 x 570mm";5700
"Størrelse mm";Norsk;"300 x 80mm";"300 x 80mm";800
"Størrelse mm";Norsk;300mm;300mm;3000
"Størrelse mm";Norsk;30mm;30mm;300
"Størrelse mm";Norsk;31mm;31mm;310
"Størrelse mm";Norsk;"32 x 230mm";"32 x 230mm";2300
"Størrelse mm";Norsk;"32 x 460 mm";"32 x 460 mm";4600
"Størrelse mm";Norsk;"32 x 570mm";"32 x 570mm";5700
"Størrelse mm";Norsk;32-44mm;32-44mm;44
"Størrelse mm";Norsk;32-80mm;32-80mm;800
"Størrelse mm";Norsk;32mm;32mm;320
"Størrelse mm";Norsk;33mm;33mm;330
"Størrelse mm";Norsk;34mm;34mm;340
"Størrelse mm";Norsk;"35 x 570mm";"35 x 570mm";5700
"Størrelse mm";Norsk;35-50mm;35-50mm;3550
"Størrelse mm";Norsk;35mm;35mm;350
"Størrelse mm";Norsk;"36 X 41mm";"36 X 41mm";361
"Størrelse mm";Norsk;36mm;36mm;360
"Størrelse mm";Norsk;375mm;375mm;3750
"Størrelse mm";Norsk;37mm;37mm;370
"Størrelse mm";Norsk;38-50mm;38-50mm;50
"Størrelse mm";Norsk;38mm;38mm;380
"Størrelse mm";Norsk;39mm;39mm;390
"Størrelse mm";Norsk;3mm;3mm;30
"Størrelse mm";Norsk;"4 x 2,5mm";"4 x 2,5mm";40
"Størrelse mm";Norsk;"4 x 75 mm";"4 x 75 mm";75
"Størrelse mm";Norsk;4,2mm;4,2mm;50
"Størrelse mm";Norsk;4,5mm;4,5mm;45
"Størrelse mm";Norsk;"4,8 mm";"4,8 mm";48
"Størrelse mm";Norsk;40-100mm;40-100mm;1000
"Størrelse mm";Norsk;"400 x 25mm";"400 x 25mm";250
"Størrelse mm";Norsk;"400 x 50mm";"400 x 50mm";500
"Størrelse mm";Norsk;400mm;400mm;4000
"Størrelse mm";Norsk;40mm;40mm;400
"Størrelse mm";Norsk;41mm;41mm;410
"Størrelse mm";Norsk;42mm;42mm;420
"Størrelse mm";Norsk;43mm;43mm;430
"Størrelse mm";Norsk;44-56mm;44-56mm;56
"Størrelse mm";Norsk;44mm;44mm;440
"Størrelse mm";Norsk;450mm;450mm;4500
"Størrelse mm";Norsk;45mm;45mm;450
"Størrelse mm";Norsk;46mm;46mm;460
"Størrelse mm";Norsk;475mm;475mm;475
"Størrelse mm";Norsk;47mm;47mm;470
"Størrelse mm";Norsk;48mm;48mm;480
"Størrelse mm";Norsk;49mm;49mm;490
"Størrelse mm";Norsk;4mm;4mm;40
"Størrelse mm";Norsk;"4mm SL";"4mm SL";40
"Størrelse mm";Norsk;"5 x 115mm";"5 x 115mm";1150
"Størrelse mm";Norsk;"5 x 165mm";"5 x 165mm";1650
"Størrelse mm";Norsk;"5 x 86mm";"5 x 86mm";86
"Størrelse mm";Norsk;"5,5 x 115mm";"5,5 x 115mm";1150
"Størrelse mm";Norsk;"5,5 x 165mm";"5,5 x 165mm";1650
"Størrelse mm";Norsk;5,5mm;5,5mm;55
"Størrelse mm";Norsk;50-65mm;50-65mm;65
"Størrelse mm";Norsk;50-70mm;50-70mm;70
"Størrelse mm";Norsk;50-80mm;50-80mm;5080
"Størrelse mm";Norsk;500mm;500mm;5000
"Størrelse mm";Norsk;50mm;50mm;500
"Størrelse mm";Norsk;51mm;51mm;510
"Størrelse mm";Norsk;52mm;52mm;520
"Størrelse mm";Norsk;53mm;53mm;530
"Størrelse mm";Norsk;54mm;54mm;540
"Størrelse mm";Norsk;55mm;55mm;550
"Størrelse mm";Norsk;56mm;56mm;560
"Størrelse mm";Norsk;57mm;57mm;570
"Størrelse mm";Norsk;58mm;58mm;570
"Størrelse mm";Norsk;59mm;59mm;590
"Størrelse mm";Norsk;5mm;5mm;50
"Størrelse mm";Norsk;"6 x 115mm";"6 x 115mm";1150
"Størrelse mm";Norsk;"6 x 165mm";"6 x 165mm";1650
"Størrelse mm";Norsk;"6 X 7mm";"6 X 7mm";66
"Størrelse mm";Norsk;"6 x 8mm";"6 x 8mm";60
"Størrelse mm";Norsk;"6 x 93mm";"6 x 93mm";93
"Størrelse mm";Norsk;6,25mm;6,25mm;62
"Størrelse mm";Norsk;"6,5 x 215mm";"6,5 x 215mm";2150
"Størrelse mm";Norsk;6,5mm;6,5mm;65
"Størrelse mm";Norsk;"6,5mm SL";"6,5mm SL";70
"Størrelse mm";Norsk;6,8mm;6,8mm;70
"Størrelse mm";Norsk;600mm;600mm;6000
"Størrelse mm";Norsk;60mm;60mm;600
"Størrelse mm";Norsk;62mm;62mm;620
"Størrelse mm";Norsk;63mm;63mm;630
"Størrelse mm";Norsk;645mm;645mm;6450
"Størrelse mm";Norsk;64mm;64mm;640
"Størrelse mm";Norsk;65mm;65mm;650
"Størrelse mm";Norsk;67mm;67mm;670
"Størrelse mm";Norsk;68mm;68mm;680
"Størrelse mm";Norsk;6mm;6mm;60
"Størrelse mm";Norsk;"7 x 109mm";"7 x 109mm";1090
"Størrelse mm";Norsk;"7 x 9mm";"7 x 9mm";70
"Størrelse mm";Norsk;7,5mm;7,5mm;80
"Størrelse mm";Norsk;70mm;70mm;700
"Størrelse mm";Norsk;71mm;71mm;710
"Størrelse mm";Norsk;73mm;73mm;730
"Størrelse mm";Norsk;75-90mm;75-90mm;900
"Størrelse mm";Norsk;750mm;750mm;7500
"Størrelse mm";Norsk;75mm;75mm;750
"Størrelse mm";Norsk;76mm;76mm;760
"Størrelse mm";Norsk;77mm;77mm;770
"Størrelse mm";Norsk;78mm;78mm;780
"Størrelse mm";Norsk;79mm;79mm;790
"Størrelse mm";Norsk;7mm;7mm;70
"Størrelse mm";Norsk;"8 X 10mm";"8 X 10mm";85
"Størrelse mm";Norsk;"8 x 115mm";"8 x 115mm";1150
"Størrelse mm";Norsk;"8 x 117mm";"8 x 117mm";1170
"Størrelse mm";Norsk;"8 x 165mm";"8 x 165mm";1650
"Størrelse mm";Norsk;"8 x 215mm";"8 x 215mm";2150
"Størrelse mm";Norsk;"8 x 230mm";"8 x 230mm";2300
"Størrelse mm";Norsk;"8 x 460mm";"8 x 460mm";4600
"Størrelse mm";Norsk;"8 X 9mm";"8 X 9mm";84
"Størrelse mm";Norsk;8,5mm;8,5mm;90
"Størrelse mm";Norsk;8-14mm;8-14mm;14
"Størrelse mm";Norsk;8-38mm;8-38mm;8
"Størrelse mm";Norsk;80-120mm;80-120mm;8012
"Størrelse mm";Norsk;80mm;80mm;800
"Størrelse mm";Norsk;82mm;82mm;82
"Størrelse mm";Norsk;83mm;83mm;830
"Størrelse mm";Norsk;85mm;85mm;850
"Størrelse mm";Norsk;86mm;86mm;860
"Størrelse mm";Norsk;89mm;89mm;890
"Størrelse mm";Norsk;8mm;8mm;80
"Størrelse mm";Norsk;"8mm Sekskant";"8mm Sekskant";80
"Størrelse mm";Norsk;"9 x 125mm";"9 x 125mm";1250
"Størrelse mm";Norsk;9,5mm;9,5mm;95
"Størrelse mm";Norsk;90mm;90mm;900
"Størrelse mm";Norsk;92mm;92mm;920
"Størrelse mm";Norsk;95mm;95mm;950
"Størrelse mm";Norsk;98mm;98mm;980
"Størrelse mm";Norsk;9mm;9mm;90
"Størrelse tommer";Norsk;".028""";".028""";1
"Størrelse tommer";Norsk;".035""";".035""";1
"Størrelse tommer";Norsk;".050""";".050""";1
"Størrelse tommer";Norsk;"1 x 1-1/8""";"1 x 1-1/8""";560
"Størrelse tommer";Norsk;"1""";"1""";110
"Størrelse tommer";Norsk;"1-1/16 x 1-1/4""";"1-1/16 x 1-1/4""";565
"Størrelse tommer";Norsk;"1-1/16""";"1-1/16""";120
"Størrelse tommer";Norsk;"1-1/2 x 1-5/8""";"1-1/2 x 1-5/8""";585
"Størrelse tommer";Norsk;"1-1/2""";"1-1/2""";190
"Størrelse tommer";Norsk;"1-1/4 x 1-5/16""";"1-1/4 x 1-5/16""";575
"Størrelse tommer";Norsk;"1-1/4""";"1-1/4""";150
"Størrelse tommer";Norsk;"1-1/8 x 1-3/16""";"1-1/8 x 1-3/16""";570
"Størrelse tommer";Norsk;"1-1/8""";"1-1/8""";130
"Størrelse tommer";Norsk;"1-11/16""";"1-11/16""";220
"Størrelse tommer";Norsk;"1-11/2""";"1-11/2""";215
"Størrelse tommer";Norsk;"1-13/16""";"1-13/16""";240
"Størrelse tommer";Norsk;"1-15/16""";"1-15/16""";260
"Størrelse tommer";Norsk;"1-3/16""";"1-3/16""";140
"Størrelse tommer";Norsk;"1-3/4""";"1-3/4""";230
"Størrelse tommer";Norsk;"1-3/8 x 1-7/16""";"1-3/8 x 1-7/16""";580
"Størrelse tommer";Norsk;"1-3/8""";"1-3/8""";170
"Størrelse tommer";Norsk;"1-5/16""";"1-5/16""";160
"Størrelse tommer";Norsk;"1-5/8""";"1-5/8""";210
"Størrelse tommer";Norsk;"1-7/16""";"1-7/16""";180
"Størrelse tommer";Norsk;"1-7/8""";"1-7/8""";250
"Størrelse tommer";Norsk;"1-9/16""";"1-9/16""";200
"Størrelse tommer";Norsk;"1/16""";"1/16""";2
"Størrelse tommer";Norsk;"1/2 x 9/16""";"1/2 x 9/16""";520
"Størrelse tommer";Norsk;"1/2""";"1/2""";40
"Størrelse tommer";Norsk;"1/4 x 15/64""";"1/4 x 15/64""";498
"Størrelse tommer";Norsk;"1/4 x 5/16""";"1/4 x 5/16""";500
"Størrelse tommer";Norsk;"1/4 x 9/32""";"1/4 x 9/32""";310
"Størrelse tommer";Norsk;"1/4""";"1/4""";10
"Størrelse tommer";Norsk;"1/8 x 1/8""";"1/8 x 1/8""";485
"Størrelse tommer";Norsk;"1/8""";"1/8""";6
"Størrelse tommer";Norsk;"10""";"10""";1000
"Størrelse tommer";Norsk;"11""";"11""";1100
"Størrelse tommer";Norsk;"11/16 x 13/16""";"11/16 x 13/16""";541
"Størrelse tommer";Norsk;"11/16 x 3/4""";"11/16 x 3/4""";540
"Størrelse tommer";Norsk;"11/16""";"11/16""";70
"Størrelse tommer";Norsk;"11/32 x 3/8""";"11/32 x 3/8""";506
"Størrelse tommer";Norsk;"11/32 x 5/16""";"11/32 x 5/16""";315
"Størrelse tommer";Norsk;"11/32""";"11/32""";12
"Størrelse tommer";Norsk;"12""";"12""";1200
"Størrelse tommer";Norsk;"13/16""";"13/16""";85
"Størrelse tommer";Norsk;"13/16"" x 15/16""";"13/16"" x 15/16""";546
"Størrelse tommer";Norsk;"13/32""";"13/32""";18
"Størrelse tommer";Norsk;"13/64 x 3/16""";"13/64 x 3/16""";300
"Størrelse tommer";Norsk;"13/64""";"13/64""";8
"Størrelse tommer";Norsk;"15""";"15""";1500
"Størrelse tommer";Norsk;"15/16 x 1""";"15/16 x 1""";550
"Størrelse tommer";Norsk;"15/16""";"15/16""";100
"Størrelse tommer";Norsk;"15/64 x 1/4""";"15/64 x 1/4""";497
"Størrelse tommer";Norsk;"15/64""";"15/64""";9
"Størrelse tommer";Norsk;"18""";"18""";1800
"Størrelse tommer";Norsk;"19/32""";"19/32""";41
"Størrelse tommer";Norsk;"2""";"2""";270
"Størrelse tommer";Norsk;"2-1/16""";"2-1/16""";280
"Størrelse tommer";Norsk;"2-1/2""";"2-1/2""";340
"Størrelse tommer";Norsk;"2-1/4""";"2-1/4""";310
"Størrelse tommer";Norsk;"2-1/8""";"2-1/8""";290
"Størrelse tommer";Norsk;"2-11/16""";"2-11/16""";365
"Størrelse tommer";Norsk;"2-13/16""";"2-13/16""";375
"Størrelse tommer";Norsk;"2-15/16""";"2-15/16""";380
"Størrelse tommer";Norsk;"2-3/16""";"2-3/16""";300
"Størrelse tommer";Norsk;"2-3/4""";"2-3/4""";370
"Størrelse tommer";Norsk;"2-3/8""";"2-3/8""";330
"Størrelse tommer";Norsk;"2-5/16""";"2-5/16""";320
"Størrelse tommer";Norsk;"2-5/8""";"2-5/8""";360
"Størrelse tommer";Norsk;"2-7/16""";"2-7/16""";345
"Størrelse tommer";Norsk;"2-7/8""";"2-7/8""";376
"Størrelse tommer";Norsk;"2-9/16""";"2-9/16""";350
"Størrelse tommer";Norsk;"20""";"20""";2000
"Størrelse tommer";Norsk;"21/32""";"21/32""";62
"Størrelse tommer";Norsk;"25""";"25""";2500
"Størrelse tommer";Norsk;"25/32""";"25/32""";81
"Størrelse tommer";Norsk;"3""";"3""";390
"Størrelse tommer";Norsk;"3-1/16""";"3-1/16""";395
"Størrelse tommer";Norsk;"3-1/2""";"3-1/2""";430
"Størrelse tommer";Norsk;"3-1/4""";"3-1/4""";410
"Størrelse tommer";Norsk;"3-1/8""";"3-1/8""";400
"Størrelse tommer";Norsk;"3-3/4""";"3-3/4""";450
"Størrelse tommer";Norsk;"3-3/8""";"3-3/8""";420
"Størrelse tommer";Norsk;"3-5/8""";"3-5/8""";440
"Størrelse tommer";Norsk;"3/16 x 3/16""";"3/16 x 3/16""";490
"Størrelse tommer";Norsk;"3/16 x 7/32""";"3/16 x 7/32""";492
"Størrelse tommer";Norsk;"3/16""";"3/16""";7
"Størrelse tommer";Norsk;"3/32""";"3/32""";2
"Størrelse tommer";Norsk;"3/4 x 13/16""";"3/4 x 13/16""";542
"Størrelse tommer";Norsk;"3/4 x 7/8""";"3/4 x 7/8""";545
"Størrelse tommer";Norsk;"3/4""";"3/4""";80
"Størrelse tommer";Norsk;"3/8 x 11/32""";"3/8 x 11/32""";509
"Størrelse tommer";Norsk;"3/8 x 7/16""";"3/8 x 7/16""";510
"Størrelse tommer";Norsk;"3/8""";"3/8""";20
"Størrelse tommer";Norsk;"30""";"30""";3000
"Størrelse tommer";Norsk;"31/32""";"31/32""";102
"Størrelse tommer";Norsk;"4""";"4""";475
"Størrelse tommer";Norsk;"5/16 x 11/32""";"5/16 x 11/32""";505
"Størrelse tommer";Norsk;"5/16 x 3/8""";"5/16 x 3/8""";505
"Størrelse tommer";Norsk;"5/16 x 9/32""";"5/16 x 9/32""";504
"Størrelse tommer";Norsk;"5/16""";"5/16""";11
"Størrelse tommer";Norsk;"5/32 x 5/32""";"5/32 x 5/32""";495
"Størrelse tommer";Norsk;"5/32""";"5/32""";5
"Størrelse tommer";Norsk;"5/64""";"5/64""";2
"Størrelse tommer";Norsk;"5/8 x 11/16""";"5/8 x 11/16""";535
"Størrelse tommer";Norsk;"5/8""";"5/8""";60
"Størrelse tommer";Norsk;"6""";"6""";600
"Størrelse tommer";Norsk;"7/16 x 1/2""";"7/16 x 1/2""";515
"Størrelse tommer";Norsk;"7/16""";"7/16""";30
"Størrelse tommer";Norsk;"7/32 x 15/64""";"7/32 x 15/64""";305
"Størrelse tommer";Norsk;"7/32""";"7/32""";9
"Størrelse tommer";Norsk;"7/64""";"7/64""";3
"Størrelse tommer";Norsk;"7/8""";"7/8""";90
"Størrelse tommer";Norsk;"7/8"" x 1""";"7/8"" x 1""";547
"Størrelse tommer";Norsk;"8""";"8""";800
"Størrelse tommer";Norsk;"9/16 x 5/8""";"9/16 x 5/8""";525
"Størrelse tommer";Norsk;"9/16""";"9/16""";50
"Størrelse tommer";Norsk;"9/32 x 5/16""";"9/32 x 5/16""";502
"Størrelse tommer";Norsk;"9/32""";"9/32""";11
"Størrelse tommer";Norsk;"9/64""";"9/64""";4
Systemvegg;Norsk;Produkter;Produkter;1
Systemvegg;Norsk;Tilbehør;Tilbehør;1
Temperatur;Norsk;"-30 / 90°C °C ((-22 / 194°F) °F)";"-30 / 90°C °C ((-22 / 194°F) °F)";1
Type;Norsk;"BM Type 1";"BM Type 1";1000
Type;Norsk;"BM Type 2";"BM Type 2";1020
Type;Norsk;"BM Type 3";"BM Type 3";1030
Type;Norsk;Fiber;Fiber;1
Type;Norsk;Filt;Filt;1
Type;Norsk;Fin;Fin;30
Type;Norsk;Grov;Grov;50
Type;Norsk;Gummi;Gummi;1
Type;Norsk;"Ikke Ventilert";"Ikke Ventilert";52
Type;Norsk;"Inkl. skuffer";"Inkl. skuffer";25
Type;Norsk;K120;K120;120
Type;Norsk;K40;K40;41
Type;Norsk;K60;K60;60
Type;Norsk;K80;K80;80
Type;Norsk;Liten;Liten;7
Type;Norsk;"m/ hjul";"m/ hjul";30
Type;Norsk;M12™;M12™;1
Type;Norsk;"M12™ HIGH OUTPUT™";"M12™ HIGH OUTPUT™";2
Type;Norsk;M18™;M18™;1
Type;Norsk;"M18™ FORGE™";"M18™ FORGE™";3
Type;Norsk;"M18™ HIGH OUTPUT™";"M18™ HIGH OUTPUT™";2
Type;Norsk;Medium;Medium;40
Type;Norsk;Nose;Nose;500
Type;Norsk;Nøytral;Nøytral;1
Type;Norsk;Packout™;Packout™;50
Type;Norsk;Prisme;Prisme;10
Type;Norsk;Rear;Rear;520
Type;Norsk;Riflet;Riflet;20
Type;Norsk;Stor;Stor;20
Type;Norsk;Ventilert;Ventilert;51
Type;Norsk;X1A;X1A;1
Type;Norsk;X2A;X2A;1
Type;Norsk;X3A;X3A;1
Type;Norsk;X4A;X4A;1
Type;Norsk;X5A;X5A;1
"Utv. mål (LxBxD)";Norsk;"1122 x 409 x 356 mm";"1122 x 409 x 356 mm";1
"Utv. mål (LxBxD)";Norsk;"1127x406x155 mm";"1127x406x155 mm";1
"Utv. mål (LxBxD)";Norsk;"1140 x 643 x 419 mm";"1140 x 643 x 419 mm";1
"Utv. mål (LxBxD)";Norsk;"1297x700x579 mm";"1297x700x579 mm";1
"Utv. mål (LxBxD)";Norsk;"1346 x 406 x 155 mm";"1346 x 406 x 155 mm";1
"Utv. mål (LxBxD)";Norsk;"149 x 103 x 54 mm";"149 x 103 x 54 mm";1
"Utv. mål (LxBxD)";Norsk;"170 x 99 x 47 mm";"170 x 99 x 47 mm";1
"Utv. mål (LxBxD)";Norsk;"173 x 121 x 54 mm";"173 x 121 x 54 mm";1
"Utv. mål (LxBxD)";Norsk;"191 x 129 x 54 mm";"191 x 129 x 54 mm";1
"Utv. mål (LxBxD)";Norsk;"191 x 98 x 62 mm";"191 x 98 x 62 mm";1
"Utv. mål (LxBxD)";Norsk;"203 x 129 x 79 mm";"203 x 129 x 79 mm";1
"Utv. mål (LxBxD)";Norsk;"214 x 172 x 98 mm";"214 x 172 x 98 mm";1
"Utv. mål (LxBxD)";Norsk;"240 x 198 x 109 mm";"240 x 198 x 109 mm";1
"Utv. mål (LxBxD)";Norsk;"251x142x67 mm";"251x142x67 mm";1
"Utv. mål (LxBxD)";Norsk;"270 x 246 x 124 mm";"270 x 246 x 124 mm";1
"Utv. mål (LxBxD)";Norsk;"270 x 246 x 174 mm";"270 x 246 x 174 mm";1
"Utv. mål (LxBxD)";Norsk;"296 x 212 x 96 mm";"296 x 212 x 96 mm";1
"Utv. mål (LxBxD)";Norsk;"300x249x119 mm";"300x249x119 mm";1
"Utv. mål (LxBxD)";Norsk;"347x295x146 mm";"347x295x146 mm";1
"Utv. mål (LxBxD)";Norsk;"397 x 315 x 64 mm";"397 x 315 x 64 mm";1
"Utv. mål (LxBxD)";Norsk;"409 x 331 x 175 mm";"409 x 331 x 175 mm";1
"Utv. mål (LxBxD)";Norsk;"417 x 221 x 334 mm";"417 x 221 x 334 mm";1
"Utv. mål (LxBxD)";Norsk;"428 x 358 x 235 mm";"428 x 358 x 235 mm";1
"Utv. mål (LxBxD)";Norsk;"429x336x114 mm";"429x336x114 mm";1
"Utv. mål (LxBxD)";Norsk;"471 x 357 x 175 mm";"471 x 357 x 175 mm";1
"Utv. mål (LxBxD)";Norsk;"499 x 393 x 191 mm";"499 x 393 x 191 mm";1
"Utv. mål (LxBxD)";Norsk;"500 x 305 x 457 mm";"500 x 305 x 457 mm";1
"Utv. mål (LxBxD)";Norsk;"500x305x457 mm";"500x305x457 mm";1
"Utv. mål (LxBxD)";Norsk;"505 x 354 x 119 mm";"505 x 354 x 119 mm";1
"Utv. mål (LxBxD)";Norsk;"521 x 521 x 489 mm";"521 x 521 x 489 mm";1
"Utv. mål (LxBxD)";Norsk;"525 x 435 x 216 mm";"525 x 435 x 216 mm";1
"Utv. mål (LxBxD)";Norsk;"530 x 323 x 324 mm";"530 x 323 x 324 mm";1
"Utv. mål (LxBxD)";Norsk;"538 x 405 x 190 mm / 21.18 x 15.94 x 7.48 inch";"538 x 405 x 190 mm / 21.18 x 15.94 x 7.48 inch";1
"Utv. mål (LxBxD)";Norsk;"558 x 355 x 228 mm";"558 x 355 x 228 mm";1
"Utv. mål (LxBxD)";Norsk;"559x351x229 mm";"559x351x229 mm";1
"Utv. mål (LxBxD)";Norsk;"561 x 455 x 265 mm";"561 x 455 x 265 mm";1
"Utv. mål (LxBxD)";Norsk;"572 x 570 x 540 mm";"572 x 570 x 540 mm";1
"Utv. mål (LxBxD)";Norsk;"608 x 375 x 456 mm";"608 x 375 x 456 mm";1
"Utv. mål (LxBxD)";Norsk;"618 x 494 x 222 mm";"618 x 494 x 222 mm";1
"Utv. mål (LxBxD)";Norsk;"628 x 497 x 303 mm";"628 x 497 x 303 mm";1
"Utv. mål (LxBxD)";Norsk;"630x492x352 mm";"630x492x352 mm";1
"Utv. mål (LxBxD)";Norsk;"673x673x641 mm";"673x673x641 mm";1
"Utv. mål (LxBxD)";Norsk;"691x699x414 mm";"691x699x414 mm";1
"Utv. mål (LxBxD)";Norsk;"733 x 426 x 232 mm";"733 x 426 x 232 mm";1
"Utv. mål (LxBxD)";Norsk;"795x615x444 mm";"795x615x444 mm";1
"Utv. mål (LxBxD)";Norsk;"828 x 467 x 280 mm";"828 x 467 x 280 mm";1
"Utv. mål (LxBxD)";Norsk;"896 x 483 x 383 mm";"896 x 483 x 383 mm";1
"Utv. mål (LxBxD)";Norsk;"953 x 689 x 365 mm";"953 x 689 x 365 mm";1
"Utv. mål (LxBxD)";Norsk;"968x406x155 mm";"968x406x155 mm";1
"Vekt (g)";Norsk;1000g;1000g;1000
"Vekt (g)";Norsk;100g;100g;100
"Vekt (g)";Norsk;10g;10g;10
"Vekt (g)";Norsk;110g;110g;110
"Vekt (g)";Norsk;120g;120g;120
"Vekt (g)";Norsk;1250g;1250g;1250
"Vekt (g)";Norsk;130g;130g;130
"Vekt (g)";Norsk;140g;140g;140
"Vekt (g)";Norsk;1500g;1500g;1500
"Vekt (g)";Norsk;150g;150g;150
"Vekt (g)";Norsk;160g;160g;160
"Vekt (g)";Norsk;170g;170g;170
"Vekt (g)";Norsk;180g;180g;180
"Vekt (g)";Norsk;190g;190g;190
"Vekt (g)";Norsk;2000g;2000g;2000
"Vekt (g)";Norsk;200g;200g;200
"Vekt (g)";Norsk;20g;20g;20
"Vekt (g)";Norsk;210g;210g;210
"Vekt (g)";Norsk;220g;220g;220
"Vekt (g)";Norsk;225g;225g;225
"Vekt (g)";Norsk;230g;230g;230
"Vekt (g)";Norsk;240g;240g;240
"Vekt (g)";Norsk;250g;250g;250
"Vekt (g)";Norsk;260g;260g;260
"Vekt (g)";Norsk;270g;270g;270
"Vekt (g)";Norsk;280g;280g;280
"Vekt (g)";Norsk;290g;290g;290
"Vekt (g)";Norsk;300g;300g;300
"Vekt (g)";Norsk;30g;30g;30
"Vekt (g)";Norsk;310g;310g;310
"Vekt (g)";Norsk;320g;320g;320
"Vekt (g)";Norsk;330g;330g;330
"Vekt (g)";Norsk;340g;340g;340
"Vekt (g)";Norsk;350g;350g;350
"Vekt (g)";Norsk;360g;360g;360
"Vekt (g)";Norsk;370g;370g;370
"Vekt (g)";Norsk;380g;380g;380
"Vekt (g)";Norsk;390g;390g;390
"Vekt (g)";Norsk;400g;400g;400
"Vekt (g)";Norsk;40g;40g;40
"Vekt (g)";Norsk;410g;410g;410
"Vekt (g)";Norsk;420g;420g;420
"Vekt (g)";Norsk;425g;425g;425
"Vekt (g)";Norsk;430g;430g;430
"Vekt (g)";Norsk;440g;440g;440
"Vekt (g)";Norsk;450g;450g;450
"Vekt (g)";Norsk;460g;460g;460
"Vekt (g)";Norsk;470g;470g;470
"Vekt (g)";Norsk;480g;480g;480
"Vekt (g)";Norsk;490g;490g;490
"Vekt (g)";Norsk;500g;500g;500
"Vekt (g)";Norsk;50g;50g;50
"Vekt (g)";Norsk;510g;510g;510
"Vekt (g)";Norsk;520g;520g;520
"Vekt (g)";Norsk;530g;530g;530
"Vekt (g)";Norsk;540g;540g;540
"Vekt (g)";Norsk;550g;550g;550
"Vekt (g)";Norsk;560g;560g;560
"Vekt (g)";Norsk;570g;570g;570
"Vekt (g)";Norsk;580g;580g;580
"Vekt (g)";Norsk;590g;590g;590
"Vekt (g)";Norsk;600g;600g;600
"Vekt (g)";Norsk;60g;60g;60
"Vekt (g)";Norsk;610g;610g;610
"Vekt (g)";Norsk;620g;620g;620
"Vekt (g)";Norsk;630g;630g;630
"Vekt (g)";Norsk;640g;640g;640
"Vekt (g)";Norsk;650g;650g;650
"Vekt (g)";Norsk;660g;660g;660
"Vekt (g)";Norsk;670g;670g;670
"Vekt (g)";Norsk;680g;680g;680
"Vekt (g)";Norsk;690g;690g;690
"Vekt (g)";Norsk;700g;700g;700
"Vekt (g)";Norsk;70g;70g;70
"Vekt (g)";Norsk;710g;710g;710
"Vekt (g)";Norsk;720g;720g;720
"Vekt (g)";Norsk;730g;730g;730
"Vekt (g)";Norsk;740g;740g;740
"Vekt (g)";Norsk;750g;750g;750
"Vekt (g)";Norsk;760g;760g;760
"Vekt (g)";Norsk;770g;770g;770
"Vekt (g)";Norsk;780g;780g;780
"Vekt (g)";Norsk;790g;790g;790
"Vekt (g)";Norsk;800g;800g;800
"Vekt (g)";Norsk;80g;80g;80
"Vekt (g)";Norsk;810g;810g;810
"Vekt (g)";Norsk;820g;820g;820
"Vekt (g)";Norsk;830g;830g;830
"Vekt (g)";Norsk;840g;840g;840
"Vekt (g)";Norsk;850g;850g;850
"Vekt (g)";Norsk;860g;860g;860
"Vekt (g)";Norsk;870g;870g;870
"Vekt (g)";Norsk;880g;880g;880
"Vekt (g)";Norsk;890g;890g;890
"Vekt (g)";Norsk;900g;900g;900
"Vekt (g)";Norsk;90g;90g;90
"Vekt (g)";Norsk;910g;910g;910
"Vekt (g)";Norsk;920g;920g;920
"Vekt (g)";Norsk;930g;930g;930
"Vekt (g)";Norsk;940g;940g;940
"Vekt (g)";Norsk;950g;950g;950
"Vekt (g)";Norsk;960g;960g;960
"Vekt (g)";Norsk;970g;970g;970
"Vekt (g)";Norsk;980g;980g;980
"Vekt (g)";Norsk;990g;990g;990
"Vekt (kg)";Norsk;"2,4 kg";"2,4 kg";1
"Vekt (kg)";Norsk;"22 kg inkl. skuffer";"22 kg inkl. skuffer";1
"Vekt (kg)";Norsk;"4,76 Kg";"4,76 Kg";1
"Vekt (kg)";Norsk;"9,3 kg";"9,3 kg";1
"Vekt tom / med skum";Norsk;"1,2 kg / 1,4 kg";"1,2 kg / 1,4 kg";1
"Vekt tom / med skum";Norsk;"1,8 kg / 2 kg";"1,8 kg / 2 kg";1
"Vekt tom / med skum";Norsk;"1,9 kg / 2,5 kg";"1,9 kg / 2,5 kg";1
"Vekt tom / med skum";Norsk;"11,1 kg / 11,8 kg";"11,1 kg / 11,8 kg";1
"Vekt tom / med skum";Norsk;"14,1 kg / 16,3 kg";"14,1 kg / 16,3 kg";1
"Vekt tom / med skum";Norsk;"14,5 kg / 18,6 kg";"14,5 kg / 18,6 kg";1
"Vekt tom / med skum";Norsk;"15,4 kg / 17,2 kg";"15,4 kg / 17,2 kg";1
"Vekt tom / med skum";Norsk;"35,9 kg / 43,1 kg";"35,9 kg / 43,1 kg";1
"Vekt tom / med skum";Norsk;"5,4 kg / 6,2 kg";"5,4 kg / 6,2 kg";1
"Vekt tom / med skum";Norsk;"500 g / 550 g";"500 g / 550 g";1
"Vekt tom / med skum";Norsk;"6,6 kg / 7,5 kg";"6,6 kg / 7,5 kg";1
"Vekt tom / med skum";Norsk;"7,3 kg / 7,7 kg";"7,3 kg / 7,7 kg";1
"Vekt tom / med skum";Norsk;"7,6 kg / 8,6 kg";"7,6 kg / 8,6 kg";1
Ventilert;Norsk;Ja;Ja;1
Ventilert;Norsk;Nei;Nei;2
Vinkel;Norsk;45°;45°;20
Vinkel;Norsk;90°;90°;30
Vinkel;Norsk;"Dbl 45°";"Dbl 45°";25
Vinkel;Norsk;Rett;Rett;10
"Vis Strukturbarn";Norsk;Ja;Ja;1
"Vogn med skuff";Norsk;Ja;Ja;1
Volt;Norsk;M12;M12;1
Volt;Norsk;M18;M18;1
Volum;Norsk;"41,40 Lt";"41,40 Lt";1
"VT Attributt";Norsk;"VERKTØY - ELBIL";"VERKTØY - ELBIL";1
"VT Attributt";Norsk;"VERKTØY - RUSTFRITT";"VERKTØY - RUSTFRITT";1
VV-Attributt;Norsk;Aviation;Aviation;1
VV-Attributt;Norsk;"Milwaukee Custom";"Milwaukee Custom";1
VV-Attributt;Norsk;Premium;Premium;1
VV-Attributt;Norsk;Spesial;Spesial;1
VV-Attributt;Norsk;Standard;Standard;1
"Web ikon";Norsk;04.08.2026;04.08.2026;1
"Web ikon";Norsk;"1/2"" DR";"1/2"" DR";120
"Web ikon";Norsk;"1/4"" DR.";"1/4"" DR.";115
"Web ikon";Norsk;"3/8"" DR.";"3/8"" DR.";117
"Web ikon";Norsk;Anbefalt;Anbefalt;20
"Web ikon";Norsk;ESD;ESD;1
"Web ikon";Norsk;Fuel;Fuel;85
"Web ikon";Norsk;Gaveeske;Gaveeske;5
"Web ikon";Norsk;Gravering;Gravering;1
"Web ikon";Norsk;HO;HO;111
"Web ikon";Norsk;"Inkl. HDFI";"Inkl. HDFI";50
"Web ikon";Norsk;Julekalender;Julekalender;1
"Web ikon";Norsk;Kampanje;Kampanje;30
"Web ikon";Norsk;M12;M12;70
"Web ikon";Norsk;M18;M18;80
"Web ikon";Norsk;Nyhet;Nyhet;10
"Web ikon";Norsk;OPTI_IP67;OPTI_IP67;1010
"Web ikon";Norsk;OPTI_LIFETIME;OPTI_LIFETIME;1000
"Web ikon";Norsk;OPTI_MILSPEC;OPTI_MILSPEC;1020
"Web ikon";Norsk;Outlet;Outlet;1
"Web ikon";Norsk;Packout;Packout;60
"Web ikon";Norsk;PMI_USA;PMI_USA;1
"Web ikon";Norsk;Ryddesalg;Ryddesalg;40
"Web ikon";Norsk;USA;USA;1
"Web ikon";Norsk;VDE;VDE;1
